entry_time,exit_time,pnl,side,source,matched_pattern,pattern,exit_reason,entry_price,exit_price
2025-06-20 20:49:00+00:00,2025-06-22 22:02:00+00:00,13.950000000000273,1,pattern,reversal_fvg_long,reversal_fvg_long,,,
2025-09-01 13:07:00+00:00,2025-09-01 13:54:00+00:00,-2.849999999999909,-1,v16_dip_short,,v16_dip_short,,,
2025-09-03 14:24:00+00:00,2025-09-03 15:09:00+00:00,0.669999999999618,-1,v16_dip_short,,v16_dip_short,,,
2025-09-04 10:09:00+00:00,2025-09-04 10:54:00+00:00,4.0300000000002,-1,v16_dip_short,,v16_dip_short,,,
2025-09-04 13:23:00+00:00,2025-09-04 14:24:00+00:00,13.309999999999945,-1,v16_dip_short,,v16_dip_short,,,
2025-09-05 16:08:00+00:00,2025-09-05 16:54:00+00:00,2.3299999999999272,-1,v16_dip_short,,v16_dip_short,,,
2025-09-09 12:09:00+00:00,2025-09-09 12:54:00+00:00,6.25,-1,v16_dip_short,,v16_dip_short,,,
2025-09-15 15:51:00+00:00,2025-09-15 16:38:00+00:00,-5.140000000000327,-1,v16_dip_short,,v16_dip_short,,,
2025-09-23 09:10:00+00:00,2025-09-23 10:09:00+00:00,-3.550000000000182,-1,v16_dip_short,,v16_dip_short,,,
2025-09-23 16:53:00+00:00,2025-09-23 17:39:00+00:00,0.42000000000007276,-1,v16_dip_short,,v16_dip_short,,,
2025-09-25 14:23:00+00:00,2025-09-25 15:09:00+00:00,2.6599999999998545,-1,v16_dip_short,,v16_dip_short,,,
2025-09-26 14:03:00+00:00,2025-09-26 14:52:00+00:00,-5.929999999999836,-1,v16_dip_short,,v16_dip_short,,,
2025-09-29 13:39:00+00:00,2025-09-29 14:24:00+00:00,1.8599999999996726,-1,v16_dip_short,,v16_dip_short,,,
2025-09-30 10:38:00+00:00,2025-09-30 11:23:00+00:00,0.6799999999998363,-1,v16_dip_short,,v16_dip_short,,,
2025-09-30 14:06:00+00:00,2025-09-30 14:51:00+00:00,-16.009999999999764,-1,v16_dip_short,,v16_dip_short,,,
2025-09-30 15:25:00+00:00,2025-09-30 16:10:00+00:00,-4.120000000000346,-1,v16_dip_short,,v16_dip_short,,,
2025-10-01 07:52:00+00:00,2025-10-01 08:38:00+00:00,-15.449999999999818,-1,v16_dip_short,,v16_dip_short,,,
2025-10-03 13:24:00+00:00,2025-10-03 14:09:00+00:00,8.730000000000018,-1,v16_dip_short,,v16_dip_short,,,
2025-10-03 14:50:00+00:00,2025-10-03 15:35:00+00:00,-7.269999999999982,-1,v16_dip_short,,v16_dip_short,,,
2025-10-06 14:35:00+00:00,2025-10-06 15:24:00+00:00,4.550000000000182,-1,v16_dip_short,,v16_dip_short,,,
2025-10-06 16:21:00+00:00,2025-10-06 17:09:00+00:00,-3.900000000000091,-1,v16_dip_short,,v16_dip_short,,,
2025-10-07 16:24:00+00:00,2025-10-07 17:09:00+00:00,-10.900000000000091,-1,v16_dip_short,,v16_dip_short,,,
2025-10-08 15:25:00+00:00,2025-10-08 16:10:00+00:00,-4.279999999999745,-1,v16_dip_short,,v16_dip_short,,,
2025-10-08 19:52:00+00:00,2025-10-08 20:39:00+00:00,5.929999999999836,-1,v16_dip_short,,v16_dip_short,,,
2025-10-09 14:39:00+00:00,2025-10-09 15:24:00+00:00,-7.910000000000309,-1,v16_dip_short,,v16_dip_short,,,
2025-10-10 07:54:00+00:00,2025-10-10 08:54:00+00:00,-19.309999999999945,-1,v16_dip_short,,v16_dip_short,,,
2025-10-10 12:19:00+00:00,2025-10-10 13:04:00+00:00,12.360000000000127,-1,v16_dip_short,,v16_dip_short,,,
2025-10-10 13:25:00+00:00,2025-10-10 14:21:00+00:00,6.170000000000073,-1,v16_dip_short,,v16_dip_short,,,
2025-10-10 17:38:00+00:00,2025-10-10 18:23:00+00:00,-19.710000000000036,-1,v16_dip_short,,v16_dip_short,,,
2025-10-10 18:24:00+00:00,2025-10-10 19:37:00+00:00,-0.40000000000009095,-1,v16_dip_short,,v16_dip_short,,,
2025-10-13 13:55:00+00:00,2025-10-13 14:40:00+00:00,-2.3200000000001637,-1,v16_dip_short,,v16_dip_short,,,
2025-10-14 08:03:00+00:00,2025-10-14 08:53:00+00:00,-11.36999999999989,-1,v16_dip_short,,v16_dip_short,,,
2025-10-14 10:47:00+00:00,2025-10-14 13:15:00+00:00,16.969999999999345,-1,v16_momentum,,v16_momentum,,,
2025-10-14 13:37:00+00:00,2025-10-14 14:23:00+00:00,-18.48999999999978,-1,v16_dip_short,,v16_dip_short,,,
2025-10-14 16:50:00+00:00,2025-10-14 17:54:00+00:00,2.6400000000003274,-1,v16_dip_short,,v16_dip_short,,,
2025-10-15 08:47:00+00:00,2025-10-15 08:59:00+00:00,-4.9399999999996,1,v16_momentum,,v16_momentum,,,
2025-10-15 16:47:00+00:00,2025-10-15 17:12:00+00:00,-6.269999999999527,1,v16_momentum,,v16_momentum,,,
2025-10-15 17:41:00+00:00,2025-10-16 05:41:00+00:00,17.029999999999745,1,v16_momentum,,v16_momentum,,,
2025-10-16 14:53:00+00:00,2025-10-16 15:39:00+00:00,-9.420000000000073,-1,v16_dip_short,,v16_dip_short,,,
2025-10-16 17:37:00+00:00,2025-10-16 18:22:00+00:00,8.359999999999673,-1,v16_dip_short,,v16_dip_short,,,
2025-10-16 22:06:00+00:00,2025-10-16 22:09:00+00:00,20.0,1,pattern,uptrend_retrace,uptrend_retrace,,,
2025-10-16 22:15:00+00:00,2025-10-16 22:18:00+00:00,20.0,1,pattern,uptrend_retrace,uptrend_retrace,,,
2025-10-16 23:02:00+00:00,2025-10-16 23:08:00+00:00,20.0,1,pattern,uptrend_retrace,uptrend_retrace,,,
2025-10-16 23:37:00+00:00,2025-10-16 23:50:00+00:00,24.229999999999563,1,pattern,uptrend_retrace,uptrend_retrace,,,
2025-10-17 01:18:00+00:00,2025-10-17 02:09:00+00:00,-3.369999999999891,-1,pattern,reversal_fvg_short,reversal_fvg_short,,,
2025-10-17 02:24:00+00:00,2025-10-17 02:31:00+00:00,20.0,1,pattern,uptrend_retrace,uptrend_retrace,,,
2025-10-17 03:02:00+00:00,2025-10-17 03:15:00+00:00,20.0,1,pattern,uptrend_retrace,uptrend_retrace,,,
2025-10-17 06:35:00+00:00,2025-10-17 06:50:00+00:00,-11.429999999999382,-1,pattern,downtrend_retrace,downtrend_retrace,,,
2025-10-17 07:06:00+00:00,2025-10-17 07:20:00+00:00,40.07999999999993,-1,pattern,downtrend_retrace,downtrend_retrace,,,
2025-10-17 08:19:00+00:00,2025-10-17 09:08:00+00:00,1.139999999999418,-1,v16_dip_short,,v16_dip_short,,,
2025-10-17 12:33:00+00:00,2025-10-17 13:24:00+00:00,-6.5600000000004,-1,v16_dip_short,,v16_dip_short,,,
2025-10-17 17:56:00+00:00,2025-10-17 18:11:00+00:00,20.86999999999989,1,pattern,uptrend_retrace,uptrend_retrace,,,
2025-10-17 19:51:00+00:00,2025-10-17 20:37:00+00:00,-20.420000000000073,-1,v16_dip_short,,v16_dip_short,,,
2025-10-20 07:08:00+00:00,2025-10-20 07:53:00+00:00,-13.840000000000146,-1,v16_dip_short,,v16_dip_short,,,
2025-10-20 08:10:00+00:00,2025-10-20 08:55:00+00:00,4.910000000000764,-1,v16_dip_short,,v16_dip_short,,,
2025-10-20 12:34:00+00:00,2025-10-20 13:19:00+00:00,-16.029999999999745,-1,v16_dip_short,,v16_dip_short,,,
2025-10-21 07:58:00+00:00,2025-10-21 08:14:00+00:00,52.850000000000364,-1,pattern,reversal_fvg_short,reversal_fvg_short,,,
2025-10-21 12:02:00+00:00,2025-10-21 12:18:00+00:00,27.0,-1,pattern,downtrend_retrace,downtrend_retrace,,,
2025-10-21 14:04:00+00:00,2025-10-21 14:45:00+00:00,79.6299999999992,-1,pattern,reversal_fvg_short,reversal_fvg_short,,,
2025-10-21 14:50:00+00:00,2025-10-21 15:11:00+00:00,35.909999999999854,1,pattern,uptrend_retrace,uptrend_retrace,,,
2025-10-21 15:32:00+00:00,2025-10-21 15:55:00+00:00,17.359999999999673,1,pattern,uptrend_retrace,uptrend_retrace,,,
2025-10-21 16:06:00+00:00,2025-10-21 16:38:00+00:00,35.0,-1,v16_dip_short,,v16_dip_short,,,
2025-10-21 23:51:00+00:00,2025-10-22 00:10:00+00:00,90.24000000000024,-1,pattern,breakthrough_short,breakthrough_short,,,
2025-10-22 00:15:00+00:00,2025-10-22 00:48:00+00:00,52.559999999999945,1,pattern,uptrend_retrace,uptrend_retrace,,,
2025-10-22 00:56:00+00:00,2025-10-22 01:06:00+00:00,27.889999999999873,1,pattern,uptrend_retrace,uptrend_retrace,,,
2025-10-22 01:55:00+00:00,2025-10-22 02:13:00+00:00,26.299999999999727,1,pattern,uptrend_retrace,uptrend_retrace,,,
2025-10-22 03:23:00+00:00,2025-10-22 03:37:00+00:00,21.390000000000327,1,pattern,uptrend_retrace,uptrend_retrace,,,
2025-10-22 07:58:00+00:00,2025-10-22 08:15:00+00:00,58.5,-1,pattern,downtrend_retrace,downtrend_retrace,,,
2025-10-22 10:31:00+00:00,2025-10-22 10:43:00+00:00,40.0,-1,pattern,downtrend_retrace,downtrend_retrace,,,
2025-10-22 10:49:00+00:00,2025-10-22 11:07:00+00:00,19.789999999999964,-1,pattern,downtrend_retrace,downtrend_retrace,,,
2025-10-22 12:39:00+00:00,2025-10-22 13:24:00+00:00,-11.299999999999727,-1,v16_dip_short,,v16_dip_short,,,
2025-10-22 13:24:00+00:00,2025-10-22 13:39:00+00:00,21.960000000000036,1,pattern,uptrend_retrace,uptrend_retrace,,,
2025-10-22 14:19:00+00:00,2025-10-22 14:39:00+00:00,35.0,-1,v16_dip_short,,v16_dip_short,,,
2025-10-22 15:49:00+00:00,2025-10-22 16:02:00+00:00,-9.019999999999982,1,v16_momentum,,v16_momentum,,,
2025-10-22 16:18:00+00:00,2025-10-22 22:15:00+00:00,65.02999999999975,1,v16_momentum,,v16_momentum,,,
2025-10-23 09:02:00+00:00,2025-10-23 09:05:00+00:00,-3.3799999999991996,1,v16_momentum,,v16_momentum,,,
2025-10-23 09:55:00+00:00,2025-10-23 10:40:00+00:00,4.0900000000001455,-1,v16_dip_short,,v16_dip_short,,,
2025-10-23 14:07:00+00:00,2025-10-23 15:38:00+00:00,8.109999999999673,-1,v16_dip_short,,v16_dip_short,,,
2025-10-23 16:32:00+00:00,2025-10-23 16:42:00+00:00,-7.650000000000546,1,v16_momentum,,v16_momentum,,,
2025-10-23 17:38:00+00:00,2025-10-23 18:24:00+00:00,-5.170000000000073,-1,v16_dip_short,,v16_dip_short,,,
2025-10-24 12:52:00+00:00,2025-10-24 13:07:00+00:00,25.580000000000382,1,pattern,uptrend_retrace,uptrend_retrace,,,
2025-10-24 13:59:00+00:00,2025-10-24 14:12:00+00:00,20.470000000000255,1,pattern,uptrend_retrace,uptrend_retrace,,,
2025-10-24 17:32:00+00:00,2025-10-26 22:05:00+00:00,40.57999999999993,-1,v16_momentum,,v16_momentum,,,
2025-10-26 22:08:00+00:00,2025-10-26 22:14:00+00:00,-25.0,-1,energetic,,energetic,,,
2025-10-26 22:48:00+00:00,2025-10-26 23:18:00+00:00,-13.349999999999909,-1,energetic,,energetic,,,
2025-10-27 08:56:00+00:00,2025-10-27 09:29:00+00:00,-8.730000000000018,-1,energetic,,energetic,,,
2025-10-27 10:09:00+00:00,2025-10-27 11:24:00+00:00,17.320000000000164,-1,v16_dip_short,,v16_dip_short,,,
2025-10-27 16:39:00+00:00,2025-10-27 17:24:00+00:00,-5.120000000000346,-1,v16_dip_short,,v16_dip_short,,,
2025-10-28 11:23:00+00:00,2025-10-28 12:09:00+00:00,-5.5099999999997635,-1,v16_dip_short,,v16_dip_short,,,
2025-10-28 13:25:00+00:00,2025-10-28 14:39:00+00:00,-15.019999999999982,-1,v16_dip_short,,v16_dip_short,,,
2025-10-29 08:01:00+00:00,2025-10-29 08:22:00+00:00,5.0,1,pattern,reversal_fvg_long,reversal_fvg_long,,,
2025-10-29 10:24:00+00:00,2025-10-29 11:09:00+00:00,3.0299999999997453,-1,v16_dip_short,,v16_dip_short,,,
2025-10-29 17:39:00+00:00,2025-10-29 18:36:00+00:00,35.0,-1,v16_dip_short,,v16_dip_short,,,
2025-10-30 04:32:00+00:00,2025-10-30 04:48:00+00:00,10.790000000000418,1,pattern,reversal_fvg_long,reversal_fvg_long,,,
2025-10-30 09:06:00+00:00,2025-10-30 09:24:00+00:00,7.1599999999998545,1,pattern,reversal_fvg_long,reversal_fvg_long,,,
2025-10-30 12:07:00+00:00,2025-10-30 12:52:00+00:00,8.179999999999836,-1,v16_dip_short,,v16_dip_short,,,
2025-10-30 13:06:00+00:00,2025-10-30 13:54:00+00:00,-14.489999999999782,-1,v16_dip_short,,v16_dip_short,,,
2025-10-31 12:23:00+00:00,2025-10-31 13:08:00+00:00,-8.450000000000273,-1,v16_dip_short,,v16_dip_short,,,
2025-11-03 19:54:00+00:00,2025-11-03 20:39:00+00:00,-3.3600000000001273,-1,v16_dip_short,,v16_dip_short,,,
2025-11-04 08:23:00+00:00,2025-11-04 09:08:00+00:00,4.5300000000002,-1,v16_dip_short,,v16_dip_short,,,
2025-11-04 13:10:00+00:00,2025-11-04 13:55:00+00:00,14.239999999999782,-1,v16_dip_short,,v16_dip_short,,,
2025-11-05 13:24:00+00:00,2025-11-05 14:09:00+00:00,-2.3299999999999272,-1,v16_dip_short,,v16_dip_short,,,
2025-11-07 16:35:00+00:00,2025-11-07 17:20:00+00:00,23.450000000000273,-1,v16_dip_short,,v16_dip_short,,,
2025-11-10 12:55:00+00:00,2025-11-10 13:40:00+00:00,2.3900000000003274,-1,v16_dip_short,,v16_dip_short,,,
2025-11-10 15:22:00+00:00,2025-11-10 16:08:00+00:00,3.869999999999891,-1,v16_dip_short,,v16_dip_short,,,
2025-11-11 08:07:00+00:00,2025-11-11 08:52:00+00:00,-0.6099999999996726,-1,v16_dip_short,,v16_dip_short,,,
2025-11-12 14:09:00+00:00,2025-11-12 14:54:00+00:00,-6.019999999999527,-1,v16_dip_short,,v16_dip_short,,,
2025-11-12 15:17:00+00:00,2025-11-12 16:35:00+00:00,-26.859999999999673,-1,v16_dip_short,,v16_dip_short,,,
2025-11-13 08:16:00+00:00,2025-11-13 08:46:00+00:00,1.4000000000005457,1,energetic,,energetic,,,
2025-11-13 17:51:00+00:00,2025-11-13 18:32:00+00:00,35.0,-1,v16_dip_short,,v16_dip_short,,,
2025-11-13 19:19:00+00:00,2025-11-13 20:24:00+00:00,-7.769999999999527,-1,v16_dip_short,,v16_dip_short,,,
2025-11-14 11:17:00+00:00,2025-11-14 11:40:00+00:00,-9.710000000000036,-1,v16_momentum,,v16_momentum,,,
2025-11-14 12:04:00+00:00,2025-11-16 23:01:00+00:00,49.499999999999545,-1,v16_momentum,,v16_momentum,,,
2025-11-17 11:35:00+00:00,2025-11-17 12:22:00+00:00,-4.539999999999964,-1,v16_dip_short,,v16_dip_short,,,
2025-11-17 14:39:00+00:00,2025-11-17 15:24:00+00:00,1.6900000000000546,-1,v16_dip_short,,v16_dip_short,,,
2025-11-17 20:51:00+00:00,2025-11-17 21:37:00+00:00,-7.129999999999654,-1,v16_dip_short,,v16_dip_short,,,
2025-11-18 08:41:00+00:00,2025-11-18 09:10:00+00:00,-6.360000000000127,1,pattern,reversal_fvg_long,reversal_fvg_long,,,
2025-11-18 13:38:00+00:00,2025-11-18 14:11:00+00:00,5.3400000000001455,1,pattern,reversal_fvg_long,reversal_fvg_long,,,
2025-11-19 17:51:00+00:00,2025-11-19 18:37:00+00:00,-3.2100000000000364,-1,v16_dip_short,,v16_dip_short,,,
2025-11-20 09:37:00+00:00,2025-11-20 10:22:00+00:00,3.5300000000002,-1,v16_dip_short,,v16_dip_short,,,
2025-11-20 13:07:00+00:00,2025-11-20 15:04:00+00:00,-1.9299999999998363,-1,v16_dip_short,,v16_dip_short,,,
2025-11-20 18:02:00+00:00,2025-11-20 23:45:00+00:00,19.110000000000127,1,v16_momentum,,v16_momentum,,,
2025-11-21 09:47:00+00:00,2025-11-21 12:00:00+00:00,16.879999999999654,-1,v16_momentum,,v16_momentum,,,
2025-11-21 12:32:00+00:00,2025-11-21 13:04:00+00:00,-1.0399999999999636,1,pattern,reversal_fvg_long,reversal_fvg_long,,,
2025-11-21 16:52:00+00:00,2025-11-21 17:37:00+00:00,14.890000000000327,-1,v16_dip_short,,v16_dip_short,,,
2025-11-24 18:48:00+00:00,2025-11-25 07:00:00+00:00,31.55999999999949,1,v16_momentum,,v16_momentum,,,
2025-11-25 10:17:00+00:00,2025-11-25 10:25:00+00:00,-8.829999999999927,1,v16_momentum,,v16_momentum,,,
2025-11-25 11:17:00+00:00,2025-11-25 12:44:00+00:00,-8.479999999999563,1,v16_momentum,,v16_momentum,,,
2025-11-25 13:02:00+00:00,2025-11-25 13:45:00+00:00,15.239999999999782,1,v16_momentum,,v16_momentum,,,
2025-11-25 17:34:00+00:00,2025-11-25 18:19:00+00:00,11.460000000000036,-1,v16_dip_short,,v16_dip_short,,,
2025-11-28 14:39:00+00:00,2025-11-28 15:24:00+00:00,11.890000000000327,-1,v16_dip_short,,v16_dip_short,,,
2025-12-01 01:59:00+00:00,2025-12-01 02:14:00+00:00,-5.5,1,pattern,reversal_fvg_long,reversal_fvg_long,,,
2025-12-02 01:14:00+00:00,2025-12-02 01:44:00+00:00,-10.530000000000655,-1,energetic,,energetic,,,
2025-12-02 09:17:00+00:00,2025-12-02 13:00:00+00:00,-6.800000000000182,-1,v16_momentum,,v16_momentum,,,
2025-12-02 14:51:00+00:00,2025-12-02 15:25:00+00:00,35.0,-1,v16_dip_short,,v16_dip_short,,,
2025-12-02 16:37:00+00:00,2025-12-02 17:22:00+00:00,-4.639999999999418,-1,v16_dip_short,,v16_dip_short,,,
2025-12-04 14:10:00+00:00,2025-12-04 14:55:00+00:00,-0.03999999999996362,-1,v16_dip_short,,v16_dip_short,,,
2025-12-10 19:35:00+00:00,2025-12-10 20:20:00+00:00,-23.920000000000073,-1,v16_dip_short,,v16_dip_short,,,
2025-12-11 15:52:00+00:00,2025-12-11 16:37:00+00:00,0.07999999999992724,-1,v16_dip_short,,v16_dip_short,,,
2025-12-11 19:05:00+00:00,2025-12-11 19:51:00+00:00,-3.8100000000004,-1,v16_dip_short,,v16_dip_short,,,
2025-12-12 10:39:00+00:00,2025-12-12 11:24:00+00:00,-11.1899999999996,-1,v16_dip_short,,v16_dip_short,,,
2025-12-15 14:02:00+00:00,2025-12-15 16:45:00+00:00,40.5,-1,v16_momentum,,v16_momentum,,,
2025-12-15 18:39:00+00:00,2025-12-15 19:24:00+00:00,-2.5,-1,v16_dip_short,,v16_dip_short,,,
2025-12-16 17:02:00+00:00,2025-12-16 18:22:00+00:00,-7.210000000000036,1,v16_momentum,,v16_momentum,,,
2025-12-16 18:37:00+00:00,2025-12-16 19:22:00+00:00,0.5700000000006185,-1,v16_dip_short,,v16_dip_short,,,
2025-12-17 08:52:00+00:00,2025-12-17 09:37:00+00:00,-1.069999999999709,-1,v16_dip_short,,v16_dip_short,,,
2025-12-17 13:17:00+00:00,2025-12-18 04:45:00+00:00,1.5799999999999272,1,v16_momentum,,v16_momentum,,,
2025-12-22 15:47:00+00:00,2025-12-23 03:47:00+00:00,56.30000000000018,1,v16_momentum,,v16_momentum,,,
2025-12-23 15:40:00+00:00,2025-12-23 16:25:00+00:00,-8.6899999999996,-1,v16_dip_short,,v16_dip_short,,,
2025-12-23 19:06:00+00:00,2025-12-23 19:51:00+00:00,3.8499999999994543,-1,v16_dip_short,,v16_dip_short,,,
2025-12-24 16:37:00+00:00,2025-12-24 17:22:00+00:00,-5.850000000000364,-1,v16_dip_short,,v16_dip_short,,,
2025-12-26 15:39:00+00:00,2025-12-26 16:24:00+00:00,0.41999999999916326,-1,v16_dip_short,,v16_dip_short,,,
2025-12-26 18:47:00+00:00,2025-12-28 23:02:00+00:00,17.980000000000473,1,v16_momentum,,v16_momentum,,,
2025-12-29 01:04:00+00:00,2025-12-29 01:19:00+00:00,5.510000000000218,1,pattern,uptrend_retrace,uptrend_retrace,,,
2025-12-29 08:32:00+00:00,2025-12-29 23:01:00+00:00,139.51000000000022,-1,v16_momentum,,v16_momentum,,,
2025-12-31 05:51:00+00:00,2025-12-31 06:31:00+00:00,-6.549999999999272,-1,energetic,,energetic,,,
2025-12-31 12:40:00+00:00,2025-12-31 13:25:00+00:00,-10.359999999999673,-1,v16_dip_short,,v16_dip_short,,,
2026-01-02 13:21:00+00:00,2026-01-02 13:51:00+00:00,22.670000000000073,-1,energetic,,energetic,,,
2026-01-05 13:47:00+00:00,2026-01-06 03:00:00+00:00,41.899999999999636,1,v16_momentum,,v16_momentum,,,
2026-01-07 01:36:00+00:00,2026-01-07 01:51:00+00:00,-2.3299999999999272,-1,pattern,reversal_fvg_short,reversal_fvg_short,,,
2026-01-07 13:02:00+00:00,2026-01-07 13:56:00+00:00,-5.170000000000073,-1,v16_momentum,,v16_momentum,,,
2026-01-07 14:54:00+00:00,2026-01-07 15:39:00+00:00,-1.1599999999998545,-1,v16_dip_short,,v16_dip_short,,,
2026-01-08 06:07:00+00:00,2026-01-08 06:23:00+00:00,-5.460000000000036,-1,pattern,reversal_fvg_short,reversal_fvg_short,,,
2026-01-08 08:02:00+00:00,2026-01-08 08:09:00+00:00,-2.380000000000109,-1,v16_momentum,,v16_momentum,,,
2026-01-09 15:24:00+00:00,2026-01-09 16:24:00+00:00,5.739999999999782,-1,v16_dip_short,,v16_dip_short,,,
2026-01-12 14:21:00+00:00,2026-01-12 15:06:00+00:00,-16.300000000000182,-1,v16_dip_short,,v16_dip_short,,,
2026-01-13 14:50:00+00:00,2026-01-13 15:35:00+00:00,22.579999999999927,-1,v16_dip_short,,v16_dip_short,,,
2026-01-14 08:36:00+00:00,2026-01-14 09:00:00+00:00,-4.329999999999927,-1,pattern,reversal_fvg_short,reversal_fvg_short,,,
2026-01-14 10:06:00+00:00,2026-01-14 10:58:00+00:00,-0.9399999999995998,-1,pattern,reversal_fvg_short,reversal_fvg_short,,,
2026-01-14 21:52:00+00:00,2026-01-14 23:01:00+00:00,-1.7299999999995634,-1,pattern,reversal_fvg_short,reversal_fvg_short,,,
2026-01-15 03:15:00+00:00,2026-01-15 03:47:00+00:00,-2.0100000000002183,-1,pattern,reversal_fvg_short,reversal_fvg_short,,,
2026-01-15 14:48:00+00:00,2026-01-15 15:35:00+00:00,-4.5900000000001455,-1,v16_dip_short,,v16_dip_short,,,
2026-01-16 15:05:00+00:00,2026-01-16 15:27:00+00:00,35.0,-1,v16_dip_short,,v16_dip_short,,,
2026-01-16 16:22:00+00:00,2026-01-16 17:08:00+00:00,0.4399999999995998,-1,v16_dip_short,,v16_dip_short,,,
2026-01-20 13:47:00+00:00,2026-01-21 03:45:00+00:00,110.27000000000044,1,v16_momentum,,v16_momentum,,,
2026-01-21 08:07:00+00:00,2026-01-21 08:52:00+00:00,4.890000000000327,-1,v16_dip_short,,v16_dip_short,,,
2026-01-21 09:34:00+00:00,2026-01-21 09:59:00+00:00,-10.339999999999236,1,v16_momentum,,v16_momentum,,,
2026-01-21 14:12:00+00:00,2026-01-21 16:15:00+00:00,-6.25,-1,pattern,downtrend_retrace,downtrend_retrace,,,
2026-01-21 19:33:00+00:00,2026-01-22 01:15:00+00:00,19.049999999999272,-1,v16_momentum,,v16_momentum,,,
2026-01-22 14:33:00+00:00,2026-01-22 15:24:00+00:00,-2.180000000000291,-1,v16_dip_short,,v16_dip_short,,,
2026-01-22 15:35:00+00:00,2026-01-22 16:21:00+00:00,-12.769999999999527,-1,v16_dip_short,,v16_dip_short,,,
2026-01-22 16:39:00+00:00,2026-01-22 17:24:00+00:00,-4.460000000000036,-1,v16_dip_short,,v16_dip_short,,,
2026-01-22 17:54:00+00:00,2026-01-22 18:39:00+00:00,-10.180000000000291,-1,v16_dip_short,,v16_dip_short,,,
2026-01-23 09:47:00+00:00,2026-01-25 23:01:00+00:00,102.80999999999949,1,v16_momentum,,v16_momentum,,,
2026-01-26 10:40:00+00:00,2026-01-26 11:25:00+00:00,9.840000000000146,-1,v16_dip_short,,v16_dip_short,,,
2026-01-26 16:02:00+00:00,2026-01-26 16:28:00+00:00,-13.050000000000182,1,v16_momentum,,v16_momentum,,,
2026-01-26 17:33:00+00:00,2026-01-26 18:19:00+00:00,3.630000000000109,-1,v16_dip_short,,v16_dip_short,,,
2026-01-26 20:52:00+00:00,2026-01-26 21:21:00+00:00,35.0,-1,v16_dip_short,,v16_dip_short,,,
2026-01-27 10:47:00+00:00,2026-01-27 11:09:00+00:00,-5.489999999999782,-1,v16_momentum,,v16_momentum,,,
2026-01-27 13:32:00+00:00,2026-01-27 14:30:00+00:00,13.890000000000327,-1,v16_momentum,,v16_momentum,,,
2026-01-27 15:03:00+00:00,2026-01-27 15:50:00+00:00,-23.920000000000073,-1,v16_dip_short,,v16_dip_short,,,
2026-01-27 19:58:00+00:00,2026-01-27 20:11:00+00:00,40.0,1,pattern,breakthrough_long,breakthrough_long,,,
2026-01-27 20:50:00+00:00,2026-01-27 21:39:00+00:00,-21.48999999999978,-1,v16_dip_short,,v16_dip_short,,,
2026-01-27 21:39:00+00:00,2026-01-27 23:01:00+00:00,-5.220000000000255,1,pattern,reversal_fvg_long,reversal_fvg_long,,,
2026-01-28 01:46:00+00:00,2026-01-28 01:59:00+00:00,-15.0,1,pattern,reversal_fvg_long,reversal_fvg_long,,,
2026-01-28 02:28:00+00:00,2026-01-28 02:57:00+00:00,9.889999999999418,1,pattern,reversal_fvg_long,reversal_fvg_long,,,
2026-01-28 05:42:00+00:00,2026-01-28 05:58:00+00:00,-3.899999999999636,1,pattern,reversal_fvg_long,reversal_fvg_long,,,
2026-01-28 08:01:00+00:00,2026-01-28 08:25:00+00:00,4.970000000000255,1,pattern,reversal_fvg_long,reversal_fvg_long,,,
2026-01-28 08:31:00+00:00,2026-01-28 08:45:00+00:00,-15.0,1,pattern,reversal_fvg_long,reversal_fvg_long,,,
2026-01-28 15:24:00+00:00,2026-01-28 16:53:00+00:00,-19.25,-1,v16_dip_short,,v16_dip_short,,,
2026-01-28 17:52:00+00:00,2026-01-28 19:09:00+00:00,16.890000000000327,-1,v16_dip_short,,v16_dip_short,,,
2026-01-28 19:35:00+00:00,2026-01-28 19:57:00+00:00,-35.0,-1,v16_dip_short,,v16_dip_short,,,
2026-01-28 20:19:00+00:00,2026-01-28 20:36:00+00:00,-35.0,-1,v16_dip_short,,v16_dip_short,,,
2026-01-28 21:49:00+00:00,2026-01-28 23:01:00+00:00,50.06999999999971,1,pattern,breakthrough_long,breakthrough_long,,,
2026-01-28 23:03:00+00:00,2026-01-28 23:19:00+00:00,49.79999999999927,1,pattern,breakthrough_long,breakthrough_long,,,
2026-01-28 23:25:00+00:00,2026-01-28 23:38:00+00:00,66.90000000000055,1,pattern,breakthrough_long,breakthrough_long,,,
2026-01-29 00:19:00+00:00,2026-01-29 00:20:00+00:00,-15.0,1,pattern,uptrend_retrace,uptrend_retrace,,,
2026-01-29 01:05:00+00:00,2026-01-29 01:09:00+00:00,-15.0,1,pattern,uptrend_retrace,uptrend_retrace,,,
2026-01-29 01:15:00+00:00,2026-01-29 01:24:00+00:00,33.85999999999967,1,pattern,uptrend_retrace,uptrend_retrace,,,
2026-01-29 03:05:00+00:00,2026-01-29 03:35:00+00:00,21.420000000000073,1,energetic,,energetic,,,
2026-01-29 07:29:00+00:00,2026-01-29 07:44:00+00:00,-11.329999999999927,-1,pattern,downtrend_retrace,downtrend_retrace,,,
2026-01-29 08:06:00+00:00,2026-01-29 08:24:00+00:00,-2.869999999999891,-1,pattern,downtrend_retrace,downtrend_retrace,,,
2026-01-29 08:47:00+00:00,2026-01-29 09:32:00+00:00,-18.399999999999636,-1,energetic,,energetic,,,
2026-01-29 11:49:00+00:00,2026-01-29 12:39:00+00:00,-5.539999999999964,-1,v16_dip_short,,v16_dip_short,,,
2026-01-29 12:49:00+00:00,2026-01-29 13:39:00+00:00,16.210000000000036,-1,v16_dip_short,,v16_dip_short,,,
2026-01-29 14:08:00+00:00,2026-01-29 14:54:00+00:00,18.30999999999949,-1,v16_dip_short,,v16_dip_short,,,
2026-01-29 16:50:00+00:00,2026-01-29 16:52:00+00:00,35.0,-1,v16_dip_short,,v16_dip_short,,,
2026-01-29 17:18:00+00:00,2026-01-29 17:26:00+00:00,-35.0,-1,v16_dip_short,,v16_dip_short,,,
2026-01-29 17:38:00+00:00,2026-01-29 17:56:00+00:00,38.150000000000546,-1,v16_dip_short,,v16_dip_short,,,
2026-01-29 18:32:00+00:00,2026-01-29 19:11:00+00:00,35.0,-1,v16_dip_short,,v16_dip_short,,,
2026-01-29 20:48:00+00:00,2026-01-29 20:57:00+00:00,-35.0,-1,v16_dip_short,,v16_dip_short,,,
2026-01-30 01:12:00+00:00,2026-01-30 01:14:00+00:00,-25.0,1,energetic,,energetic,,,
2026-01-30 01:17:00+00:00,2026-01-30 01:23:00+00:00,20.0,1,pattern,uptrend_retrace,uptrend_retrace,,,
2026-01-30 01:58:00+00:00,2026-01-30 02:00:00+00:00,-25.0,1,energetic,,energetic,,,
2026-01-30 02:25:00+00:00,2026-01-30 02:25:00+00:00,20.0,1,pattern,uptrend_retrace,uptrend_retrace,,,
2026-01-30 02:32:00+00:00,2026-01-30 02:36:00+00:00,42.5,1,pattern,uptrend_retrace,uptrend_retrace,,,
2026-01-30 08:38:00+00:00,2026-01-30 09:08:00+00:00,-15.0,1,pattern,uptrend_retrace,uptrend_retrace,,,
2026-01-30 09:16:00+00:00,2026-01-30 09:28:00+00:00,-15.0,1,pattern,uptrend_retrace,uptrend_retrace,,,
2026-01-30 09:32:00+00:00,2026-01-30 09:38:00+00:00,-15.0,1,pattern,uptrend_retrace,uptrend_retrace,,,
2026-01-30 09:46:00+00:00,2026-01-30 09:48:00+00:00,15.429999999999382,1,energetic,,energetic,,,
2026-01-30 09:48:00+00:00,2026-01-30 09:49:00+00:00,-15.0,1,pattern,uptrend_retrace,uptrend_retrace,,,
2026-01-30 09:50:00+00:00,2026-01-30 09:50:00+00:00,-15.0,1,pattern,uptrend_retrace,uptrend_retrace,,,
2026-01-30 09:53:00+00:00,2026-01-30 09:57:00+00:00,22.859999999999673,1,pattern,uptrend_retrace,uptrend_retrace,,,
2026-01-30 09:59:00+00:00,2026-01-30 10:00:00+00:00,24.639999999999418,1,pattern,uptrend_retrace,uptrend_retrace,,,
2026-01-30 10:36:00+00:00,2026-01-30 10:57:00+00:00,-35.0,-1,v16_dip_short,,v16_dip_short,,,
2026-01-30 11:34:00+00:00,2026-01-30 11:48:00+00:00,35.0,-1,v16_dip_short,,v16_dip_short,,,
2026-01-30 11:54:00+00:00,2026-01-30 12:46:00+00:00,35.0,-1,v16_dip_short,,v16_dip_short,,,
2026-01-30 13:03:00+00:00,2026-01-30 13:18:00+00:00,33.01999999999953,-1,energetic,,energetic,,,
2026-01-30 13:20:00+00:00,2026-01-30 13:23:00+00:00,30.0,-1,energetic,,energetic,,,
2026-01-30 13:25:00+00:00,2026-01-30 13:31:00+00:00,-15.0,1,pattern,uptrend_retrace,uptrend_retrace,,,
2026-01-30 13:34:00+00:00,2026-01-30 13:49:00+00:00,35.0,-1,v16_dip_short,,v16_dip_short,,,
2026-01-30 14:22:00+00:00,2026-01-30 14:33:00+00:00,-35.0,-1,v16_dip_short,,v16_dip_short,,,
2026-01-30 14:34:00+00:00,2026-01-30 14:54:00+00:00,54.23999999999978,-1,v16_dip_short,,v16_dip_short,,,
2026-01-30 14:55:00+00:00,2026-01-30 15:02:00+00:00,57.48000000000047,-1,energetic,,energetic,,,
2026-01-30 15:03:00+00:00,2026-01-30 15:11:00+00:00,44.29000000000087,1,energetic,,energetic,,,
2026-01-30 15:11:00+00:00,2026-01-30 15:11:00+00:00,20.0,1,pattern,uptrend_retrace,uptrend_retrace,,,
2026-01-30 15:12:00+00:00,2026-01-30 15:18:00+00:00,20.020000000000437,1,pattern,uptrend_retrace,uptrend_retrace,,,
2026-01-30 15:51:00+00:00,2026-01-30 16:02:00+00:00,35.0,-1,v16_dip_short,,v16_dip_short,,,
2026-01-30 19:17:00+00:00,2026-01-30 19:23:00+00:00,35.0,-1,v16_dip_short,,v16_dip_short,,,
2026-01-30 19:53:00+00:00,2026-01-30 20:01:00+00:00,35.0,-1,v16_dip_short,,v16_dip_short,,,
2026-01-30 20:47:00+00:00,2026-01-30 20:55:00+00:00,40.49499999999989,-1,v16_dip_short,,v16_dip_short,,,
2026-02-01 23:04:00+00:00,2026-02-01 23:06:00+00:00,-16.729999999999563,1,energetic,,energetic,,,
2026-02-01 23:06:00+00:00,2026-02-01 23:10:00+00:00,-15.0,1,pattern,uptrend_retrace,uptrend_retrace,,,
2026-02-01 23:12:00+00:00,2026-02-01 23:12:00+00:00,30.0,1,energetic,,energetic,,,
2026-02-01 23:14:00+00:00,2026-02-01 23:14:00+00:00,-25.0,1,energetic,,energetic,,,
2026-02-01 23:19:00+00:00,2026-02-01 23:26:00+00:00,37.850000000000364,1,energetic,,energetic,,,
2026-02-01 23:26:00+00:00,2026-02-01 23:28:00+00:00,-15.0,1,pattern,uptrend_retrace,uptrend_retrace,,,
2026-02-01 23:29:00+00:00,2026-02-02 00:08:00+00:00,71.85000000000036,1,pattern,uptrend_retrace,uptrend_retrace,,,
2026-02-02 01:01:00+00:00,2026-02-02 01:01:00+00:00,20.0,1,pattern,uptrend_retrace,uptrend_retrace,,,
2026-02-02 01:02:00+00:00,2026-02-02 01:02:00+00:00,20.0,1,pattern,uptrend_retrace,uptrend_retrace,,,
2026-02-02 01:04:00+00:00,2026-02-02 01:04:00+00:00,-15.0,1,pattern,uptrend_retrace,uptrend_retrace,,,
2026-02-02 01:05:00+00:00,2026-02-02 01:06:00+00:00,-15.0,1,pattern,uptrend_retrace,uptrend_retrace,,,
2026-02-02 01:07:00+00:00,2026-02-02 01:07:00+00:00,-15.0,1,pattern,uptrend_retrace,uptrend_retrace,,,
2026-02-02 01:08:00+00:00,2026-02-02 01:09:00+00:00,-15.0,1,pattern,reversal_fvg_long,reversal_fvg_long,,,
2026-02-02 01:10:00+00:00,2026-02-02 01:10:00+00:00,-15.0,1,pattern,reversal_fvg_long,reversal_fvg_long,,,
2026-02-02 01:11:00+00:00,2026-02-02 01:11:00+00:00,30.0,1,energetic,,energetic,,,
2026-02-02 01:16:00+00:00,2026-02-02 01:17:00+00:00,30.0,1,energetic,,energetic,,,
2026-02-02 01:21:00+00:00,2026-02-02 01:21:00+00:00,-15.0,1,pattern,uptrend_retrace,uptrend_retrace,,,
2026-02-02 01:22:00+00:00,2026-02-02 01:23:00+00:00,-15.0,1,pattern,uptrend_retrace,uptrend_retrace,,,
2026-02-02 01:24:00+00:00,2026-02-02 01:24:00+00:00,20.0,1,pattern,uptrend_retrace,uptrend_retrace,,,
2026-02-02 01:25:00+00:00,2026-02-02 01:25:00+00:00,-15.0,1,pattern,uptrend_retrace,uptrend_retrace,,,
2026-02-02 01:26:00+00:00,2026-02-02 01:26:00+00:00,20.0,1,pattern,uptrend_retrace,uptrend_retrace,,,
2026-02-02 01:27:00+00:00,2026-02-02 01:30:00+00:00,-15.0,1,pattern,uptrend_retrace,uptrend_retrace,,,
2026-02-02 01:31:00+00:00,2026-02-02 02:32:00+00:00,87.22999999999956,1,pattern,uptrend_retrace,uptrend_retrace,,,
2026-02-02 04:02:00+00:00,2026-02-02 04:05:00+00:00,-15.0,1,pattern,uptrend_retrace,uptrend_retrace,,,
2026-02-02 04:06:00+00:00,2026-02-02 04:19:00+00:00,72.98999999999978,1,pattern,uptrend_retrace,uptrend_retrace,,,
2026-02-02 04:22:00+00:00,2026-02-02 04:39:00+00:00,-15.0,1,pattern,uptrend_retrace,uptrend_retrace,,,
2026-02-02 04:40:00+00:00,2026-02-02 04:45:00+00:00,29.949999999999818,1,pattern,uptrend_retrace,uptrend_retrace,,,
2026-02-02 04:47:00+00:00,2026-02-02 04:56:00+00:00,30.0,-1,energetic,,energetic,,,
2026-02-02 06:01:00+00:00,2026-02-02 06:02:00+00:00,-15.0,1,pattern,uptrend_retrace,uptrend_retrace,,,
2026-02-02 06:03:00+00:00,2026-02-02 06:06:00+00:00,-15.0,1,pattern,uptrend_retrace,uptrend_retrace,,,
2026-02-02 06:07:00+00:00,2026-02-02 06:08:00+00:00,-15.0,1,pattern,uptrend_retrace,uptrend_retrace,,,
2026-02-02 06:09:00+00:00,2026-02-02 06:09:00+00:00,20.0,1,pattern,uptrend_retrace,uptrend_retrace,,,
2026-02-02 06:10:00+00:00,2026-02-02 06:13:00+00:00,-15.0,1,pattern,uptrend_retrace,uptrend_retrace,,,
2026-02-02 06:14:00+00:00,2026-02-02 06:17:00+00:00,-15.0,1,pattern,uptrend_retrace,uptrend_retrace,,,
2026-02-02 06:18:00+00:00,2026-02-02 06:21:00+00:00,34.18000000000029,-1,energetic,,energetic,,,
2026-02-02 06:21:00+00:00,2026-02-02 06:38:00+00:00,95.02000000000044,-1,pattern,reversal_fvg_short,reversal_fvg_short,,,
2026-02-02 06:39:00+00:00,2026-02-02 06:43:00+00:00,21.409999999999854,1,energetic,,energetic,,,
2026-02-02 06:43:00+00:00,2026-02-02 06:56:00+00:00,63.86999999999989,1,pattern,uptrend_retrace,uptrend_retrace,,,
2026-02-02 06:57:00+00:00,2026-02-02 07:01:00+00:00,2.130000000000109,1,energetic,,energetic,,,
2026-02-02 07:01:00+00:00,2026-02-02 07:02:00+00:00,20.0,1,pattern,uptrend_retrace,uptrend_retrace,,,
2026-02-02 07:03:00+00:00,2026-02-02 07:09:00+00:00,27.409999999999854,1,energetic,,energetic,,,
2026-02-02 07:10:00+00:00,2026-02-02 07:17:00+00:00,14.550000000000182,-1,energetic,,energetic,,,
2026-02-02 07:17:00+00:00,2026-02-02 07:25:00+00:00,32.0600000000004,1,pattern,uptrend_retrace,uptrend_retrace,,,
2026-02-02 07:27:00+00:00,2026-02-02 07:29:00+00:00,-15.0,1,pattern,uptrend_retrace,uptrend_retrace,,,
2026-02-02 07:30:00+00:00,2026-02-02 07:31:00+00:00,-15.0,1,pattern,uptrend_retrace,uptrend_retrace,,,
2026-02-02 07:32:00+00:00,2026-02-02 07:37:00+00:00,27.460000000000036,1,pattern,uptrend_retrace,uptrend_retrace,,,
2026-02-02 07:39:00+00:00,2026-02-02 07:41:00+00:00,26.199999999999818,1,pattern,uptrend_retrace,uptrend_retrace,,,
2026-02-02 07:43:00+00:00,2026-02-02 07:45:00+00:00,20.0,1,pattern,uptrend_retrace,uptrend_retrace,,,
2026-02-02 07:46:00+00:00,2026-02-02 08:01:00+00:00,20.979999999999563,-1,energetic,,energetic,,,
2026-02-02 08:01:00+00:00,2026-02-02 08:09:00+00:00,46.86000000000058,1,pattern,uptrend_retrace,uptrend_retrace,,,
2026-02-02 08:10:00+00:00,2026-02-02 08:51:00+00:00,-35.0,-1,v16_dip_short,,v16_dip_short,,,
2026-02-02 08:55:00+00:00,2026-02-02 09:03:00+00:00,35.0,-1,v16_dip_short,,v16_dip_short,,,
2026-02-02 09:48:00+00:00,2026-02-02 10:36:00+00:00,35.0,-1,v16_dip_short,,v16_dip_short,,,
2026-02-02 10:42:00+00:00,2026-02-02 10:55:00+00:00,-25.0,-1,energetic,,energetic,,,
2026-02-02 11:19:00+00:00,2026-02-02 12:24:00+00:00,-27.529999999999745,-1,v16_dip_short,,v16_dip_short,,,
2026-02-02 12:46:00+00:00,2026-02-02 13:00:00+00:00,58.89000000000033,-1,energetic,,energetic,,,
2026-02-02 13:09:00+00:00,2026-02-02 13:11:00+00:00,-35.0,-1,v16_dip_short,,v16_dip_short,,,
2026-02-02 13:21:00+00:00,2026-02-02 16:15:00+00:00,54.55000000000018,-1,v16_momentum,,v16_momentum,,,
2026-02-02 17:02:00+00:00,2026-02-02 17:07:00+00:00,-25.0,-1,energetic,,energetic,,,
2026-02-02 17:08:00+00:00,2026-02-02 17:20:00+00:00,30.0,-1,energetic,,energetic,,,
2026-02-02 17:21:00+00:00,2026-02-02 17:34:00+00:00,-5.140000000000327,-1,energetic,,energetic,,,
2026-02-02 17:34:00+00:00,2026-02-02 18:14:00+00:00,46.13000000000011,-1,v16_dip_short,,v16_dip_short,,,
2026-02-02 19:03:00+00:00,2026-02-02 19:40:00+00:00,35.6899999999996,1,pattern,uptrend_retrace,uptrend_retrace,,,
2026-02-02 19:41:00+00:00,2026-02-02 19:43:00+00:00,-17.56999999999971,-1,energetic,,energetic,,,
2026-02-02 19:43:00+00:00,2026-02-02 19:51:00+00:00,20.0,1,pattern,uptrend_retrace,uptrend_retrace,,,
2026-02-02 19:54:00+00:00,2026-02-02 20:09:00+00:00,-3.2700000000004366,-1,energetic,,energetic,,,
2026-02-02 21:01:00+00:00,2026-02-02 21:02:00+00:00,-15.0,1,pattern,uptrend_retrace,uptrend_retrace,,,
2026-02-02 21:12:00+00:00,2026-02-02 21:51:00+00:00,-15.0,1,pattern,uptrend_retrace,uptrend_retrace,,,
2026-02-02 21:55:00+00:00,2026-02-02 23:01:00+00:00,20.0,1,pattern,uptrend_retrace,uptrend_retrace,,,
2026-02-02 23:03:00+00:00,2026-02-02 23:18:00+00:00,30.0,1,energetic,,energetic,,,
2026-02-02 23:30:00+00:00,2026-02-02 23:31:00+00:00,-15.0,1,pattern,uptrend_retrace,uptrend_retrace,,,
2026-02-02 23:32:00+00:00,2026-02-02 23:52:00+00:00,44.63999999999942,1,pattern,uptrend_retrace,uptrend_retrace,,,
2026-02-02 23:53:00+00:00,2026-02-03 00:04:00+00:00,-25.0,-1,energetic,,energetic,,,
2026-02-03 01:01:00+00:00,2026-02-03 01:01:00+00:00,-15.0,1,pattern,uptrend_retrace,uptrend_retrace,,,
2026-02-03 01:02:00+00:00,2026-02-03 01:02:00+00:00,20.0,1,pattern,uptrend_retrace,uptrend_retrace,,,
2026-02-03 01:03:00+00:00,2026-02-03 01:13:00+00:00,-17.11999999999989,-1,energetic,,energetic,,,
2026-02-03 01:13:00+00:00,2026-02-03 01:44:00+00:00,23.050000000000182,1,pattern,reversal_fvg_long,reversal_fvg_long,,,
2026-02-03 01:49:00+00:00,2026-02-03 02:27:00+00:00,67.33000000000084,-1,energetic,,energetic,,,
2026-02-03 02:27:00+00:00,2026-02-03 02:45:00+00:00,-15.0,1,pattern,uptrend_retrace,uptrend_retrace,,,
2026-02-03 02:48:00+00:00,2026-02-03 03:04:00+00:00,33.57999999999993,1,pattern,uptrend_retrace,uptrend_retrace,,,
2026-02-03 03:11:00+00:00,2026-02-03 03:26:00+00:00,-15.0,1,pattern,uptrend_retrace,uptrend_retrace,,,
2026-02-03 03:28:00+00:00,2026-02-03 03:38:00+00:00,36.57000000000062,1,pattern,uptrend_retrace,uptrend_retrace,,,
2026-02-03 06:40:00+00:00,2026-02-03 07:10:00+00:00,-11.050000000000182,-1,energetic,,energetic,,,
2026-02-03 07:15:00+00:00,2026-02-03 07:33:00+00:00,-25.0,-1,energetic,,energetic,,,
2026-02-03 07:34:00+00:00,2026-02-03 08:06:00+00:00,15.710000000000036,-1,energetic,,energetic,,,
2026-02-03 08:06:00+00:00,2026-02-03 08:12:00+00:00,27.579999999999927,1,pattern,uptrend_retrace,uptrend_retrace,,,
2026-02-03 08:13:00+00:00,2026-02-03 08:58:00+00:00,-13.489999999999782,1,pattern,reversal_fvg_long,reversal_fvg_long,,,
2026-02-03 08:59:00+00:00,2026-02-03 09:28:00+00:00,24.909999999999854,-1,energetic,,energetic,,,
2026-02-03 09:28:00+00:00,2026-02-03 09:39:00+00:00,20.0,1,pattern,uptrend_retrace,uptrend_retrace,,,
2026-02-03 09:58:00+00:00,2026-02-03 10:13:00+00:00,11.230000000000473,1,pattern,uptrend_retrace,uptrend_retrace,,,
2026-02-03 11:01:00+00:00,2026-02-03 12:00:00+00:00,-25.0,-1,energetic,,energetic,,,
2026-02-03 12:04:00+00:00,2026-02-03 12:25:00+00:00,37.45500000000084,-1,v16_dip_short,,v16_dip_short,,,
2026-02-03 13:02:00+00:00,2026-02-03 13:20:00+00:00,-11.25,-1,energetic,,energetic,,,
2026-02-03 13:20:00+00:00,2026-02-03 13:39:00+00:00,11.819999999999709,1,pattern,uptrend_retrace,uptrend_retrace,,,
2026-02-03 13:41:00+00:00,2026-02-03 14:31:00+00:00,19.540000000000873,-1,energetic,,energetic,,,
2026-02-03 15:02:00+00:00,2026-02-03 15:11:00+00:00,29.3700000000008,1,pattern,uptrend_retrace,uptrend_retrace,,,
2026-02-03 15:12:00+00:00,2026-02-03 16:17:00+00:00,-25.0,-1,energetic,,energetic,,,
2026-02-03 16:17:00+00:00,2026-02-03 17:43:00+00:00,46.025000000000546,-1,v16_dip_short,,v16_dip_short,,,
2026-02-03 17:48:00+00:00,2026-02-03 18:32:00+00:00,35.0,-1,v16_dip_short,,v16_dip_short,,,
2026-02-03 19:01:00+00:00,2026-02-03 19:23:00+00:00,-24.779999999999745,-1,pattern,reversal_fvg_short,reversal_fvg_short,,,
2026-02-03 19:25:00+00:00,2026-02-03 20:03:00+00:00,-15.0,1,pattern,uptrend_retrace,uptrend_retrace,,,
2026-02-03 20:15:00+00:00,2026-02-03 21:53:00+00:00,23.789999999999964,1,pattern,uptrend_retrace,uptrend_retrace,,,
2026-02-03 23:06:00+00:00,2026-02-03 23:07:00+00:00,-15.0,1,pattern,uptrend_retrace,uptrend_retrace,,,
2026-02-03 23:08:00+00:00,2026-02-03 23:12:00+00:00,-25.0,-1,energetic,,energetic,,,
2026-02-04 00:38:00+00:00,2026-02-04 02:26:00+00:00,69.14999999999964,1,pattern,reversal_fvg_long,reversal_fvg_long,,,
2026-02-04 03:03:00+00:00,2026-02-04 03:22:00+00:00,5.8700000000008,1,pattern,uptrend_retrace,uptrend_retrace,,,
2026-02-04 10:47:00+00:00,2026-02-04 11:12:00+00:00,-17.090000000000146,1,v16_momentum,,v16_momentum,,,
2026-02-04 12:06:00+00:00,2026-02-04 13:00:00+00:00,-17.170000000000073,1,v16_momentum,,v16_momentum,,,
2026-02-04 13:04:00+00:00,2026-02-04 13:49:00+00:00,-7.989999999999782,-1,v16_dip_short,,v16_dip_short,,,
2026-02-04 13:53:00+00:00,2026-02-04 14:32:00+00:00,35.0,-1,v16_dip_short,,v16_dip_short,,,
2026-02-04 14:33:00+00:00,2026-02-04 14:37:00+00:00,5.8700000000008,-1,energetic,,energetic,,,
2026-02-04 14:37:00+00:00,2026-02-04 15:34:00+00:00,97.25,-1,pattern,downtrend_retrace,downtrend_retrace,,,
2026-02-04 16:01:00+00:00,2026-02-04 16:48:00+00:00,57.8100000000004,-1,pattern,downtrend_retrace,downtrend_retrace,,,
2026-02-04 16:49:00+00:00,2026-02-04 16:51:00+00:00,22.039999999999964,1,energetic,,energetic,,,
2026-02-04 16:51:00+00:00,2026-02-04 19:12:00+00:00,59.48000000000047,1,pattern,uptrend_retrace,uptrend_retrace,,,
2026-02-04 19:13:00+00:00,2026-02-04 19:22:00+00:00,21.80999999999949,-1,energetic,,energetic,,,
2026-02-04 19:22:00+00:00,2026-02-04 19:49:00+00:00,9.0,1,pattern,uptrend_retrace,uptrend_retrace,,,
2026-02-04 19:54:00+00:00,2026-02-04 19:55:00+00:00,-10.659999999999854,1,energetic,,energetic,,,
2026-02-04 19:55:00+00:00,2026-02-04 20:11:00+00:00,-15.0,1,pattern,uptrend_retrace,uptrend_retrace,,,
2026-02-04 20:12:00+00:00,2026-02-04 21:22:00+00:00,25.029999999999745,1,pattern,uptrend_retrace,uptrend_retrace,,,
2026-02-05 01:13:00+00:00,2026-02-05 01:15:00+00:00,22.44000000000051,-1,energetic,,energetic,,,
2026-02-05 01:16:00+00:00,2026-02-05 01:35:00+00:00,21.6899999999996,1,energetic,,energetic,,,
2026-02-05 01:36:00+00:00,2026-02-05 01:40:00+00:00,8.239999999999782,-1,energetic,,energetic,,,
2026-02-05 01:41:00+00:00,2026-02-05 02:00:00+00:00,-17.01000000000022,1,energetic,,energetic,,,
2026-02-05 02:00:00+00:00,2026-02-05 02:14:00+00:00,40.0,-1,pattern,downtrend_retrace,downtrend_retrace,,,
2026-02-05 02:15:00+00:00,2026-02-05 02:19:00+00:00,-6.550000000000182,1,energetic,,energetic,,,
2026-02-05 02:19:00+00:00,2026-02-05 02:47:00+00:00,47.23999999999978,-1,pattern,downtrend_retrace,downtrend_retrace,,,
2026-02-05 02:48:00+00:00,2026-02-05 02:51:00+00:00,-27.06999999999971,1,energetic,,energetic,,,
2026-02-05 02:51:00+00:00,2026-02-05 03:17:00+00:00,-12.86999999999989,-1,pattern,downtrend_retrace,downtrend_retrace,,,
2026-02-05 03:18:00+00:00,2026-02-05 03:36:00+00:00,-15.0,1,pattern,uptrend_retrace,uptrend_retrace,,,
2026-02-05 03:38:00+00:00,2026-02-05 04:32:00+00:00,30.980000000000473,1,pattern,uptrend_retrace,uptrend_retrace,,,
2026-02-05 04:38:00+00:00,2026-02-05 05:00:00+00:00,-15.0,1,pattern,uptrend_retrace,uptrend_retrace,,,
2026-02-05 05:15:00+00:00,2026-02-05 05:32:00+00:00,-15.0,1,pattern,uptrend_retrace,uptrend_retrace,,,
2026-02-05 05:33:00+00:00,2026-02-05 05:43:00+00:00,48.340000000000146,1,pattern,uptrend_retrace,uptrend_retrace,,,
2026-02-05 05:44:00+00:00,2026-02-05 06:08:00+00:00,-25.0,-1,energetic,,energetic,,,
2026-02-05 06:29:00+00:00,2026-02-05 06:55:00+00:00,30.0,-1,energetic,,energetic,,,
2026-02-05 07:26:00+00:00,2026-02-05 07:41:00+00:00,30.0,-1,energetic,,energetic,,,
2026-02-05 07:42:00+00:00,2026-02-05 08:03:00+00:00,-25.0,-1,energetic,,energetic,,,
2026-02-05 08:12:00+00:00,2026-02-05 08:42:00+00:00,15.069999999999709,-1,energetic,,energetic,,,
2026-02-05 09:06:00+00:00,2026-02-05 09:15:00+00:00,12.3700000000008,-1,energetic,,energetic,,,
2026-02-05 09:15:00+00:00,2026-02-05 09:36:00+00:00,14.319999999999709,1,pattern,uptrend_retrace,uptrend_retrace,,,
2026-02-05 09:52:00+00:00,2026-02-05 10:11:00+00:00,6.210000000000036,-1,pattern,reversal_fvg_short,reversal_fvg_short,,,
2026-02-05 12:01:00+00:00,2026-02-05 12:28:00+00:00,26.470000000000255,-1,energetic,,energetic,,,
2026-02-05 12:28:00+00:00,2026-02-05 13:01:00+00:00,-15.0,1,pattern,uptrend_retrace,uptrend_retrace,,,
2026-02-05 13:55:00+00:00,2026-02-05 14:33:00+00:00,35.0,-1,v16_dip_short,,v16_dip_short,,,
2026-02-05 14:52:00+00:00,2026-02-05 15:02:00+00:00,37.475000000000364,-1,v16_dip_short,,v16_dip_short,,,
2026-02-05 15:40:00+00:00,2026-02-05 16:43:00+00:00,-35.0,-1,v16_dip_short,,v16_dip_short,,,
2026-02-05 16:50:00+00:00,2026-02-05 18:02:00+00:00,10.909999999999854,-1,v16_dip_short,,v16_dip_short,,,
2026-02-05 18:25:00+00:00,2026-02-05 18:39:00+00:00,5.049999999999272,-1,energetic,,energetic,,,
2026-02-05 18:39:00+00:00,2026-02-05 19:05:00+00:00,-15.0,1,pattern,uptrend_retrace,uptrend_retrace,,,
2026-02-05 19:08:00+00:00,2026-02-05 19:14:00+00:00,-15.0,1,pattern,uptrend_retrace,uptrend_retrace,,,
2026-02-05 19:15:00+00:00,2026-02-05 19:33:00+00:00,-15.0,1,pattern,uptrend_retrace,uptrend_retrace,,,
2026-02-05 19:34:00+00:00,2026-02-05 20:06:00+00:00,6.4399999999996,-1,energetic,,energetic,,,
2026-02-05 21:35:00+00:00,2026-02-05 21:42:00+00:00,-5.220000000000255,-1,energetic,,energetic,,,
2026-02-05 21:43:00+00:00,2026-02-05 21:50:00+00:00,-12.489999999999782,1,energetic,,energetic,,,
2026-02-05 21:50:00+00:00,2026-02-05 23:01:00+00:00,8.210000000000036,-1,pattern,downtrend_retrace,downtrend_retrace,,,
2026-02-05 23:16:00+00:00,2026-02-05 23:46:00+00:00,36.839999999999236,-1,pattern,breakthrough_short,breakthrough_short,,,
2026-02-05 23:47:00+00:00,2026-02-06 00:10:00+00:00,30.6899999999996,-1,pattern,downtrend_retrace,downtrend_retrace,,,
2026-02-06 01:03:00+00:00,2026-02-06 01:03:00+00:00,20.0,1,pattern,uptrend_retrace,uptrend_retrace,,,
2026-02-06 01:04:00+00:00,2026-02-06 01:08:00+00:00,-25.0,-1,energetic,,energetic,,,
2026-02-06 01:16:00+00:00,2026-02-06 01:23:00+00:00,52.57000000000062,-1,pattern,downtrend_retrace,downtrend_retrace,,,
2026-02-06 01:24:00+00:00,2026-02-06 01:48:00+00:00,43.42000000000007,1,pattern,uptrend_retrace,uptrend_retrace,,,
2026-02-06 02:31:00+00:00,2026-02-06 03:34:00+00:00,6.030000000000655,-1,energetic,,energetic,,,
2026-02-06 03:42:00+00:00,2026-02-06 04:03:00+00:00,16.829999999999927,1,pattern,uptrend_retrace,uptrend_retrace,,,
2026-02-06 06:00:00+00:00,2026-02-06 06:13:00+00:00,30.0,-1,energetic,,energetic,,,
2026-02-06 08:02:00+00:00,2026-02-06 08:19:00+00:00,-24.199999999999818,-1,pattern,downtrend_retrace,downtrend_retrace,,,
2026-02-06 08:20:00+00:00,2026-02-06 08:31:00+00:00,20.0,1,pattern,uptrend_retrace,uptrend_retrace,,,
2026-02-06 09:04:00+00:00,2026-02-06 09:34:00+00:00,17.099999999999454,1,energetic,,energetic,,,
2026-02-06 09:39:00+00:00,2026-02-06 09:58:00+00:00,7.0600000000004,1,pattern,uptrend_retrace,uptrend_retrace,,,
2026-02-06 13:02:00+00:00,2026-02-06 13:32:00+00:00,-2.639999999999418,-1,energetic,,energetic,,,
2026-02-06 13:32:00+00:00,2026-02-06 13:56:00+00:00,-3.610000000000582,1,pattern,reversal_fvg_long,reversal_fvg_long,,,
2026-02-06 14:10:00+00:00,2026-02-06 14:23:00+00:00,-15.0,1,pattern,uptrend_retrace,uptrend_retrace,,,
2026-02-06 14:24:00+00:00,2026-02-06 14:32:00+00:00,20.24000000000069,1,pattern,uptrend_retrace,uptrend_retrace,,,
2026-02-06 14:38:00+00:00,2026-02-06 14:42:00+00:00,17.30999999999949,-1,energetic,,energetic,,,
2026-02-06 14:42:00+00:00,2026-02-06 15:00:00+00:00,28.80999999999949,1,pattern,uptrend_retrace,uptrend_retrace,,,
2026-02-06 15:02:00+00:00,2026-02-06 16:15:00+00:00,10.729999999999563,-1,energetic,,energetic,,,
2026-02-06 16:50:00+00:00,2026-02-06 17:36:00+00:00,-3.2999999999992724,-1,v16_dip_short,,v16_dip_short,,,
2026-02-08 23:26:00+00:00,2026-02-09 00:07:00+00:00,31.199999999999818,1,energetic,,energetic,,,
2026-02-09 01:09:00+00:00,2026-02-09 01:36:00+00:00,30.0,-1,energetic,,energetic,,,
2026-02-09 01:37:00+00:00,2026-02-09 01:45:00+00:00,-25.0,-1,energetic,,energetic,,,
2026-02-09 10:37:00+00:00,2026-02-09 11:23:00+00:00,-2.2200000000002547,-1,v16_dip_short,,v16_dip_short,,,
2026-02-09 14:33:00+00:00,2026-02-09 15:19:00+00:00,4.9299999999993815,-1,v16_dip_short,,v16_dip_short,,,
2026-02-09 23:24:00+00:00,2026-02-09 23:34:00+00:00,-11.419999999999163,-1,energetic,,energetic,,,
2026-02-09 23:34:00+00:00,2026-02-09 23:58:00+00:00,10.759999999999309,1,pattern,uptrend_retrace,uptrend_retrace,,,
2026-02-10 08:21:00+00:00,2026-02-10 09:06:00+00:00,-10.140000000000327,-1,v16_dip_short,,v16_dip_short,,,
2026-02-10 13:47:00+00:00,2026-02-10 14:47:00+00:00,-17.970000000000255,1,v16_momentum,,v16_momentum,,,
2026-02-11 11:10:00+00:00,2026-02-11 11:46:00+00:00,17.519999999999527,1,pattern,reversal_fvg_long,reversal_fvg_long,,,
2026-02-11 11:48:00+00:00,2026-02-11 12:09:00+00:00,-15.0,1,pattern,reversal_fvg_long,reversal_fvg_long,,,
2026-02-11 15:02:00+00:00,2026-02-11 15:37:00+00:00,-20.06999999999971,1,v16_momentum,,v16_momentum,,,
2026-02-11 16:47:00+00:00,2026-02-11 17:45:00+00:00,16.360000000000582,1,v16_momentum,,v16_momentum,,,
2026-02-12 17:03:00+00:00,2026-02-12 18:09:00+00:00,30.270000000000437,-1,v16_dip_short,,v16_dip_short,,,
2026-02-12 18:21:00+00:00,2026-02-12 18:42:00+00:00,23.480000000000473,1,pattern,uptrend_retrace,uptrend_retrace,,,
2026-02-12 18:45:00+00:00,2026-02-12 19:15:00+00:00,-6.230000000000473,1,energetic,,energetic,,,
2026-02-12 19:34:00+00:00,2026-02-12 20:38:00+00:00,25.159999999999854,-1,v16_dip_short,,v16_dip_short,,,
2026-02-12 23:31:00+00:00,2026-02-12 23:46:00+00:00,-8.579999999999927,1,pattern,uptrend_retrace,uptrend_retrace,,,
2026-02-13 01:01:00+00:00,2026-02-13 01:29:00+00:00,24.5,1,pattern,reversal_fvg_long,reversal_fvg_long,,,
2026-02-13 01:31:00+00:00,2026-02-13 02:02:00+00:00,7.690000000000509,1,pattern,reversal_fvg_long,reversal_fvg_long,,,
2026-02-13 13:40:00+00:00,2026-02-13 14:02:00+00:00,0.10999999999967258,-1,energetic,,energetic,,,
2026-02-13 14:02:00+00:00,2026-02-13 14:25:00+00:00,12.849999999999454,1,pattern,reversal_fvg_long,reversal_fvg_long,,,
2026-02-13 14:36:00+00:00,2026-02-13 14:41:00+00:00,35.0,-1,v16_dip_short,,v16_dip_short,,,
2026-02-13 14:42:00+00:00,2026-02-13 14:44:00+00:00,-25.0,-1,energetic,,energetic,,,
2026-02-13 14:46:00+00:00,2026-02-13 15:31:00+00:00,-10.800000000000182,-1,energetic,,energetic,,,
2026-02-13 15:37:00+00:00,2026-02-13 15:53:00+00:00,35.0,-1,v16_dip_short,,v16_dip_short,,,
2026-02-13 16:39:00+00:00,2026-02-15 23:06:00+00:00,-2.860000000000582,1,v16_momentum,,v16_momentum,,,
2026-02-17 05:33:00+00:00,2026-02-17 05:53:00+00:00,-25.0,-1,energetic,,energetic,,,
2026-02-17 11:09:00+00:00,2026-02-17 11:54:00+00:00,-3.660000000000764,-1,v16_dip_short,,v16_dip_short,,,
2026-02-17 12:47:00+00:00,2026-02-18 00:00:00+00:00,72.36999999999989,-1,v16_momentum,,v16_momentum,,,
2026-02-18 13:17:00+00:00,2026-02-19 01:17:00+00:00,6.6299999999992,1,v16_momentum,,v16_momentum,,,
2026-02-19 15:18:00+00:00,2026-02-19 16:09:00+00:00,-4.4099999999998545,-1,v16_dip_short,,v16_dip_short,,,
2026-02-20 12:34:00+00:00,2026-02-20 13:21:00+00:00,-6.149999999999636,-1,v16_dip_short,,v16_dip_short,,,
2026-02-20 14:53:00+00:00,2026-02-20 15:03:00+00:00,-21.75,1,v16_momentum,,v16_momentum,,,
2026-02-20 15:06:00+00:00,2026-02-20 15:10:00+00:00,1.3700000000008004,-1,energetic,,energetic,,,
2026-02-20 15:11:00+00:00,2026-02-20 15:18:00+00:00,30.0,1,energetic,,energetic,,,
2026-02-20 15:38:00+00:00,2026-02-22 23:01:00+00:00,77.60000000000036,1,v16_momentum,,v16_momentum,,,
2026-02-23 08:47:00+00:00,2026-02-23 21:00:00+00:00,99.47000000000025,1,v16_momentum,,v16_momentum,,,
2026-02-23 21:01:00+00:00,2026-02-23 21:20:00+00:00,-4.270000000000437,1,pattern,reversal_fvg_long,reversal_fvg_long,,,
2026-02-24 01:04:00+00:00,2026-02-24 01:16:00+00:00,58.89000000000033,-1,energetic,,energetic,,,
2026-02-24 01:17:00+00:00,2026-02-24 02:10:00+00:00,20.199999999999818,1,energetic,,energetic,,,
2026-02-24 13:40:00+00:00,2026-02-24 13:55:00+00:00,7.0900000000001455,-1,pattern,reversal_fvg_short,reversal_fvg_short,,,
2026-02-24 15:06:00+00:00,2026-02-24 15:36:00+00:00,-10.670000000000073,-1,energetic,,energetic,,,
2026-02-24 17:06:00+00:00,2026-02-24 17:54:00+00:00,-9.30999999999949,-1,v16_dip_short,,v16_dip_short,,,
2026-02-25 13:08:00+00:00,2026-02-25 13:53:00+00:00,3.110000000000582,-1,v16_dip_short,,v16_dip_short,,,
2026-02-25 15:37:00+00:00,2026-02-25 16:22:00+00:00,-17.93000000000029,-1,v16_dip_short,,v16_dip_short,,,
2026-02-26 08:32:00+00:00,2026-02-26 10:05:00+00:00,-14.36999999999989,-1,v16_momentum,,v16_momentum,,,
2026-02-26 12:02:00+00:00,2026-02-26 12:15:00+00:00,-9.639999999999418,-1,v16_momentum,,v16_momentum,,,
2026-02-26 16:21:00+00:00,2026-02-26 17:06:00+00:00,-1.8300000000008367,-1,v16_dip_short,,v16_dip_short,,,
2026-02-27 14:22:00+00:00,2026-02-27 15:08:00+00:00,-2.7600000000002183,-1,v16_dip_short,,v16_dip_short,,,
2026-02-27 15:09:00+00:00,2026-02-27 15:54:00+00:00,-0.9000000000005457,-1,v16_dip_short,,v16_dip_short,,,
2026-03-01 23:05:00+00:00,2026-03-01 23:07:00+00:00,-25.0,1,energetic,,energetic,,,
2026-03-01 23:08:00+00:00,2026-03-01 23:41:00+00:00,43.1200000000008,1,pattern,uptrend_retrace,uptrend_retrace,,,
2026-03-02 01:02:00+00:00,2026-03-02 01:04:00+00:00,1.5299999999997453,-1,energetic,,energetic,,,
2026-03-02 01:04:00+00:00,2026-03-02 01:12:00+00:00,20.0,1,pattern,uptrend_retrace,uptrend_retrace,,,
2026-03-02 01:21:00+00:00,2026-03-02 01:29:00+00:00,-15.0,1,pattern,uptrend_retrace,uptrend_retrace,,,
2026-03-02 01:30:00+00:00,2026-03-02 02:35:00+00:00,27.280000000000655,1,pattern,uptrend_retrace,uptrend_retrace,,,
2026-03-02 13:38:00+00:00,2026-03-02 14:01:00+00:00,-20.829999999999927,1,v16_momentum,,v16_momentum,,,
2026-03-02 14:02:00+00:00,2026-03-02 14:20:00+00:00,18.299999999999272,-1,pattern,downtrend_retrace,downtrend_retrace,,,
2026-03-02 14:26:00+00:00,2026-03-02 14:38:00+00:00,14.730000000000473,1,energetic,,energetic,,,
2026-03-02 14:38:00+00:00,2026-03-02 14:52:00+00:00,-15.0,1,pattern,uptrend_retrace,uptrend_retrace,,,
2026-03-02 14:55:00+00:00,2026-03-02 15:00:00+00:00,-15.0,1,pattern,uptrend_retrace,uptrend_retrace,,,
2026-03-02 15:08:00+00:00,2026-03-02 16:00:00+00:00,35.0,-1,v16_dip_short,,v16_dip_short,,,
2026-03-02 17:01:00+00:00,2026-03-02 17:19:00+00:00,-1.0799999999999272,1,pattern,uptrend_retrace,uptrend_retrace,,,
2026-03-02 17:32:00+00:00,2026-03-02 18:20:00+00:00,11.210000000000036,-1,v16_dip_short,,v16_dip_short,,,
2026-03-02 19:10:00+00:00,2026-03-02 19:55:00+00:00,-0.11999999999989086,-1,v16_dip_short,,v16_dip_short,,,
2026-03-03 01:04:00+00:00,2026-03-03 01:29:00+00:00,13.899999999999636,1,pattern,reversal_fvg_long,reversal_fvg_long,,,
2026-03-03 01:31:00+00:00,2026-03-03 01:46:00+00:00,-15.0,1,pattern,reversal_fvg_long,reversal_fvg_long,,,
2026-03-03 02:03:00+00:00,2026-03-03 02:43:00+00:00,17.01000000000022,1,pattern,uptrend_retrace,uptrend_retrace,,,
2026-03-03 08:32:00+00:00,2026-03-03 23:01:00+00:00,213.94999999999982,-1,v16_momentum,,v16_momentum,,,
2026-03-03 23:19:00+00:00,2026-03-03 23:37:00+00:00,8.1899999999996,1,pattern,uptrend_retrace,uptrend_retrace,,,
2026-03-04 01:16:00+00:00,2026-03-04 02:13:00+00:00,34.48000000000047,1,pattern,reversal_fvg_long,reversal_fvg_long,,,
2026-03-04 03:05:00+00:00,2026-03-04 03:20:00+00:00,16.859999999999673,1,pattern,uptrend_retrace,uptrend_retrace,,,
2026-03-04 09:36:00+00:00,2026-03-04 11:02:00+00:00,-15.430000000000291,-1,v16_dip_short,,v16_dip_short,,,
2026-03-04 13:21:00+00:00,2026-03-04 13:59:00+00:00,-16.56999999999971,1,v16_momentum,,v16_momentum,,,
2026-03-04 15:54:00+00:00,2026-03-04 16:39:00+00:00,0.46999999999934516,-1,v16_dip_short,,v16_dip_short,,,
2026-03-05 00:50:00+00:00,2026-03-05 01:29:00+00:00,0.5200000000004366,1,pattern,reversal_fvg_long,reversal_fvg_long,,,
2026-03-05 13:34:00+00:00,2026-03-06 01:34:00+00:00,26.289999999999964,-1,v16_momentum,,v16_momentum,,,
2026-03-06 08:17:00+00:00,2026-03-06 13:30:00+00:00,-5.710000000000036,-1,v16_momentum,,v16_momentum,,,
2026-03-06 13:31:00+00:00,2026-03-06 13:56:00+00:00,-25.0,1,energetic,,energetic,,,
2026-03-06 14:20:00+00:00,2026-03-06 14:57:00+00:00,22.80999999999949,1,pattern,uptrend_retrace,uptrend_retrace,,,
2026-03-06 15:04:00+00:00,2026-03-06 15:26:00+00:00,-25.0,-1,energetic,,energetic,,,
2026-03-08 22:07:00+00:00,2026-03-08 22:07:00+00:00,30.0,-1,energetic,,energetic,,,
2026-03-08 22:08:00+00:00,2026-03-08 22:10:00+00:00,-25.0,-1,energetic,,energetic,,,
2026-03-08 22:16:00+00:00,2026-03-08 22:42:00+00:00,20.340000000000146,-1,energetic,,energetic,,,
2026-03-08 22:42:00+00:00,2026-03-08 23:40:00+00:00,45.42000000000007,-1,pattern,breakthrough_short,breakthrough_short,,,
2026-03-08 23:43:00+00:00,2026-03-08 23:44:00+00:00,-25.0,-1,energetic,,energetic,,,
2026-03-08 23:45:00+00:00,2026-03-08 23:46:00+00:00,5.610000000000582,-1,energetic,,energetic,,,
2026-03-08 23:46:00+00:00,2026-03-08 23:47:00+00:00,-15.0,1,pattern,uptrend_retrace,uptrend_retrace,,,
2026-03-08 23:48:00+00:00,2026-03-08 23:58:00+00:00,-15.460000000000036,-1,energetic,,energetic,,,
2026-03-08 23:58:00+00:00,2026-03-09 00:02:00+00:00,-15.0,1,pattern,uptrend_retrace,uptrend_retrace,,,
2026-03-09 01:01:00+00:00,2026-03-09 01:03:00+00:00,-25.0,-1,energetic,,energetic,,,
2026-03-09 01:05:00+00:00,2026-03-09 01:06:00+00:00,-23.399999999999636,-1,energetic,,energetic,,,
2026-03-09 01:06:00+00:00,2026-03-09 01:17:00+00:00,32.20999999999913,1,pattern,uptrend_retrace,uptrend_retrace,,,
2026-03-09 01:20:00+00:00,2026-03-09 01:27:00+00:00,3.1599999999998545,-1,energetic,,energetic,,,
2026-03-09 01:27:00+00:00,2026-03-09 01:44:00+00:00,2.910000000000764,1,pattern,uptrend_retrace,uptrend_retrace,,,
2026-03-09 09:33:00+00:00,2026-03-09 10:39:00+00:00,35.68000000000029,-1,v16_dip_short,,v16_dip_short,,,
2026-03-09 11:00:00+00:00,2026-03-09 11:15:00+00:00,-3.449999999999818,-1,pattern,reversal_fvg_short,reversal_fvg_short,,,
2026-03-09 19:24:00+00:00,2026-03-09 20:09:00+00:00,-6.380000000000109,-1,v16_dip_short,,v16_dip_short,,,
2026-03-10 01:34:00+00:00,2026-03-10 02:01:00+00:00,24.019999999999527,1,pattern,reversal_fvg_long,reversal_fvg_long,,,
2026-03-10 11:06:00+00:00,2026-03-10 12:07:00+00:00,22.38000000000011,-1,v16_dip_short,,v16_dip_short,,,
2026-03-10 13:01:00+00:00,2026-03-10 13:34:00+00:00,18.530000000000655,1,pattern,reversal_fvg_long,reversal_fvg_long,,,
2026-03-10 14:20:00+00:00,2026-03-10 15:05:00+00:00,0.6599999999998545,-1,v16_dip_short,,v16_dip_short,,,
2026-03-10 18:27:00+00:00,2026-03-10 19:03:00+00:00,1.8800000000001091,-1,energetic,,energetic,,,
2026-03-11 14:47:00+00:00,2026-03-11 14:50:00+00:00,-12.489999999999782,-1,v16_momentum,,v16_momentum,,,
2026-03-11 15:17:00+00:00,2026-03-11 17:45:00+00:00,10.259999999999309,-1,v16_momentum,,v16_momentum,,,
2026-03-12 20:34:00+00:00,2026-03-12 22:01:00+00:00,-7.3400000000001455,-1,energetic,,energetic,,,
2026-03-13 01:04:00+00:00,2026-03-13 01:19:00+00:00,-2.459999999999127,1,pattern,reversal_fvg_long,reversal_fvg_long,,,
2026-03-13 08:17:00+00:00,2026-03-13 08:30:00+00:00,0.819999999999709,-1,v16_momentum,,v16_momentum,,,
2026-03-13 09:06:00+00:00,2026-03-13 09:51:00+00:00,3.25,-1,v16_dip_short,,v16_dip_short,,,
2026-03-13 12:50:00+00:00,2026-03-13 13:10:00+00:00,-10.290000000000873,1,pattern,reversal_fvg_long,reversal_fvg_long,,,
2026-03-13 16:04:00+00:00,2026-03-13 16:34:00+00:00,-14.759999999999309,-1,energetic,,energetic,,,
2026-03-13 16:52:00+00:00,2026-03-13 17:38:00+00:00,-9.8700000000008,-1,v16_dip_short,,v16_dip_short,,,
2026-03-15 23:23:00+00:00,2026-03-15 23:53:00+00:00,-9.029999999999745,-1,energetic,,energetic,,,
2026-03-16 01:14:00+00:00,2026-03-16 01:29:00+00:00,-7.010000000000218,1,pattern,reversal_fvg_long,reversal_fvg_long,,,
2026-03-16 09:52:00+00:00,2026-03-16 10:37:00+00:00,-3.0700000000006185,-1,v16_dip_short,,v16_dip_short,,,
2026-03-16 16:08:00+00:00,2026-03-16 16:53:00+00:00,4.150000000000546,-1,v16_dip_short,,v16_dip_short,,,
2026-03-17 06:03:00+00:00,2026-03-17 06:33:00+00:00,-3.0900000000001455,-1,energetic,,energetic,,,
2026-03-17 12:32:00+00:00,2026-03-17 13:45:00+00:00,2.519999999999527,1,v16_momentum,,v16_momentum,,,
2026-03-18 11:33:00+00:00,2026-03-18 11:58:00+00:00,35.039999999999964,-1,v16_dip_short,,v16_dip_short,,,
2026-03-18 12:13:00+00:00,2026-03-18 12:16:00+00:00,7.300000000000182,-1,energetic,,energetic,,,
2026-03-18 12:17:00+00:00,2026-03-18 12:23:00+00:00,0.7899999999999636,1,energetic,,energetic,,,
2026-03-18 12:24:00+00:00,2026-03-18 12:32:00+00:00,14.320000000000618,-1,energetic,,energetic,,,
2026-03-18 12:33:00+00:00,2026-03-18 12:40:00+00:00,-0.9499999999998181,1,energetic,,energetic,,,
2026-03-18 12:41:00+00:00,2026-03-18 13:00:00+00:00,27.0,-1,energetic,,energetic,,,
2026-03-18 13:48:00+00:00,2026-03-18 14:54:00+00:00,14.229999999999563,-1,v16_dip_short,,v16_dip_short,,,
2026-03-18 18:33:00+00:00,2026-03-19 06:45:00+00:00,100.22000000000025,-1,v16_momentum,,v16_momentum,,,
2026-03-19 06:51:00+00:00,2026-03-19 07:27:00+00:00,8.549999999999272,1,energetic,,energetic,,,
2026-03-19 07:45:00+00:00,2026-03-19 08:14:00+00:00,38.029999999999745,-1,energetic,,energetic,,,
2026-03-19 08:23:00+00:00,2026-03-19 08:24:00+00:00,2.3100000000004,-1,energetic,,energetic,,,
2026-03-19 08:24:00+00:00,2026-03-19 09:05:00+00:00,17.26000000000022,-1,pattern,downtrend_retrace,downtrend_retrace,,,
2026-03-19 09:14:00+00:00,2026-03-19 09:22:00+00:00,30.0,1,energetic,,energetic,,,
2026-03-19 09:33:00+00:00,2026-03-19 10:17:00+00:00,33.089999999999236,-1,energetic,,energetic,,,
2026-03-19 11:02:00+00:00,2026-03-19 11:46:00+00:00,34.43000000000029,-1,energetic,,energetic,,,
2026-03-19 11:46:00+00:00,2026-03-19 12:01:00+00:00,19.480000000000473,-1,pattern,downtrend_retrace,downtrend_retrace,,,
2026-03-19 12:02:00+00:00,2026-03-19 13:30:00+00:00,72.52000000000044,-1,pattern,downtrend_retrace,downtrend_retrace,,,
2026-03-19 13:32:00+00:00,2026-03-19 13:47:00+00:00,35.0,-1,v16_dip_short,,v16_dip_short,,,
2026-03-19 13:52:00+00:00,2026-03-19 13:56:00+00:00,-35.0,-1,v16_dip_short,,v16_dip_short,,,
2026-03-19 15:06:00+00:00,2026-03-19 15:32:00+00:00,43.61999999999898,-1,v16_dip_short,,v16_dip_short,,,
2026-03-19 17:07:00+00:00,2026-03-19 17:35:00+00:00,9.320000000000618,1,energetic,,energetic,,,
2026-03-19 17:35:00+00:00,2026-03-19 17:52:00+00:00,20.0,1,pattern,uptrend_retrace,uptrend_retrace,,,
2026-03-19 17:53:00+00:00,2026-03-19 18:39:00+00:00,21.039999999999964,-1,v16_dip_short,,v16_dip_short,,,
2026-03-19 19:01:00+00:00,2026-03-19 19:11:00+00:00,-25.0,-1,energetic,,energetic,,,
2026-03-19 19:12:00+00:00,2026-03-19 19:16:00+00:00,9.340000000000146,-1,energetic,,energetic,,,
2026-03-19 19:16:00+00:00,2026-03-19 19:25:00+00:00,-15.0,1,pattern,uptrend_retrace,uptrend_retrace,,,
2026-03-19 19:26:00+00:00,2026-03-19 20:29:00+00:00,18.219999999999345,1,pattern,reversal_fvg_long,reversal_fvg_long,,,
2026-03-19 20:31:00+00:00,2026-03-19 22:01:00+00:00,-1.069999999999709,1,pattern,reversal_fvg_long,reversal_fvg_long,,,
2026-03-20 01:12:00+00:00,2026-03-20 01:12:00+00:00,-3.9000000000005457,1,energetic,,energetic,,,
2026-03-20 01:13:00+00:00,2026-03-20 01:40:00+00:00,-25.0,-1,energetic,,energetic,,,
2026-03-20 03:23:00+00:00,2026-03-20 03:38:00+00:00,-5.480000000000473,1,pattern,reversal_fvg_long,reversal_fvg_long,,,
2026-03-20 08:21:00+00:00,2026-03-20 08:51:00+00:00,37.27000000000044,-1,v16_dip_short,,v16_dip_short,,,
2026-03-20 11:04:00+00:00,2026-03-20 11:54:00+00:00,-6.369999999999891,-1,v16_dip_short,,v16_dip_short,,,
2026-03-20 12:32:00+00:00,2026-03-22 22:01:00+00:00,198.09999999999945,-1,v16_momentum,,v16_momentum,,,
2026-03-22 22:02:00+00:00,2026-03-22 22:07:00+00:00,-25.0,-1,energetic,,energetic,,,
2026-03-22 22:08:00+00:00,2026-03-22 22:11:00+00:00,4.949999999999818,-1,energetic,,energetic,,,
2026-03-22 22:12:00+00:00,2026-03-22 22:14:00+00:00,7.399999999999636,1,energetic,,energetic,,,
2026-03-22 22:15:00+00:00,2026-03-22 22:28:00+00:00,-25.0,-1,energetic,,energetic,,,
2026-03-22 22:29:00+00:00,2026-03-22 22:32:00+00:00,16.98999999999978,-1,energetic,,energetic,,,
2026-03-22 22:33:00+00:00,2026-03-22 22:36:00+00:00,-9.149999999999636,1,energetic,,energetic,,,
2026-03-22 22:37:00+00:00,2026-03-22 23:12:00+00:00,16.289999999999964,-1,energetic,,energetic,,,
2026-03-22 23:12:00+00:00,2026-03-22 23:36:00+00:00,-15.0,1,pattern,uptrend_retrace,uptrend_retrace,,,
2026-03-22 23:37:00+00:00,2026-03-23 00:14:00+00:00,41.350000000000364,-1,pattern,downtrend_retrace,downtrend_retrace,,,
2026-03-23 01:01:00+00:00,2026-03-23 01:04:00+00:00,-30.0,-1,pattern,downtrend_retrace,downtrend_retrace,,,
2026-03-23 01:05:00+00:00,2026-03-23 01:08:00+00:00,32.600000000000364,1,pattern,uptrend_retrace,uptrend_retrace,,,
2026-03-23 01:09:00+00:00,2026-03-23 01:18:00+00:00,18.600000000000364,1,energetic,,energetic,,,
2026-03-23 01:19:00+00:00,2026-03-23 01:21:00+00:00,7.279999999999745,-1,energetic,,energetic,,,
2026-03-23 01:21:00+00:00,2026-03-23 01:22:00+00:00,20.0,1,pattern,uptrend_retrace,uptrend_retrace,,,
2026-03-23 01:25:00+00:00,2026-03-23 01:30:00+00:00,-15.0,1,pattern,uptrend_retrace,uptrend_retrace,,,
2026-03-23 01:32:00+00:00,2026-03-23 01:35:00+00:00,8.820000000000618,-1,energetic,,energetic,,,
2026-03-23 01:35:00+00:00,2026-03-23 01:46:00+00:00,-15.0,1,pattern,uptrend_retrace,uptrend_retrace,,,
2026-03-23 01:47:00+00:00,2026-03-23 01:48:00+00:00,-15.0,1,pattern,uptrend_retrace,uptrend_retrace,,,
2026-03-23 01:49:00+00:00,2026-03-23 01:56:00+00:00,-15.0,1,pattern,uptrend_retrace,uptrend_retrace,,,
2026-03-23 01:58:00+00:00,2026-03-23 02:37:00+00:00,-15.0,1,pattern,uptrend_retrace,uptrend_retrace,,,
2026-03-23 04:01:00+00:00,2026-03-23 04:36:00+00:00,6.449999999999818,1,energetic,,energetic,,,
2026-03-23 04:37:00+00:00,2026-03-23 04:52:00+00:00,19.639999999999418,-1,energetic,,energetic,,,
2026-03-23 04:53:00+00:00,2026-03-23 05:30:00+00:00,-25.0,1,energetic,,energetic,,,
2026-03-23 06:02:00+00:00,2026-03-23 06:31:00+00:00,69.05000000000018,-1,pattern,reversal_fvg_short,reversal_fvg_short,,,
2026-03-23 06:33:00+00:00,2026-03-23 06:43:00+00:00,-25.0,1,energetic,,energetic,,,
2026-03-23 06:44:00+00:00,2026-03-23 06:47:00+00:00,-25.0,1,energetic,,energetic,,,
2026-03-23 06:48:00+00:00,2026-03-23 06:50:00+00:00,47.02000000000044,1,energetic,,energetic,,,
2026-03-23 06:50:00+00:00,2026-03-23 07:01:00+00:00,-15.0,1,pattern,uptrend_retrace,uptrend_retrace,,,
2026-03-23 07:02:00+00:00,2026-03-23 07:08:00+00:00,55.75,-1,pattern,downtrend_retrace,downtrend_retrace,,,
2026-03-23 07:09:00+00:00,2026-03-23 07:10:00+00:00,20.300000000000182,1,energetic,,energetic,,,
2026-03-23 07:10:00+00:00,2026-03-23 07:20:00+00:00,55.07999999999993,-1,pattern,downtrend_retrace,downtrend_retrace,,,
2026-03-23 07:21:00+00:00,2026-03-23 07:29:00+00:00,24.9399999999996,1,energetic,,energetic,,,
2026-03-23 07:29:00+00:00,2026-03-23 07:38:00+00:00,63.19000000000051,1,pattern,uptrend_retrace,uptrend_retrace,,,
2026-03-23 07:40:00+00:00,2026-03-23 07:41:00+00:00,28.3100000000004,1,pattern,uptrend_retrace,uptrend_retrace,,,
2026-03-23 07:42:00+00:00,2026-03-23 07:43:00+00:00,-1.300000000000182,1,energetic,,energetic,,,
2026-03-23 07:43:00+00:00,2026-03-23 08:35:00+00:00,77.32999999999993,1,pattern,uptrend_retrace,uptrend_retrace,,,
2026-03-23 08:36:00+00:00,2026-03-23 08:38:00+00:00,-15.0,1,pattern,uptrend_retrace,uptrend_retrace,,,
2026-03-23 08:39:00+00:00,2026-03-23 08:51:00+00:00,-15.0,1,pattern,uptrend_retrace,uptrend_retrace,,,
2026-03-23 08:52:00+00:00,2026-03-23 09:16:00+00:00,50.36999999999989,1,pattern,uptrend_retrace,uptrend_retrace,,,
2026-03-23 09:18:00+00:00,2026-03-23 09:39:00+00:00,35.0,-1,v16_dip_short,,v16_dip_short,,,
2026-03-23 09:53:00+00:00,2026-03-23 10:38:00+00:00,-6.089999999999236,-1,v16_dip_short,,v16_dip_short,,,
2026-03-23 10:39:00+00:00,2026-03-23 10:50:00+00:00,30.519999999999527,1,pattern,uptrend_retrace,uptrend_retrace,,,
2026-03-23 10:51:00+00:00,2026-03-23 10:59:00+00:00,7.559999999999491,-1,energetic,,energetic,,,
2026-03-23 11:00:00+00:00,2026-03-23 11:05:00+00:00,30.0,1,energetic,,energetic,,,
2026-03-23 11:32:00+00:00,2026-03-23 11:57:00+00:00,35.05500000000029,-1,v16_dip_short,,v16_dip_short,,,
2026-03-23 12:01:00+00:00,2026-03-23 12:03:00+00:00,-15.0,1,pattern,uptrend_retrace,uptrend_retrace,,,
2026-03-23 12:04:00+00:00,2026-03-23 12:05:00+00:00,-15.0,1,pattern,uptrend_retrace,uptrend_retrace,,,
2026-03-23 12:06:00+00:00,2026-03-23 12:10:00+00:00,29.88000000000011,1,pattern,uptrend_retrace,uptrend_retrace,,,
2026-03-23 12:11:00+00:00,2026-03-23 12:15:00+00:00,9.049999999999272,-1,energetic,,energetic,,,
2026-03-23 12:15:00+00:00,2026-03-23 12:17:00+00:00,32.0600000000004,1,pattern,uptrend_retrace,uptrend_retrace,,,
2026-03-23 12:18:00+00:00,2026-03-23 12:30:00+00:00,-15.0,1,pattern,uptrend_retrace,uptrend_retrace,,,
2026-03-23 12:31:00+00:00,2026-03-23 12:50:00+00:00,86.19000000000051,1,pattern,uptrend_retrace,uptrend_retrace,,,
2026-03-23 12:52:00+00:00,2026-03-23 13:30:00+00:00,70.1299999999992,-1,energetic,,energetic,,,
2026-03-23 14:02:00+00:00,2026-03-23 14:25:00+00:00,-35.0,-1,v16_dip_short,,v16_dip_short,,,
2026-03-23 14:33:00+00:00,2026-03-23 15:17:00+00:00,50.279999999999745,-1,v16_dip_short,,v16_dip_short,,,
2026-03-23 16:02:00+00:00,2026-03-23 16:05:00+00:00,-15.0,1,pattern,uptrend_retrace,uptrend_retrace,,,
2026-03-23 16:06:00+00:00,2026-03-23 16:07:00+00:00,13.409999999999854,1,energetic,,energetic,,,
2026-03-23 16:07:00+00:00,2026-03-23 16:25:00+00:00,-15.0,1,pattern,uptrend_retrace,uptrend_retrace,,,
2026-03-23 16:26:00+00:00,2026-03-23 16:38:00+00:00,16.899999999999636,1,energetic,,energetic,,,
2026-03-23 16:39:00+00:00,2026-03-23 16:41:00+00:00,3.149999999999636,-1,energetic,,energetic,,,
2026-03-23 16:41:00+00:00,2026-03-23 17:11:00+00:00,18.100000000000364,1,pattern,uptrend_retrace,uptrend_retrace,,,
2026-03-23 17:32:00+00:00,2026-03-23 18:22:00+00:00,12.039999999999964,-1,v16_dip_short,,v16_dip_short,,,
2026-03-23 18:22:00+00:00,2026-03-23 18:41:00+00:00,40.039999999999964,1,pattern,uptrend_retrace,uptrend_retrace,,,
2026-03-23 18:42:00+00:00,2026-03-23 19:13:00+00:00,36.100000000000364,-1,energetic,,energetic,,,
2026-03-23 20:01:00+00:00,2026-03-23 20:59:00+00:00,22.149999999999636,1,pattern,uptrend_retrace,uptrend_retrace,,,
2026-03-23 22:04:00+00:00,2026-03-23 23:01:00+00:00,-20.8700000000008,-1,energetic,,energetic,,,
2026-03-24 01:01:00+00:00,2026-03-24 01:08:00+00:00,-15.0,1,pattern,uptrend_retrace,uptrend_retrace,,,
2026-03-24 01:09:00+00:00,2026-03-24 01:32:00+00:00,-9.079999999999927,-1,pattern,reversal_fvg_short,reversal_fvg_short,,,
2026-03-24 01:35:00+00:00,2026-03-24 01:41:00+00:00,-15.0,1,pattern,uptrend_retrace,uptrend_retrace,,,
2026-03-24 01:43:00+00:00,2026-03-24 02:30:00+00:00,-30.0,-1,pattern,downtrend_retrace,downtrend_retrace,,,
2026-03-24 02:33:00+00:00,2026-03-24 02:51:00+00:00,8.900000000000546,-1,energetic,,energetic,,,
2026-03-24 02:51:00+00:00,2026-03-24 03:36:00+00:00,-15.0,1,pattern,uptrend_retrace,uptrend_retrace,,,
2026-03-24 03:38:00+00:00,2026-03-24 04:12:00+00:00,9.350000000000364,1,pattern,uptrend_retrace,uptrend_retrace,,,
2026-03-24 04:13:00+00:00,2026-03-24 04:19:00+00:00,-15.0,1,pattern,uptrend_retrace,uptrend_retrace,,,
2026-03-24 04:23:00+00:00,2026-03-24 04:53:00+00:00,-15.139999999999418,-1,energetic,,energetic,,,
2026-03-24 05:17:00+00:00,2026-03-24 05:46:00+00:00,22.359999999999673,1,energetic,,energetic,,,
2026-03-24 05:47:00+00:00,2026-03-24 05:57:00+00:00,17.11999999999989,-1,energetic,,energetic,,,
2026-03-24 05:57:00+00:00,2026-03-24 06:22:00+00:00,37.88999999999942,1,pattern,uptrend_retrace,uptrend_retrace,,,
2026-03-24 06:26:00+00:00,2026-03-24 06:39:00+00:00,0.3099999999994907,-1,energetic,,energetic,,,
2026-03-24 06:39:00+00:00,2026-03-24 07:00:00+00:00,20.0,1,pattern,uptrend_retrace,uptrend_retrace,,,
2026-03-24 07:43:00+00:00,2026-03-24 07:52:00+00:00,27.5,1,pattern,uptrend_retrace,uptrend_retrace,,,
2026-03-24 08:03:00+00:00,2026-03-24 08:20:00+00:00,-15.0,1,pattern,uptrend_retrace,uptrend_retrace,,,
2026-03-24 08:22:00+00:00,2026-03-24 08:55:00+00:00,10.149999999999636,1,pattern,uptrend_retrace,uptrend_retrace,,,
2026-03-24 11:04:00+00:00,2026-03-24 11:23:00+00:00,1.1099999999996726,-1,energetic,,energetic,,,
2026-03-24 11:23:00+00:00,2026-03-24 11:53:00+00:00,-15.0,1,pattern,uptrend_retrace,uptrend_retrace,,,
2026-03-24 11:54:00+00:00,2026-03-24 11:57:00+00:00,-11.930000000000291,-1,energetic,,energetic,,,
2026-03-24 11:57:00+00:00,2026-03-24 12:12:00+00:00,-13.609999999999673,-1,pattern,downtrend_retrace,downtrend_retrace,,,
2026-03-24 13:01:00+00:00,2026-03-24 14:01:00+00:00,-11.819999999999709,-1,pattern,reversal_fvg_short,reversal_fvg_short,,,
2026-03-24 14:34:00+00:00,2026-03-24 15:20:00+00:00,4.3400000000001455,-1,v16_dip_short,,v16_dip_short,,,
2026-03-24 15:38:00+00:00,2026-03-24 16:24:00+00:00,-1.1799999999993815,-1,v16_dip_short,,v16_dip_short,,,
2026-03-24 17:51:00+00:00,2026-03-24 18:32:00+00:00,-35.0,-1,v16_dip_short,,v16_dip_short,,,
2026-03-24 20:24:00+00:00,2026-03-24 20:24:00+00:00,30.0,1,energetic,,energetic,,,
2026-03-24 20:26:00+00:00,2026-03-24 20:29:00+00:00,-25.0,1,energetic,,energetic,,,
2026-03-24 20:39:00+00:00,2026-03-24 20:41:00+00:00,-15.0,1,pattern,uptrend_retrace,uptrend_retrace,,,
2026-03-24 20:43:00+00:00,2026-03-24 22:01:00+00:00,21.279999999999745,1,pattern,reversal_fvg_long,reversal_fvg_long,,,
2026-03-24 22:06:00+00:00,2026-03-24 22:30:00+00:00,-25.0,1,energetic,,energetic,,,
2026-03-24 23:40:00+00:00,2026-03-24 23:42:00+00:00,-9.38000000000011,1,energetic,,energetic,,,
2026-03-24 23:42:00+00:00,2026-03-25 00:59:00+00:00,26.829999999999927,1,pattern,reversal_fvg_long,reversal_fvg_long,,,
2026-03-25 01:07:00+00:00,2026-03-25 01:59:00+00:00,26.43000000000029,1,pattern,reversal_fvg_long,reversal_fvg_long,,,
2026-03-25 08:02:00+00:00,2026-03-25 08:03:00+00:00,-11.260000000000218,-1,v16_momentum,,v16_momentum,,,
2026-03-25 09:34:00+00:00,2026-03-25 10:00:00+00:00,0.02999999999974534,-1,v16_momentum,,v16_momentum,,,
2026-03-25 11:24:00+00:00,2026-03-25 11:31:00+00:00,-1.1899999999995998,-1,energetic,,energetic,,,
2026-03-25 11:31:00+00:00,2026-03-25 11:47:00+00:00,-10.989999999999782,1,pattern,reversal_fvg_long,reversal_fvg_long,,,
2026-03-25 12:29:00+00:00,2026-03-25 12:59:00+00:00,-2.1500000000005457,-1,energetic,,energetic,,,
2026-03-25 13:04:00+00:00,2026-03-25 13:53:00+00:00,11.789999999999964,-1,v16_dip_short,,v16_dip_short,,,
2026-03-25 17:17:00+00:00,2026-03-25 17:27:00+00:00,-11.850000000000364,-1,v16_momentum,,v16_momentum,,,
2026-03-25 19:02:00+00:00,2026-03-26 07:02:00+00:00,78.51000000000022,-1,v16_momentum,,v16_momentum,,,
2026-03-26 08:16:00+00:00,2026-03-26 08:19:00+00:00,-1.4299999999993815,-1,energetic,,energetic,,,
2026-03-26 08:19:00+00:00,2026-03-26 09:07:00+00:00,10.890000000000327,-1,pattern,downtrend_retrace,downtrend_retrace,,,
2026-03-26 09:23:00+00:00,2026-03-26 10:08:00+00:00,16.159999999999854,-1,v16_dip_short,,v16_dip_short,,,
2026-03-26 10:51:00+00:00,2026-03-26 11:36:00+00:00,-1.2399999999997817,-1,v16_dip_short,,v16_dip_short,,,
2026-03-26 11:50:00+00:00,2026-03-26 11:51:00+00:00,1.3299999999999272,-1,energetic,,energetic,,,
2026-03-26 11:51:00+00:00,2026-03-26 12:22:00+00:00,-19.399999999999636,-1,pattern,downtrend_retrace,downtrend_retrace,,,
2026-03-26 12:57:00+00:00,2026-03-26 13:42:00+00:00,-9.229999999999563,-1,energetic,,energetic,,,
2026-03-26 14:35:00+00:00,2026-03-26 15:22:00+00:00,22.210000000000036,-1,v16_dip_short,,v16_dip_short,,,
2026-03-26 20:12:00+00:00,2026-03-26 20:13:00+00:00,20.0,1,pattern,uptrend_retrace,uptrend_retrace,,,
2026-03-26 20:15:00+00:00,2026-03-26 20:25:00+00:00,-3.100000000000364,-1,energetic,,energetic,,,
2026-03-26 20:25:00+00:00,2026-03-26 20:51:00+00:00,-15.0,1,pattern,uptrend_retrace,uptrend_retrace,,,
2026-03-26 20:52:00+00:00,2026-03-26 20:53:00+00:00,3.9400000000005093,-1,energetic,,energetic,,,
2026-03-26 20:54:00+00:00,2026-03-26 22:01:00+00:00,7.359999999999673,1,energetic,,energetic,,,
2026-03-26 22:03:00+00:00,2026-03-26 22:33:00+00:00,-19.769999999999527,-1,energetic,,energetic,,,
2026-03-26 22:58:00+00:00,2026-03-26 23:08:00+00:00,-15.0,1,pattern,uptrend_retrace,uptrend_retrace,,,
2026-03-27 02:04:00+00:00,2026-03-27 02:26:00+00:00,-3.509999999999309,1,pattern,reversal_fvg_long,reversal_fvg_long,,,
2026-03-27 08:32:00+00:00,2026-03-27 11:15:00+00:00,17.73999999999978,-1,v16_momentum,,v16_momentum,,,
2026-03-27 12:39:00+00:00,2026-03-27 13:24:00+00:00,4.4099999999998545,-1,v16_dip_short,,v16_dip_short,,,
2026-03-27 14:03:00+00:00,2026-03-27 14:47:00+00:00,-35.0,-1,v16_dip_short,,v16_dip_short,,,
2026-03-27 14:51:00+00:00,2026-03-27 14:55:00+00:00,-15.039999999999964,-1,energetic,,energetic,,,
2026-03-27 14:55:00+00:00,2026-03-27 15:14:00+00:00,43.54999999999927,1,pattern,reversal_fvg_long,reversal_fvg_long,,,
2026-03-27 15:16:00+00:00,2026-03-27 15:21:00+00:00,21.609999999999673,1,pattern,reversal_fvg_long,reversal_fvg_long,,,
2026-03-27 15:22:00+00:00,2026-03-27 16:09:00+00:00,15.780000000000655,-1,v16_dip_short,,v16_dip_short,,,
2026-03-27 17:17:00+00:00,2026-03-27 17:27:00+00:00,-15.0,1,pattern,uptrend_retrace,uptrend_retrace,,,
2026-03-27 17:28:00+00:00,2026-03-27 18:05:00+00:00,5.769999999999527,1,pattern,uptrend_retrace,uptrend_retrace,,,
2026-03-27 18:32:00+00:00,2026-03-27 20:49:00+00:00,-13.599999999999454,1,v16_momentum,,v16_momentum,,,
2026-03-29 22:13:00+00:00,2026-03-29 22:25:00+00:00,18.519999999999527,1,energetic,,energetic,,,
2026-03-29 22:25:00+00:00,2026-03-29 22:44:00+00:00,-15.0,1,pattern,uptrend_retrace,uptrend_retrace,,,
2026-03-29 22:45:00+00:00,2026-03-29 23:33:00+00:00,32.30000000000018,-1,energetic,,energetic,,,
2026-03-29 23:33:00+00:00,2026-03-30 01:27:00+00:00,6.350000000000364,-1,pattern,downtrend_retrace,downtrend_retrace,,,
2026-03-30 01:28:00+00:00,2026-03-30 02:10:00+00:00,15.359999999999673,1,pattern,uptrend_retrace,uptrend_retrace,,,
2026-03-30 11:43:00+00:00,2026-03-30 11:47:00+00:00,-25.0,-1,energetic,,energetic,,,
2026-03-30 11:51:00+00:00,2026-03-30 12:37:00+00:00,2.199999999999818,-1,v16_dip_short,,v16_dip_short,,,
2026-03-30 13:02:00+00:00,2026-03-30 13:35:00+00:00,23.1899999999996,-1,energetic,,energetic,,,
2026-03-30 13:36:00+00:00,2026-03-30 13:58:00+00:00,-25.0,1,energetic,,energetic,,,
2026-03-30 19:07:00+00:00,2026-03-30 19:52:00+00:00,-2.0799999999999272,-1,v16_dip_short,,v16_dip_short,,,
2026-03-31 01:15:00+00:00,2026-03-31 01:43:00+00:00,73.25,1,pattern,reversal_fvg_long,reversal_fvg_long,,,
2026-03-31 01:46:00+00:00,2026-03-31 01:50:00+00:00,-15.0,1,pattern,reversal_fvg_long,reversal_fvg_long,,,
2026-03-31 01:53:00+00:00,2026-03-31 02:01:00+00:00,-15.0,1,pattern,uptrend_retrace,uptrend_retrace,,,
2026-03-31 02:02:00+00:00,2026-03-31 02:24:00+00:00,-10.770000000000437,1,pattern,uptrend_retrace,uptrend_retrace,,,
2026-03-31 11:02:00+00:00,2026-03-31 11:10:00+00:00,-7.529999999999745,1,v16_momentum,,v16_momentum,,,
2026-03-31 11:23:00+00:00,2026-03-31 12:09:00+00:00,-16.140000000000327,-1,v16_dip_short,,v16_dip_short,,,
2026-03-31 14:01:00+00:00,2026-03-31 14:17:00+00:00,-8.479999999999563,1,energetic,,energetic,,,
2026-03-31 14:17:00+00:00,2026-03-31 14:47:00+00:00,-2.9399999999996,1,pattern,reversal_fvg_long,reversal_fvg_long,,,
2026-03-31 15:06:00+00:00,2026-03-31 15:37:00+00:00,0.4499999999998181,1,pattern,uptrend_retrace,uptrend_retrace,,,
2026-03-31 17:22:00+00:00,2026-03-31 18:09:00+00:00,-16.5600000000004,-1,v16_dip_short,,v16_dip_short,,,
2026-03-31 18:10:00+00:00,2026-03-31 18:55:00+00:00,-3.9600000000000364,-1,v16_dip_short,,v16_dip_short,,,
2026-04-01 00:25:00+00:00,2026-04-01 00:37:00+00:00,-15.0,1,pattern,reversal_fvg_long,reversal_fvg_long,,,
2026-04-01 01:02:00+00:00,2026-04-01 01:07:00+00:00,-2.380000000000109,1,energetic,,energetic,,,
2026-04-01 01:07:00+00:00,2026-04-01 01:37:00+00:00,5.559999999999491,1,pattern,uptrend_retrace,uptrend_retrace,,,
2026-04-01 01:41:00+00:00,2026-04-01 02:11:00+00:00,9.86999999999989,1,energetic,,energetic,,,
2026-04-01 06:49:00+00:00,2026-04-01 07:04:00+00:00,-5.170000000000073,1,pattern,reversal_fvg_long,reversal_fvg_long,,,
2026-04-01 10:47:00+00:00,2026-04-01 12:26:00+00:00,-9.789999999999964,1,v16_momentum,,v16_momentum,,,
2026-04-01 14:02:00+00:00,2026-04-01 14:47:00+00:00,-18.980000000000473,-1,v16_dip_short,,v16_dip_short,,,
2026-04-01 15:04:00+00:00,2026-04-01 15:54:00+00:00,-15.469999999999345,-1,v16_dip_short,,v16_dip_short,,,
2026-04-02 01:01:00+00:00,2026-04-02 01:18:00+00:00,41.81999999999971,-1,energetic,,energetic,,,
2026-04-02 01:18:00+00:00,2026-04-02 01:32:00+00:00,72.75,-1,pattern,downtrend_retrace,downtrend_retrace,,,
2026-04-02 01:33:00+00:00,2026-04-02 01:34:00+00:00,18.779999999999745,1,energetic,,energetic,,,
2026-04-02 01:34:00+00:00,2026-04-02 01:36:00+00:00,-30.0,-1,pattern,downtrend_retrace,downtrend_retrace,,,
2026-04-02 01:37:00+00:00,2026-04-02 02:32:00+00:00,-15.0,1,pattern,uptrend_retrace,uptrend_retrace,,,
2026-04-02 02:33:00+00:00,2026-04-02 02:44:00+00:00,-4.020000000000437,-1,energetic,,energetic,,,
2026-04-02 02:44:00+00:00,2026-04-02 03:02:00+00:00,-3.569999999999709,-1,pattern,downtrend_retrace,downtrend_retrace,,,
2026-04-02 05:31:00+00:00,2026-04-02 05:49:00+00:00,77.38999999999942,-1,energetic,,energetic,,,
2026-04-02 05:50:00+00:00,2026-04-02 05:52:00+00:00,11.670000000000073,1,energetic,,energetic,,,
2026-04-02 05:52:00+00:00,2026-04-02 06:41:00+00:00,8.850000000000364,-1,pattern,downtrend_retrace,downtrend_retrace,,,
2026-04-02 06:45:00+00:00,2026-04-02 07:09:00+00:00,-25.0,-1,energetic,,energetic,,,
2026-04-02 07:18:00+00:00,2026-04-02 08:34:00+00:00,-12.829999999999927,-1,v16_dip_short,,v16_dip_short,,,
2026-04-02 08:50:00+00:00,2026-04-02 09:28:00+00:00,4.079999999999927,-1,energetic,,energetic,,,
2026-04-02 10:07:00+00:00,2026-04-02 10:37:00+00:00,10.1899999999996,-1,energetic,,energetic,,,
2026-04-02 10:43:00+00:00,2026-04-02 11:25:00+00:00,-2.5100000000002183,-1,energetic,,energetic,,,
2026-04-02 11:30:00+00:00,2026-04-02 11:31:00+00:00,3.2999999999992724,-1,energetic,,energetic,,,
2026-04-02 11:32:00+00:00,2026-04-02 11:53:00+00:00,-10.039999999999964,1,energetic,,energetic,,,
2026-04-02 11:53:00+00:00,2026-04-02 12:17:00+00:00,-9.5,-1,pattern,reversal_fvg_short,reversal_fvg_short,,,
2026-04-02 12:47:00+00:00,2026-04-02 13:30:00+00:00,16.610000000000582,-1,v16_momentum,,v16_momentum,,,
2026-04-02 13:47:00+00:00,2026-04-02 13:57:00+00:00,-35.0,-1,v16_dip_short,,v16_dip_short,,,
2026-04-02 14:25:00+00:00,2026-04-02 15:24:00+00:00,11.849999999999454,-1,v16_dip_short,,v16_dip_short,,,
2026-04-02 18:47:00+00:00,2026-04-05 22:01:00+00:00,-14.520000000000437,1,v16_momentum,,v16_momentum,,,
2026-04-05 22:07:00+00:00,2026-04-05 22:42:00+00:00,8.549999999999272,1,energetic,,energetic,,,
2026-04-05 22:54:00+00:00,2026-04-05 22:54:00+00:00,-25.0,1,energetic,,energetic,,,
2026-04-05 22:55:00+00:00,2026-04-05 22:59:00+00:00,-14.13000000000011,-1,energetic,,energetic,,,
2026-04-05 22:59:00+00:00,2026-04-05 23:09:00+00:00,-15.0,1,pattern,uptrend_retrace,uptrend_retrace,,,
2026-04-05 23:27:00+00:00,2026-04-05 23:52:00+00:00,-2.509999999999309,-1,pattern,downtrend_retrace,downtrend_retrace,,,
2026-04-06 08:05:00+00:00,2026-04-06 08:50:00+00:00,-2.0700000000006185,-1,v16_dip_short,,v16_dip_short,,,
2026-04-07 01:11:00+00:00,2026-04-07 01:33:00+00:00,-25.0,-1,energetic,,energetic,,,
2026-04-07 01:39:00+00:00,2026-04-07 02:31:00+00:00,-2.5799999999999272,-1,energetic,,energetic,,,
2026-04-07 05:31:00+00:00,2026-04-07 06:16:00+00:00,-19.149999999999636,-1,energetic,,energetic,,,
2026-04-07 08:03:00+00:00,2026-04-07 08:23:00+00:00,-35.0,-1,v16_dip_short,,v16_dip_short,,,
2026-04-07 08:32:00+00:00,2026-04-07 08:53:00+00:00,-1.0799999999999272,1,pattern,reversal_fvg_long,reversal_fvg_long,,,
2026-04-07 14:07:00+00:00,2026-04-07 14:23:00+00:00,-25.0,-1,energetic,,energetic,,,
2026-04-07 15:54:00+00:00,2026-04-07 16:39:00+00:00,-5.920000000000073,-1,v16_dip_short,,v16_dip_short,,,
2026-04-07 17:07:00+00:00,2026-04-07 17:52:00+00:00,-8.279999999999745,-1,v16_dip_short,,v16_dip_short,,,
2026-04-07 19:54:00+00:00,2026-04-07 20:49:00+00:00,13.640000000000327,1,pattern,reversal_fvg_long,reversal_fvg_long,,,
2026-04-07 20:52:00+00:00,2026-04-07 22:01:00+00:00,20.0,1,pattern,reversal_fvg_long,reversal_fvg_long,,,
2026-04-07 22:03:00+00:00,2026-04-07 22:04:00+00:00,6.369999999999891,1,energetic,,energetic,,,
2026-04-07 22:04:00+00:00,2026-04-07 22:32:00+00:00,-15.0,1,pattern,uptrend_retrace,uptrend_retrace,,,
2026-04-07 22:35:00+00:00,2026-04-07 22:42:00+00:00,14.269999999999527,1,energetic,,energetic,,,
2026-04-07 22:42:00+00:00,2026-04-07 22:56:00+00:00,40.0,1,pattern,breakthrough_long,breakthrough_long,,,
2026-04-07 23:02:00+00:00,2026-04-07 23:39:00+00:00,-1.4299999999993815,1,pattern,uptrend_retrace,uptrend_retrace,,,
2026-04-08 00:01:00+00:00,2026-04-08 00:13:00+00:00,1.2600000000002183,-1,energetic,,energetic,,,
2026-04-08 00:13:00+00:00,2026-04-08 00:25:00+00:00,-15.0,1,pattern,uptrend_retrace,uptrend_retrace,,,
2026-04-08 01:00:00+00:00,2026-04-08 01:19:00+00:00,-15.0,1,pattern,uptrend_retrace,uptrend_retrace,,,
2026-04-08 01:20:00+00:00,2026-04-08 01:32:00+00:00,-15.0,1,pattern,uptrend_retrace,uptrend_retrace,,,
2026-04-08 13:35:00+00:00,2026-04-08 14:08:00+00:00,2.2899999999999636,-1,energetic,,energetic,,,
2026-04-08 15:01:00+00:00,2026-04-08 15:31:00+00:00,-9.279999999999745,-1,energetic,,energetic,,,
2026-04-08 19:38:00+00:00,2026-04-08 20:23:00+00:00,1.2899999999999636,-1,v16_dip_short,,v16_dip_short,,,
2026-04-09 07:38:00+00:00,2026-04-09 08:24:00+00:00,-0.32999999999992724,-1,v16_dip_short,,v16_dip_short,,,
2026-04-09 15:20:00+00:00,2026-04-09 16:22:00+00:00,-11.1899999999996,-1,v16_dip_short,,v16_dip_short,,,
2026-04-09 18:17:00+00:00,2026-04-10 00:30:00+00:00,28.979999999999563,-1,v16_momentum,,v16_momentum,,,
2026-04-10 07:02:00+00:00,2026-04-10 07:23:00+00:00,-10.460000000000036,-1,v16_momentum,,v16_momentum,,,
2026-04-12 22:08:00+00:00,2026-04-12 22:25:00+00:00,-25.0,1,energetic,,energetic,,,
2026-04-12 22:26:00+00:00,2026-04-12 23:03:00+00:00,9.220000000000255,1,energetic,,energetic,,,
2026-04-13 09:17:00+00:00,2026-04-13 11:05:00+00:00,-7.839999999999236,-1,v16_momentum,,v16_momentum,,,
2026-04-13 11:17:00+00:00,2026-04-13 12:15:00+00:00,4.880000000000109,-1,v16_momentum,,v16_momentum,,,
2026-04-13 13:16:00+00:00,2026-04-13 13:31:00+00:00,-2.8599999999996726,1,pattern,reversal_fvg_long,reversal_fvg_long,,,
2026-04-14 10:42:00+00:00,2026-04-14 11:12:00+00:00,-18.0,-1,energetic,,energetic,,,
2026-04-14 13:17:00+00:00,2026-04-15 05:45:00+00:00,30.420000000000073,1,v16_momentum,,v16_momentum,,,
2026-04-15 14:47:00+00:00,2026-04-15 15:45:00+00:00,13.61999999999989,-1,v16_momentum,,v16_momentum,,,
2026-04-17 12:32:00+00:00,2026-04-19 22:01:00+00:00,-12.399999999999636,1,v16_momentum,,v16_momentum,,,
2026-04-19 22:07:00+00:00,2026-04-19 22:40:00+00:00,0.2600000000002183,1,energetic,,energetic,,,
2026-04-19 23:44:00+00:00,2026-04-20 00:24:00+00:00,-12.339999999999236,-1,energetic,,energetic,,,
2026-04-20 13:41:00+00:00,2026-04-20 13:56:00+00:00,1.5299999999997453,1,pattern,reversal_fvg_long,reversal_fvg_long,,,
2026-04-21 12:33:00+00:00,2026-04-21 13:40:00+00:00,-7.9299999999993815,-1,v16_momentum,,v16_momentum,,,
2026-04-21 16:18:00+00:00,2026-04-22 00:00:00+00:00,-10.270000000000437,-1,v16_momentum,,v16_momentum,,,
2026-04-22 12:47:00+00:00,2026-04-22 13:43:00+00:00,-5.600000000000364,-1,v16_momentum,,v16_momentum,,,
2026-04-22 14:17:00+00:00,2026-04-22 16:30:00+00:00,20.61999999999989,-1,v16_momentum,,v16_momentum,,,
2026-04-23 08:32:00+00:00,2026-04-23 11:59:00+00:00,-7.029999999999745,-1,v16_momentum,,v16_momentum,,,
2026-04-28 08:17:00+00:00,2026-04-28 08:32:00+00:00,-11.9399999999996,-1,v16_momentum,,v16_momentum,,,
2026-04-28 14:03:00+00:00,2026-04-28 14:36:00+00:00,4.3200000000006185,-1,energetic,,energetic,,,
2026-04-28 14:42:00+00:00,2026-04-28 15:12:00+00:00,-10.530000000000655,-1,energetic,,energetic,,,
2026-04-29 13:41:00+00:00,2026-04-29 14:20:00+00:00,-15.179999999999382,-1,energetic,,energetic,,,
2026-04-29 16:32:00+00:00,2026-04-29 18:45:00+00:00,34.840000000000146,-1,v16_momentum,,v16_momentum,,,
2026-04-30 07:02:00+00:00,2026-04-30 23:45:00+00:00,41.8799999999992,1,v16_momentum,,v16_momentum,,,
2026-05-01 12:32:00+00:00,2026-05-01 12:47:00+00:00,-6.619999999999891,1,pattern,reversal_fvg_long,reversal_fvg_long,,,
2026-05-04 15:02:00+00:00,2026-05-05 04:00:00+00:00,27.409999999999854,-1,v16_momentum,,v16_momentum,,,
2026-05-06 00:25:00+00:00,2026-05-06 00:51:00+00:00,7.9099999999998545,1,pattern,reversal_fvg_long,reversal_fvg_long,,,
2026-05-06 01:01:00+00:00,2026-05-06 01:21:00+00:00,0.36999999999989086,1,pattern,reversal_fvg_long,reversal_fvg_long,,,
2026-05-06 08:51:00+00:00,2026-05-06 09:21:00+00:00,-0.5100000000002183,-1,energetic,,energetic,,,
2026-05-06 13:16:00+00:00,2026-05-06 14:04:00+00:00,-19.019999999999527,-1,energetic,,energetic,,,
2026-05-07 12:47:00+00:00,2026-05-07 13:05:00+00:00,-13.800000000000182,1,v16_momentum,,v16_momentum,,,
2026-05-08 07:02:00+00:00,2026-05-08 07:30:00+00:00,21.8100000000004,-1,v16_momentum,,v16_momentum,,,
2026-05-08 13:36:00+00:00,2026-05-08 13:55:00+00:00,1.5599999999994907,1,pattern,reversal_fvg_long,reversal_fvg_long,,,
2026-05-11 08:02:00+00:00,2026-05-11 08:11:00+00:00,-5.6599999999998545,-1,v16_momentum,,v16_momentum,,,
2026-05-11 08:47:00+00:00,2026-05-11 09:45:00+00:00,7.789999999999964,-1,v16_momentum,,v16_momentum,,,
2026-05-11 13:04:00+00:00,2026-05-11 13:36:00+00:00,31.579999999999927,1,pattern,reversal_fvg_long,reversal_fvg_long,,,
2026-05-11 17:02:00+00:00,2026-05-12 04:55:00+00:00,-7.029999999999745,1,v16_momentum,,v16_momentum,,,
2026-05-12 14:37:00+00:00,2026-05-12 14:52:00+00:00,5.589999999999236,-1,pattern,downtrend_retrace,downtrend_retrace,,,
2026-05-13 16:47:00+00:00,2026-05-13 19:00:00+00:00,13.200000000000728,-1,v16_momentum,,v16_momentum,,,
2026-05-15 05:19:00+00:00,2026-05-15 06:29:00+00:00,9.200000000000728,-1,energetic,,energetic,,,
2026-05-15 13:13:00+00:00,2026-05-15 14:15:00+00:00,-1.6099999999996726,-1,energetic,,energetic,,,
2026-05-15 14:15:00+00:00,2026-05-15 14:41:00+00:00,7.710000000000036,1,pattern,uptrend_retrace,uptrend_retrace,,,
2026-05-15 15:17:00+00:00,2026-05-15 17:26:00+00:00,-12.6899999999996,-1,v16_momentum,,v16_momentum,,,
2026-05-15 18:32:00+00:00,2026-05-15 18:46:00+00:00,-5.829999999999927,-1,v16_momentum,,v16_momentum,,,
2026-05-18 01:01:00+00:00,2026-05-18 01:02:00+00:00,-11.920000000000073,1,energetic,,energetic,,,
2026-05-18 01:02:00+00:00,2026-05-18 01:17:00+00:00,-0.22000000000025466,-1,pattern,downtrend_retrace,downtrend_retrace,,,
2026-05-18 01:21:00+00:00,2026-05-18 01:51:00+00:00,37.409999999999854,1,energetic,,energetic,,,
2026-05-18 08:02:00+00:00,2026-05-18 08:33:00+00:00,-5.809999999999491,-1,v16_momentum,,v16_momentum,,,
2026-05-18 09:17:00+00:00,2026-05-18 11:15:00+00:00,6.980000000000473,-1,v16_momentum,,v16_momentum,,,
2026-05-18 16:47:00+00:00,2026-05-18 18:58:00+00:00,-8.239999999999782,1,v16_momentum,,v16_momentum,,,
2026-05-19 08:17:00+00:00,2026-05-19 22:30:00+00:00,67.32000000000062,-1,v16_momentum,,v16_momentum,,,
2026-05-20 01:30:00+00:00,2026-05-20 02:08:00+00:00,-7.9299999999993815,-1,energetic,,energetic,,,
2026-05-20 15:16:00+00:00,2026-05-20 15:29:00+00:00,-15.0,1,pattern,reversal_fvg_long,reversal_fvg_long,,,
2026-05-21 17:50:00+00:00,2026-05-21 18:39:00+00:00,9.470000000000255,-1,v16_dip_short,,v16_dip_short,,,
2026-05-22 13:47:00+00:00,2026-05-22 17:30:00+00:00,-9.849999999999454,-1,v16_momentum,,v16_momentum,,,
2026-05-24 22:05:00+00:00,2026-05-24 22:35:00+00:00,7.400000000000546,1,energetic,,energetic,,,
2026-05-26 11:47:00+00:00,2026-05-26 13:02:00+00:00,-11.720000000000255,-1,v16_momentum,,v16_momentum,,,
2026-05-26 13:51:00+00:00,2026-05-26 22:45:00+00:00,18.420000000000073,-1,v16_momentum,,v16_momentum,,,
2026-05-27 13:01:00+00:00,2026-05-27 13:11:00+00:00,10.470000000000255,-1,energetic,,energetic,,,
2026-05-27 13:11:00+00:00,2026-05-27 13:28:00+00:00,-15.0,1,pattern,reversal_fvg_long,reversal_fvg_long,,,
2026-05-27 13:31:00+00:00,2026-05-27 14:01:00+00:00,-20.99000000000069,-1,energetic,,energetic,,,
2026-05-27 14:05:00+00:00,2026-05-27 14:54:00+00:00,-2.0,-1,v16_dip_short,,v16_dip_short,,,
2026-05-28 10:47:00+00:00,2026-05-28 11:00:00+00:00,3.75,-1,v16_momentum,,v16_momentum,,,
2026-05-29 14:47:00+00:00,2026-05-31 22:01:00+00:00,-12.909999999999854,1,v16_momentum,,v16_momentum,,,
2026-06-01 11:33:00+00:00,2026-06-02 00:15:00+00:00,23.020000000000437,-1,v16_momentum,,v16_momentum,,,
2026-06-03 10:09:00+00:00,2026-06-03 10:54:00+00:00,2.2899999999999636,-1,v16_dip_short,,v16_dip_short,,,
2026-06-03 13:43:00+00:00,2026-06-03 14:15:00+00:00,-17.710000000000036,-1,energetic,,energetic,,,
2026-06-03 23:52:00+00:00,2026-06-04 00:07:00+00:00,-3.25,1,pattern,reversal_fvg_long,reversal_fvg_long,,,
2026-06-04 01:33:00+00:00,2026-06-04 02:14:00+00:00,-2.6200000000008004,1,pattern,reversal_fvg_long,reversal_fvg_long,,,
2026-06-04 11:32:00+00:00,2026-06-04 14:35:00+00:00,-10.180000000000291,1,v16_momentum,,v16_momentum,,,
2026-06-05 12:47:00+00:00,2026-06-07 22:04:00+00:00,126.6899999999996,-1,v16_momentum,,v16_momentum,,,
2026-06-08 01:32:00+00:00,2026-06-08 02:04:00+00:00,-11.860000000000582,-1,energetic,,energetic,,,
2026-06-08 09:03:00+00:00,2026-06-08 09:37:00+00:00,-2.6899999999996,-1,v16_momentum,,v16_momentum,,,
2026-06-08 11:27:00+00:00,2026-06-08 11:48:00+00:00,-6.359999999999673,1,pattern,reversal_fvg_long,reversal_fvg_long,,,
2026-06-09 11:02:00+00:00,2026-06-09 13:28:00+00:00,-8.359999999999673,1,v16_momentum,,v16_momentum,,,
2026-06-09 14:04:00+00:00,2026-06-09 14:36:00+00:00,-21.399999999999636,1,energetic,,energetic,,,
2026-06-09 14:37:00+00:00,2026-06-09 15:16:00+00:00,11.160000000000764,-1,energetic,,energetic,,,
2026-06-10 01:02:00+00:00,2026-06-10 01:11:00+00:00,2.1700000000000728,-1,energetic,,energetic,,,
2026-06-10 01:12:00+00:00,2026-06-10 01:42:00+00:00,-13.11999999999989,1,energetic,,energetic,,,
2026-06-10 05:49:00+00:00,2026-06-10 06:08:00+00:00,15.039999999999964,1,pattern,reversal_fvg_long,reversal_fvg_long,,,
2026-06-10 08:02:00+00:00,2026-06-11 03:00:00+00:00,106.17999999999938,-1,v16_momentum,,v16_momentum,,,
2026-06-11 18:29:00+00:00,2026-06-11 18:47:00+00:00,15.520000000000437,1,pattern,uptrend_retrace,uptrend_retrace,,,
2026-06-11 19:40:00+00:00,2026-06-11 19:55:00+00:00,3.7600000000002183,1,pattern,uptrend_retrace,uptrend_retrace,,,
2026-06-11 23:01:00+00:00,2026-06-11 23:03:00+00:00,-15.0,1,pattern,uptrend_retrace,uptrend_retrace,,,
2026-06-12 01:03:00+00:00,2026-06-12 01:08:00+00:00,2.569999999999709,-1,energetic,,energetic,,,
2026-06-12 01:08:00+00:00,2026-06-12 01:27:00+00:00,7.269999999999527,-1,pattern,downtrend_retrace,downtrend_retrace,,,
2026-06-12 07:47:00+00:00,2026-06-12 10:00:00+00:00,37.43000000000029,1,v16_momentum,,v16_momentum,,,
2026-06-12 13:44:00+00:00,2026-06-12 14:09:00+00:00,-10.550000000000182,-1,pattern,downtrend_retrace,downtrend_retrace,,,
2026-06-12 14:10:00+00:00,2026-06-12 14:40:00+00:00,6.010000000000218,-1,energetic,,energetic,,,
2026-06-14 22:03:00+00:00,2026-06-14 22:58:00+00:00,-0.1000000000003638,1,energetic,,energetic,,,
2026-06-15 01:46:00+00:00,2026-06-15 02:11:00+00:00,5.150000000000546,1,pattern,reversal_fvg_long,reversal_fvg_long,,,
2026-06-15 07:17:00+00:00,2026-06-15 20:45:00+00:00,-5.380000000000109,1,v16_momentum,,v16_momentum,,,
2026-06-16 13:17:00+00:00,2026-06-16 14:45:00+00:00,17.88000000000011,-1,v16_momentum,,v16_momentum,,,
2026-06-17 15:17:00+00:00,2026-06-17 18:00:00+00:00,-8.599999999999454,1,v16_momentum,,v16_momentum,,,
2026-06-17 18:23:00+00:00,2026-06-17 18:35:00+00:00,18.18000000000029,-1,energetic,,energetic,,,
2026-06-17 18:35:00+00:00,2026-06-17 18:36:00+00:00,20.0,1,pattern,reversal_fvg_long,reversal_fvg_long,,,
2026-06-17 18:37:00+00:00,2026-06-17 18:39:00+00:00,-8.0,-1,energetic,,energetic,,,
2026-06-17 18:39:00+00:00,2026-06-17 18:44:00+00:00,20.979999999999563,1,pattern,uptrend_retrace,uptrend_retrace,,,
2026-06-17 18:48:00+00:00,2026-06-17 18:55:00+00:00,-25.0,1,energetic,,energetic,,,
2026-06-17 18:56:00+00:00,2026-06-17 19:17:00+00:00,53.07000000000062,-1,energetic,,energetic,,,
2026-06-17 19:18:00+00:00,2026-06-17 19:38:00+00:00,-25.0,1,energetic,,energetic,,,
2026-06-17 19:39:00+00:00,2026-06-17 20:11:00+00:00,33.95000000000073,1,energetic,,energetic,,,
2026-06-18 00:04:00+00:00,2026-06-18 00:29:00+00:00,9.340000000000146,1,pattern,reversal_fvg_long,reversal_fvg_long,,,
2026-06-18 00:31:00+00:00,2026-06-18 01:42:00+00:00,14.960000000000036,1,pattern,reversal_fvg_long,reversal_fvg_long,,,
2026-06-18 07:47:00+00:00,2026-06-19 03:30:00+00:00,129.60000000000036,-1,v16_momentum,,v16_momentum,,,
2026-06-19 08:47:00+00:00,2026-06-19 11:45:00+00:00,16.019999999999527,-1,v16_momentum,,v16_momentum,,,
2026-06-23 05:42:00+00:00,2026-06-23 05:57:00+00:00,1.1199999999998909,-1,pattern,downtrend_retrace,downtrend_retrace,,,
2026-06-23 14:17:00+00:00,2026-06-23 14:38:00+00:00,-15.0,1,pattern,reversal_fvg_long,reversal_fvg_long,,,
2026-06-23 14:47:00+00:00,2026-06-23 15:01:00+00:00,-6.6599999999998545,-1,v16_momentum,,v16_momentum,,,
2026-06-23 15:24:00+00:00,2026-06-23 15:30:00+00:00,-6.3100000000004,-1,v16_momentum,,v16_momentum,,,
2026-06-23 17:02:00+00:00,2026-06-23 17:13:00+00:00,-5.3200000000006185,-1,v16_momentum,,v16_momentum,,,
2026-06-24 01:04:00+00:00,2026-06-24 01:12:00+00:00,-18.139999999999873,-1,energetic,,energetic,,,
2026-06-24 01:13:00+00:00,2026-06-24 01:31:00+00:00,4.230000000000018,1,energetic,,energetic,,,
2026-06-24 01:31:00+00:00,2026-06-24 01:46:00+00:00,-12.699999999999818,1,pattern,uptrend_retrace,uptrend_retrace,,,
2026-06-24 07:17:00+00:00,2026-06-25 02:15:00+00:00,112.98000000000002,-1,v16_momentum,,v16_momentum,,,
2026-06-25 13:03:00+00:00,2026-06-25 13:52:00+00:00,22.299999999999727,-1,v16_dip_short,,v16_dip_short,,,
