side,signal_ts,entry_time,entry_price,entry_style,stop,target,sl,tp,horizon,timeout,impulse_low,impulse_high,slot_low,slot_high,stop_mode,entry_struct_trend,target_updates,exit_time,exit_price,exit_reason,pnl,win,hold_min
1,2025-11-11 09:15:00+00:00,2025-11-11 09:17:00+00:00,4142.67,breakout_next_open,4135.49,4164.210000000001,7.180000000000291,21.540000000000873,120,2025-11-11 11:17:00+00:00,4135.49,4139.84,4134.36,4144.5,impulse_bar,1,0,2025-11-11 11:17:00+00:00,4140.23,timeout,-2.4400000000005093,False,120.0
-1,2025-11-14 09:15:00+00:00,2025-11-14 09:19:00+00:00,4172.7,breakout_next_open,4177.32,4158.84,4.619999999999891,13.859999999999673,120,2025-11-14 11:19:00+00:00,4172.89,4177.32,4167.94,4180.82,impulse_bar,-1,0,2025-11-14 11:09:00+00:00,4158.84,target_hit,13.859999999999673,True,110.0
-1,2025-11-14 11:15:00+00:00,2025-11-14 11:17:00+00:00,4148.3,breakout_next_open,4158.01,4119.17,9.710000000000036,29.13000000000011,120,2025-11-14 13:17:00+00:00,4151.81,4158.01,4150.85,4170.14,impulse_bar,-1,0,2025-11-14 11:40:00+00:00,4158.01,stop_loss,-9.710000000000036,False,23.0
-1,2025-11-14 12:00:00+00:00,2025-11-14 12:04:00+00:00,4135.32,breakout_next_open,4149.86,4091.7,14.539999999999964,43.61999999999989,120,2025-11-14 14:04:00+00:00,4145.57,4149.86,4130.87,4153.73,impulse_bar,-1,0,2025-11-14 13:12:00+00:00,4091.7,target_hit,43.61999999999989,True,68.0
-1,2025-11-14 14:30:00+00:00,2025-11-14 14:33:00+00:00,4039.43,breakout_next_open,4051.18,4004.18,11.75,35.25,120,2025-11-14 16:33:00+00:00,4046.92,4051.18,4046.92,4060.63,impulse_bar,-1,0,2025-11-14 14:35:00+00:00,4051.18,stop_loss,-11.75,False,2.0
-1,2025-11-14 15:30:00+00:00,2025-11-14 15:32:00+00:00,4075.98,breakout_next_open,4080.52,4062.36,4.539999999999964,13.61999999999989,120,2025-11-14 17:32:00+00:00,4074.73,4080.52,4071.59,4082.37,impulse_bar,-1,0,2025-11-14 15:37:00+00:00,4080.52,stop_loss,-4.539999999999964,False,5.0
-1,2025-11-14 17:00:00+00:00,2025-11-14 17:02:00+00:00,4104.2,breakout_next_open,4109.2,4089.2,5.0,15.0,120,2025-11-14 19:02:00+00:00,4104.53,4109.2,4102.3,4109.2,impulse_bar,-1,0,2025-11-14 17:04:00+00:00,4109.2,stop_loss,-5.0,False,2.0
-1,2025-11-14 17:15:00+00:00,2025-11-14 17:17:00+00:00,4103.21,breakout_next_open,4106.21,4094.21,3.0,9.0,120,2025-11-14 19:17:00+00:00,4101.42,4106.21,4096.19,4110.77,impulse_bar,-1,0,2025-11-14 17:28:00+00:00,4094.21,target_hit,9.0,True,11.0
1,2025-11-20 17:30:00+00:00,2025-11-20 17:32:00+00:00,4055.72,breakout_next_open,4050.48,4071.439999999999,5.239999999999782,15.719999999999345,120,2025-11-20 19:32:00+00:00,4050.48,4056.48,4050.48,4061.44,impulse_bar,1,0,2025-11-20 17:35:00+00:00,4050.48,stop_loss,-5.239999999999782,False,3.0
1,2025-11-20 17:45:00+00:00,2025-11-20 17:49:00+00:00,4059.98,breakout_next_open,4055.88,4072.2799999999997,4.099999999999909,12.299999999999727,120,2025-11-20 20:00:00+00:00,4055.88,4060.29,4049.32,4060.29,impulse_bar,1,1,2025-11-20 18:06:00+00:00,4072.2799999999997,target_hit,12.299999999999727,True,17.0
1,2025-11-20 19:30:00+00:00,2025-11-20 19:32:00+00:00,4082.08,breakout_next_open,4072.54,4110.7,9.539999999999964,28.61999999999989,120,2025-11-20 21:32:00+00:00,4072.54,4077.78,4066.33,4087.31,impulse_bar,1,0,2025-11-20 21:32:00+00:00,4078.23,timeout,-3.849999999999909,False,120.0
-1,2025-11-21 09:45:00+00:00,2025-11-21 09:47:00+00:00,4052.74,breakout_next_open,4057.07,4039.7499999999986,4.330000000000382,12.990000000001146,120,2025-11-21 11:47:00+00:00,4052.56,4057.07,4049.43,4060.96,impulse_bar,-1,0,2025-11-21 10:13:00+00:00,4039.7499999999986,target_hit,12.990000000001146,True,26.0
1,2025-11-24 09:15:00+00:00,2025-11-24 09:21:00+00:00,4073.66,breakout_next_open,4069.59,4085.869999999999,4.069999999999709,12.209999999999127,120,2025-11-24 11:21:00+00:00,4069.59,4073.64,4063.12,4074.25,impulse_bar,1,0,2025-11-24 09:22:00+00:00,4069.59,stop_loss,-4.069999999999709,False,1.0
1,2025-11-24 15:00:00+00:00,2025-11-24 15:02:00+00:00,4083.96,breakout_next_open,4074.87,4111.2300000000005,9.090000000000146,27.270000000000437,120,2025-11-24 18:45:00+00:00,4074.87,4078.48,4072.2,4086.17,impulse_bar,1,1,2025-11-24 18:39:00+00:00,4111.2300000000005,target_hit,27.270000000000437,True,217.0
1,2025-11-24 18:45:00+00:00,2025-11-24 18:48:00+00:00,4111.18,breakout_next_open,4098.86,4148.140000000002,12.320000000000618,36.960000000001855,120,2025-11-24 22:15:00+00:00,4098.86,4103.97,4095.5,4114.93,impulse_bar,1,2,2025-11-24 23:01:00+00:00,4133.46,timeout,22.279999999999745,True,253.0
1,2025-11-25 10:15:00+00:00,2025-11-25 10:17:00+00:00,4138.12,breakout_next_open,4129.29,4164.61,8.829999999999927,26.48999999999978,120,2025-11-25 12:17:00+00:00,4129.29,4133.82,4127.53,4137.76,impulse_bar,1,0,2025-11-25 10:25:00+00:00,4129.29,stop_loss,-8.829999999999927,False,8.0
1,2025-11-25 11:15:00+00:00,2025-11-25 11:17:00+00:00,4136.29,breakout_next_open,4127.81,4161.729999999999,8.479999999999563,25.43999999999869,120,2025-11-25 14:00:00+00:00,4127.81,4132.11,4127.76,4135.0,impulse_bar,1,1,2025-11-25 12:44:00+00:00,4127.81,stop_loss,-8.479999999999563,False,87.0
1,2025-11-25 13:00:00+00:00,2025-11-25 13:02:00+00:00,4130.52,breakout_next_open,4120.61,4160.250000000003,9.910000000000764,29.730000000002292,120,2025-11-25 15:30:00+00:00,4120.61,4126.57,4115.79,4130.16,impulse_bar,1,2,2025-11-25 13:45:00+00:00,4145.76,structure_change,15.239999999999782,True,43.0
1,2025-11-26 08:15:00+00:00,2025-11-26 08:17:00+00:00,4165.33,breakout_next_open,4160.35,4180.269999999999,4.979999999999563,14.93999999999869,120,2025-11-26 10:17:00+00:00,4160.35,4164.65,4156.9,4167.63,impulse_bar,1,0,2025-11-26 08:35:00+00:00,4160.35,stop_loss,-4.979999999999563,False,18.0
1,2025-12-01 13:30:00+00:00,2025-12-01 13:32:00+00:00,4258.65,breakout_next_open,4250.62,4282.739999999999,8.029999999999745,24.089999999999236,120,2025-12-01 15:32:00+00:00,4250.62,4256.01,4250.12,4257.77,impulse_bar,1,0,2025-12-01 13:59:00+00:00,4250.62,stop_loss,-8.029999999999745,False,27.0
1,2025-12-09 16:00:00+00:00,2025-12-09 16:02:00+00:00,4214.97,breakout_next_open,4206.84,4239.360000000001,8.13000000000011,24.390000000000327,120,2025-12-09 18:02:00+00:00,4206.84,4211.97,4198.68,4216.58,impulse_bar,1,0,2025-12-09 17:23:00+00:00,4206.84,stop_loss,-8.13000000000011,False,81.0
1,2025-12-12 09:45:00+00:00,2025-12-12 09:49:00+00:00,4313.53,breakout_next_open,4308.91,4327.389999999999,4.619999999999891,13.859999999999673,120,2025-12-12 12:30:00+00:00,4308.91,4313.06,4307.64,4314.07,impulse_bar,1,1,2025-12-12 10:44:00+00:00,4327.389999999999,target_hit,13.859999999999673,True,55.0
1,2025-12-12 10:45:00+00:00,2025-12-12 10:47:00+00:00,4329.62,breakout_next_open,4319.92,4358.719999999999,9.699999999999818,29.099999999999454,120,2025-12-12 12:47:00+00:00,4319.92,4323.71,4316.56,4328.84,impulse_bar,1,0,2025-12-12 12:47:00+00:00,4327.91,timeout,-1.7100000000000364,False,120.0
-1,2025-12-15 14:00:00+00:00,2025-12-15 14:02:00+00:00,4335.52,breakout_next_open,4339.68,4323.040000000001,4.1599999999998545,12.479999999999563,120,2025-12-15 16:02:00+00:00,4336.01,4339.68,4330.67,4344.72,impulse_bar,-1,0,2025-12-15 14:25:00+00:00,4323.040000000001,target_hit,12.479999999999563,True,23.0
-1,2025-12-15 14:45:00+00:00,2025-12-15 14:54:00+00:00,4318.32,breakout_next_open,4324.74,4299.0599999999995,6.420000000000073,19.26000000000022,120,2025-12-15 16:54:00+00:00,4320.64,4324.74,4320.64,4335.37,impulse_bar,-1,0,2025-12-15 14:58:00+00:00,4324.74,stop_loss,-6.420000000000073,False,4.0
-1,2025-12-15 15:00:00+00:00,2025-12-15 15:02:00+00:00,4317.97,breakout_next_open,4330.08,4281.640000000001,12.109999999999673,36.32999999999902,120,2025-12-15 18:15:00+00:00,4324.81,4330.08,4317.84,4331.36,impulse_bar,-1,3,2025-12-15 16:45:00+00:00,4295.02,structure_change,22.949999999999818,True,103.0
1,2025-12-16 17:00:00+00:00,2025-12-16 17:02:00+00:00,4305.32,breakout_next_open,4298.11,4326.95,7.210000000000036,21.63000000000011,120,2025-12-16 19:02:00+00:00,4298.11,4301.54,4293.39,4303.06,impulse_bar,1,0,2025-12-16 18:22:00+00:00,4298.11,stop_loss,-7.210000000000036,False,80.0
1,2025-12-17 13:15:00+00:00,2025-12-17 13:17:00+00:00,4328.37,breakout_next_open,4318.17,4358.969999999999,10.199999999999818,30.599999999999454,120,2025-12-17 15:45:00+00:00,4318.17,4322.07,4314.9,4327.92,impulse_bar,1,1,2025-12-17 15:45:00+00:00,4333.11,timeout,4.739999999999782,True,148.0
1,2025-12-17 16:45:00+00:00,2025-12-17 16:47:00+00:00,4333.63,breakout_next_open,4324.59,4360.75,9.039999999999964,27.11999999999989,120,2025-12-17 18:47:00+00:00,4324.59,4328.6,4323.65,4334.42,impulse_bar,1,0,2025-12-17 18:47:00+00:00,4330.54,timeout,-3.0900000000001455,False,120.0
1,2025-12-18 17:45:00+00:00,2025-12-18 17:47:00+00:00,4337.53,breakout_next_open,4326.83,4369.629999999999,10.699999999999818,32.099999999999454,120,2025-12-18 19:47:00+00:00,4326.83,4332.34,4326.31,4341.72,impulse_bar,1,0,2025-12-18 17:52:00+00:00,4326.83,stop_loss,-10.699999999999818,False,5.0
1,2025-12-22 15:45:00+00:00,2025-12-22 15:47:00+00:00,4430.63,breakout_next_open,4417.42,4470.26,13.210000000000036,39.63000000000011,120,2025-12-22 18:15:00+00:00,4417.42,4421.98,4416.75,4428.31,impulse_bar,1,2,2025-12-22 18:15:00+00:00,4437.35,timeout,6.720000000000255,True,148.0
1,2025-12-26 18:00:00+00:00,2025-12-26 18:05:00+00:00,4520.01,breakout_next_open,4517.58,4527.300000000001,2.430000000000291,7.290000000000873,120,2025-12-26 20:05:00+00:00,4517.58,4521.33,4512.39,4524.75,impulse_bar,1,0,2025-12-26 18:07:00+00:00,4517.58,stop_loss,-2.430000000000291,False,2.0
1,2025-12-26 18:45:00+00:00,2025-12-26 18:47:00+00:00,4528.15,breakout_next_open,4517.52,4560.039999999997,10.6299999999992,31.8899999999976,120,2025-12-26 20:47:00+00:00,4517.52,4521.41,4516.09,4530.71,impulse_bar,1,0,2025-12-26 20:47:00+00:00,4530.71,timeout,2.5600000000004,True,120.0
-1,2025-12-29 08:30:00+00:00,2025-12-29 08:32:00+00:00,4476.76,breakout_next_open,4488.8,4440.64,12.039999999999964,36.11999999999989,120,2025-12-29 11:00:00+00:00,4484.5,4488.8,4480.11,4488.88,impulse_bar,-1,2,2025-12-29 11:00:00+00:00,4459.89,timeout,16.86999999999989,True,148.0
-1,2025-12-29 13:15:00+00:00,2025-12-29 13:17:00+00:00,4457.07,breakout_next_open,4466.07,4430.07,9.0,27.0,120,2025-12-29 15:17:00+00:00,4459.46,4466.07,4456.77,4468.05,impulse_bar,-1,0,2025-12-29 13:42:00+00:00,4430.07,target_hit,27.0,True,25.0
-1,2025-12-31 10:00:00+00:00,2025-12-31 10:02:00+00:00,4328.78,breakout_next_open,4336.41,4305.889999999999,7.630000000000109,22.890000000000327,120,2025-12-31 12:15:00+00:00,4332.29,4336.41,4325.37,4337.42,impulse_bar,-1,1,2025-12-31 10:42:00+00:00,4305.889999999999,target_hit,22.890000000000327,True,40.0
1,2025-12-31 20:30:00+00:00,2025-12-31 20:32:00+00:00,4318.73,breakout_next_open,4313.47,4334.5099999999975,5.259999999999309,15.779999999997926,120,2025-12-31 22:45:00+00:00,4313.47,4317.16,4312.98,4319.41,impulse_bar,1,1,2025-12-31 20:51:00+00:00,4313.47,stop_loss,-5.259999999999309,False,19.0
1,2026-01-05 13:45:00+00:00,2026-01-05 13:47:00+00:00,4414.29,breakout_next_open,4397.51,4464.629999999999,16.779999999999745,50.339999999999236,120,2026-01-05 17:00:00+00:00,4397.51,4404.79,4396.13,4414.62,impulse_bar,1,2,2026-01-05 17:00:00+00:00,4441.16,timeout,26.86999999999989,True,193.0
-1,2026-01-07 13:00:00+00:00,2026-01-07 13:02:00+00:00,4447.5,breakout_next_open,4452.67,4431.99,5.170000000000073,15.510000000000218,120,2026-01-07 15:02:00+00:00,4448.79,4452.67,4444.9,4454.08,impulse_bar,-1,0,2026-01-07 13:09:00+00:00,4431.99,target_hit,15.510000000000218,True,7.0
-1,2026-01-07 15:15:00+00:00,2026-01-07 15:22:00+00:00,4431.57,breakout_next_open,4447.1,4384.979999999998,15.530000000000655,46.590000000001965,120,2026-01-07 17:22:00+00:00,4439.57,4447.1,4426.52,4447.1,impulse_bar,-1,0,2026-01-07 15:31:00+00:00,4447.1,stop_loss,-15.530000000000655,False,9.0
-1,2026-01-07 19:00:00+00:00,2026-01-07 19:03:00+00:00,4452.48,breakout_next_open,4454.75,4445.669999999998,2.2700000000004366,6.81000000000131,120,2026-01-07 21:03:00+00:00,4450.76,4454.75,4450.34,4456.75,impulse_bar,-1,0,2026-01-07 19:04:00+00:00,4454.75,stop_loss,-2.2700000000004366,False,1.0
-1,2026-01-08 08:00:00+00:00,2026-01-08 08:02:00+00:00,4429.7,breakout_next_open,4432.08,4422.5599999999995,2.380000000000109,7.140000000000327,120,2026-01-08 10:02:00+00:00,4428.5,4432.08,4428.23,4433.91,impulse_bar,-1,0,2026-01-08 08:09:00+00:00,4432.08,stop_loss,-2.380000000000109,False,7.0
1,2026-01-09 18:15:00+00:00,2026-01-09 18:17:00+00:00,4492.48,breakout_next_open,4483.02,4520.859999999997,9.459999999999127,28.37999999999738,120,2026-01-09 20:45:00+00:00,4483.02,4488.18,4483.02,4493.37,impulse_bar,1,1,2026-01-09 20:45:00+00:00,4504.21,timeout,11.730000000000473,True,148.0
1,2026-01-12 14:45:00+00:00,2026-01-12 14:47:00+00:00,4599.76,breakout_next_open,4585.62,4642.180000000001,14.140000000000327,42.42000000000098,120,2026-01-12 16:47:00+00:00,4585.62,4592.63,4585.62,4611.62,impulse_bar,1,0,2026-01-12 16:47:00+00:00,4615.28,timeout,15.519999999999527,True,120.0
1,2026-01-15 14:15:00+00:00,2026-01-15 14:17:00+00:00,4599.08,breakout_next_open,4588.34,4631.299999999999,10.739999999999782,32.219999999999345,120,2026-01-15 16:45:00+00:00,4588.34,4593.83,4583.58,4600.34,impulse_bar,1,1,2026-01-15 16:45:00+00:00,4606.21,timeout,7.130000000000109,True,148.0
1,2026-01-20 13:45:00+00:00,2026-01-20 13:47:00+00:00,4730.25,breakout_next_open,4715.98,4773.060000000001,14.270000000000437,42.81000000000131,120,2026-01-20 17:45:00+00:00,4715.98,4728.49,4715.29,4730.54,impulse_bar,1,1,2026-01-20 17:45:00+00:00,4752.99,timeout,22.73999999999978,True,238.0
1,2026-01-20 17:45:00+00:00,2026-01-20 17:51:00+00:00,4757.25,breakout_next_open,4752.76,4770.719999999999,4.489999999999782,13.469999999999345,120,2026-01-20 19:51:00+00:00,4752.76,4757.7,4752.07,4757.7,impulse_bar,1,0,2026-01-20 18:53:00+00:00,4752.76,stop_loss,-4.489999999999782,False,62.0
1,2026-01-21 08:15:00+00:00,2026-01-21 08:19:00+00:00,4866.45,breakout_next_open,4859.6,4886.999999999998,6.849999999999454,20.549999999998363,120,2026-01-21 10:30:00+00:00,4859.6,4864.14,4853.93,4864.14,impulse_bar,1,1,2026-01-21 08:42:00+00:00,4859.6,stop_loss,-6.849999999999454,False,23.0
1,2026-01-21 09:30:00+00:00,2026-01-21 09:34:00+00:00,4869.61,breakout_next_open,4859.27,4900.629999999997,10.339999999999236,31.019999999997708,120,2026-01-21 11:34:00+00:00,4859.27,4862.84,4858.04,4876.61,impulse_bar,1,0,2026-01-21 09:59:00+00:00,4859.27,stop_loss,-10.339999999999236,False,25.0
1,2026-01-21 10:15:00+00:00,2026-01-21 10:21:00+00:00,4864.29,breakout_next_open,4860.32,4876.200000000001,3.9700000000002547,11.910000000000764,120,2026-01-21 12:21:00+00:00,4860.32,4864.34,4859.51,4867.09,impulse_bar,1,0,2026-01-21 10:29:00+00:00,4860.32,stop_loss,-3.9700000000002547,False,8.0
1,2026-01-21 13:45:00+00:00,2026-01-21 13:54:00+00:00,4877.44,breakout_next_open,4872.94,4890.94,4.5,13.5,120,2026-01-21 15:54:00+00:00,4872.94,4877.44,4866.88,4879.13,impulse_bar,1,0,2026-01-21 14:00:00+00:00,4879.03,structure_change,1.5900000000001455,True,6.0
1,2026-01-23 09:45:00+00:00,2026-01-23 09:47:00+00:00,4916.39,breakout_next_open,4906.75,4945.310000000001,9.640000000000327,28.920000000000982,120,2026-01-23 14:30:00+00:00,4906.75,4912.46,4903.17,4917.98,impulse_bar,1,4,2026-01-23 13:06:00+00:00,4945.310000000001,target_hit,28.920000000000982,True,199.0
1,2026-01-23 13:15:00+00:00,2026-01-23 13:17:00+00:00,4939.73,breakout_next_open,4933.8,4957.519999999998,5.9299999999993815,17.789999999998145,120,2026-01-23 15:17:00+00:00,4933.8,4940.2,4933.65,4948.18,impulse_bar,1,0,2026-01-23 13:20:00+00:00,4933.8,stop_loss,-5.9299999999993815,False,3.0
1,2026-01-23 13:45:00+00:00,2026-01-23 13:48:00+00:00,4938.18,breakout_next_open,4930.54,4961.100000000001,7.640000000000327,22.920000000000982,120,2026-01-23 17:15:00+00:00,4930.54,4936.93,4927.61,4939.58,impulse_bar,1,1,2026-01-23 15:43:00+00:00,4961.100000000001,target_hit,22.920000000000982,True,115.0
1,2026-01-23 15:45:00+00:00,2026-01-23 15:47:00+00:00,4960.74,breakout_next_open,4944.05,5010.809999999999,16.6899999999996,50.0699999999988,120,2026-01-23 20:15:00+00:00,4944.05,4950.33,4944.05,4961.25,impulse_bar,1,3,2026-01-23 20:15:00+00:00,4983.9,timeout,23.159999999999854,True,268.0
1,2026-01-26 16:00:00+00:00,2026-01-26 16:02:00+00:00,5092.17,breakout_next_open,5079.12,5131.320000000001,13.050000000000182,39.150000000000546,120,2026-01-26 18:02:00+00:00,5079.12,5084.97,5077.79,5095.3,impulse_bar,1,0,2026-01-26 16:28:00+00:00,5079.12,stop_loss,-13.050000000000182,False,26.0
1,2026-01-26 16:45:00+00:00,2026-01-26 16:47:00+00:00,5081.55,breakout_next_open,5072.94,5107.380000000002,8.610000000000582,25.830000000001746,120,2026-01-26 18:47:00+00:00,5072.94,5081.59,5065.41,5083.58,impulse_bar,1,0,2026-01-26 18:00:00+00:00,5100.58,structure_change,19.029999999999745,True,73.0
-1,2026-01-27 10:45:00+00:00,2026-01-27 10:47:00+00:00,5082.91,breakout_next_open,5088.4,5066.4400000000005,5.489999999999782,16.469999999999345,120,2026-01-27 12:47:00+00:00,5084.46,5088.4,5082.05,5089.52,impulse_bar,-1,0,2026-01-27 11:09:00+00:00,5088.4,stop_loss,-5.489999999999782,False,22.0
-1,2026-01-27 13:30:00+00:00,2026-01-27 13:32:00+00:00,5083.14,breakout_next_open,5092.86,5053.980000000002,9.719999999999345,29.159999999998035,120,2026-01-27 16:15:00+00:00,5085.85,5092.86,5076.33,5092.86,impulse_bar,-1,2,2026-01-27 14:16:00+00:00,5053.980000000002,target_hit,29.159999999998035,True,44.0
-1,2026-01-27 14:15:00+00:00,2026-01-27 14:24:00+00:00,5062.06,breakout_next_open,5077.62,5015.380000000002,15.55999999999949,46.67999999999847,120,2026-01-27 16:24:00+00:00,5070.88,5077.62,5055.03,5077.62,impulse_bar,-1,0,2026-01-27 14:30:00+00:00,5069.25,structure_change,-7.1899999999996,False,6.0
1,2026-01-28 11:45:00+00:00,2026-01-28 11:47:00+00:00,5262.4,breakout_next_open,5254.48,5286.16,7.920000000000073,23.76000000000022,120,2026-01-28 13:47:00+00:00,5254.48,5258.51,5252.16,5262.8,impulse_bar,1,0,2026-01-28 12:05:00+00:00,5254.48,stop_loss,-7.920000000000073,False,18.0
1,2026-01-28 12:30:00+00:00,2026-01-28 12:33:00+00:00,5264.91,breakout_next_open,5260.54,5278.0199999999995,4.369999999999891,13.109999999999673,120,2026-01-28 14:33:00+00:00,5260.54,5264.32,5258.18,5269.02,impulse_bar,1,0,2026-01-28 12:59:00+00:00,5278.0199999999995,target_hit,13.109999999999673,True,26.0
1,2026-01-28 13:30:00+00:00,2026-01-28 13:32:00+00:00,5282.39,breakout_next_open,5274.03,5307.470000000002,8.360000000000582,25.080000000001746,120,2026-01-28 15:32:00+00:00,5274.03,5278.11,5273.44,5285.88,impulse_bar,1,0,2026-01-28 13:35:00+00:00,5274.03,stop_loss,-8.360000000000582,False,3.0
1,2026-01-28 14:30:00+00:00,2026-01-28 14:36:00+00:00,5270.48,breakout_next_open,5264.98,5286.98,5.5,16.5,120,2026-01-28 16:36:00+00:00,5264.98,5268.81,5259.19,5270.68,impulse_bar,1,0,2026-01-28 14:59:00+00:00,5286.98,target_hit,16.5,True,23.0
1,2026-01-28 15:30:00+00:00,2026-01-28 15:32:00+00:00,5274.01,breakout_next_open,5256.49,5326.5700000000015,17.520000000000437,52.56000000000131,120,2026-01-28 20:15:00+00:00,5256.49,5266.28,5244.67,5275.23,impulse_bar,1,5,2026-01-28 19:57:00+00:00,5326.5700000000015,target_hit,52.56000000000131,True,265.0
1,2026-01-29 09:00:00+00:00,2026-01-29 09:03:00+00:00,5502.35,breakout_next_open,5479.02,5572.34,23.329999999999927,69.98999999999978,120,2026-01-29 11:03:00+00:00,5479.02,5499.11,5474.4,5517.41,impulse_bar,1,0,2026-01-29 11:03:00+00:00,5479.02,stop_loss,-23.329999999999927,False,120.0
1,2026-01-29 12:00:00+00:00,2026-01-29 12:02:00+00:00,5520.95,breakout_next_open,5514.25,5541.049999999999,6.699999999999818,20.099999999999454,120,2026-01-29 14:02:00+00:00,5514.25,5519.33,5514.25,5529.31,impulse_bar,1,0,2026-01-29 12:27:00+00:00,5541.049999999999,target_hit,20.099999999999454,True,25.0
1,2026-01-29 13:00:00+00:00,2026-01-29 13:02:00+00:00,5540.1,breakout_next_open,5527.95,5576.550000000002,12.150000000000546,36.45000000000164,120,2026-01-29 15:02:00+00:00,5527.95,5535.15,5527.22,5542.12,impulse_bar,1,0,2026-01-29 13:10:00+00:00,5527.95,stop_loss,-12.150000000000546,False,8.0
-1,2026-01-30 13:00:00+00:00,2026-01-30 13:04:00+00:00,5084.55,breakout_next_open,5116.78,4987.8600000000015,32.22999999999956,96.68999999999869,120,2026-01-30 15:45:00+00:00,5093.76,5116.78,5054.25,5116.78,impulse_bar,-1,2,2026-01-30 15:02:00+00:00,4987.8600000000015,target_hit,96.68999999999869,True,118.0
-1,2026-01-30 16:30:00+00:00,2026-01-30 16:34:00+00:00,4998.75,breakout_next_open,5033.35,4894.949999999999,34.600000000000364,103.80000000000109,120,2026-01-30 18:34:00+00:00,5022.35,5033.35,4988.3,5036.07,impulse_bar,-1,0,2026-01-30 17:33:00+00:00,4894.949999999999,target_hit,103.80000000000109,True,59.0
-1,2026-01-30 20:00:00+00:00,2026-01-30 20:06:00+00:00,4905.14,breakout_next_open,4931.98,4824.620000000003,26.839999999999236,80.51999999999771,120,2026-01-30 22:06:00+00:00,4918.0,4931.98,4907.08,4949.11,impulse_bar,-1,0,2026-01-30 20:55:00+00:00,4824.620000000003,target_hit,80.51999999999771,True,49.0
-1,2026-02-02 08:45:00+00:00,2026-02-02 08:47:00+00:00,4644.82,breakout_next_open,4650.65,4627.33,5.829999999999927,17.48999999999978,120,2026-02-02 10:47:00+00:00,4638.46,4650.65,4606.21,4651.5,impulse_bar,-1,0,2026-02-02 08:50:00+00:00,4650.65,stop_loss,-5.829999999999927,False,3.0
-1,2026-02-02 09:00:00+00:00,2026-02-02 09:02:00+00:00,4629.3,breakout_next_open,4644.73,4583.010000000002,15.429999999999382,46.289999999998145,120,2026-02-02 11:02:00+00:00,4632.87,4644.73,4626.85,4652.72,impulse_bar,-1,0,2026-02-02 09:11:00+00:00,4644.73,stop_loss,-15.429999999999382,False,9.0
-1,2026-02-02 09:15:00+00:00,2026-02-02 09:22:00+00:00,4630.4,breakout_next_open,4640.7,4599.499999999999,10.300000000000182,30.900000000000546,120,2026-02-02 11:22:00+00:00,4627.5,4640.7,4603.22,4658.12,impulse_bar,-1,0,2026-02-02 09:23:00+00:00,4640.7,stop_loss,-10.300000000000182,False,1.0
-1,2026-02-02 10:45:00+00:00,2026-02-02 10:49:00+00:00,4674.2,breakout_next_open,4688.16,4632.32,13.960000000000036,41.88000000000011,120,2026-02-02 12:49:00+00:00,4679.3,4688.16,4661.61,4699.51,impulse_bar,-1,0,2026-02-02 10:51:00+00:00,4688.16,stop_loss,-13.960000000000036,False,2.0
-1,2026-02-02 13:15:00+00:00,2026-02-02 13:21:00+00:00,4746.8,breakout_next_open,4796.24,4598.480000000001,49.4399999999996,148.3199999999988,120,2026-02-02 18:00:00+00:00,4743.92,4796.24,4718.0,4804.58,impulse_bar,-1,6,2026-02-02 16:01:00+00:00,4598.480000000001,target_hit,148.3199999999988,True,160.0
-1,2026-02-02 16:00:00+00:00,2026-02-02 16:07:00+00:00,4663.81,breakout_next_open,4678.43,4619.950000000001,14.61999999999989,43.85999999999967,120,2026-02-02 18:07:00+00:00,4656.26,4678.43,4615.96,4678.43,impulse_bar,-1,0,2026-02-02 16:09:00+00:00,4678.43,stop_loss,-14.61999999999989,False,2.0
1,2026-02-03 17:30:00+00:00,2026-02-03 17:32:00+00:00,4956.5,breakout_next_open,4941.66,5001.02,14.840000000000146,44.52000000000044,120,2026-02-03 19:32:00+00:00,4941.66,4953.48,4937.54,4969.79,impulse_bar,1,0,2026-02-03 17:40:00+00:00,4941.66,stop_loss,-14.840000000000146,False,8.0
1,2026-02-03 18:15:00+00:00,2026-02-03 18:19:00+00:00,4939.18,breakout_next_open,4926.05,4978.570000000001,13.13000000000011,39.39000000000033,120,2026-02-03 20:19:00+00:00,4926.05,4933.55,4926.05,4954.22,impulse_bar,1,0,2026-02-03 18:24:00+00:00,4926.05,stop_loss,-13.13000000000011,False,5.0
1,2026-02-03 19:30:00+00:00,2026-02-03 19:32:00+00:00,4924.64,breakout_next_open,4914.49,4955.090000000002,10.150000000000546,30.450000000001637,120,2026-02-03 21:45:00+00:00,4914.49,4923.23,4914.38,4933.84,impulse_bar,1,1,2026-02-03 20:01:00+00:00,4914.49,stop_loss,-10.150000000000546,False,29.0
1,2026-02-03 20:45:00+00:00,2026-02-03 20:47:00+00:00,4952.36,breakout_next_open,4938.0,4995.439999999999,14.359999999999673,43.07999999999902,120,2026-02-03 22:47:00+00:00,4938.0,4944.1,4938.0,4957.25,impulse_bar,1,0,2026-02-03 20:49:00+00:00,4938.0,stop_loss,-14.359999999999673,False,2.0
1,2026-02-04 08:00:00+00:00,2026-02-04 08:02:00+00:00,5090.15,breakout_next_open,5081.57,5115.889999999999,8.579999999999927,25.73999999999978,120,2026-02-04 10:02:00+00:00,5081.57,5087.7,5079.72,5092.3,impulse_bar,1,0,2026-02-04 08:03:00+00:00,5081.57,stop_loss,-8.579999999999927,False,1.0
1,2026-02-04 10:45:00+00:00,2026-02-04 10:47:00+00:00,5061.33,breakout_next_open,5044.24,5112.6,17.090000000000146,51.27000000000044,120,2026-02-04 12:47:00+00:00,5044.24,5054.65,5044.24,5061.82,impulse_bar,1,0,2026-02-04 11:12:00+00:00,5044.24,stop_loss,-17.090000000000146,False,25.0
1,2026-02-04 11:45:00+00:00,2026-02-04 11:50:00+00:00,5039.36,breakout_next_open,5025.51,5080.909999999998,13.849999999999454,41.54999999999836,120,2026-02-04 14:00:00+00:00,5025.51,5036.41,5021.9,5040.71,impulse_bar,1,1,2026-02-04 13:10:00+00:00,5025.51,stop_loss,-13.849999999999454,False,80.0
1,2026-02-04 13:30:00+00:00,2026-02-04 13:32:00+00:00,5056.26,breakout_next_open,5028.15,5140.590000000002,28.110000000000582,84.33000000000175,120,2026-02-04 16:00:00+00:00,5028.15,5043.85,5028.15,5054.97,impulse_bar,1,2,2026-02-04 14:30:00+00:00,5028.15,stop_loss,-28.110000000000582,False,58.0
-1,2026-02-05 08:30:00+00:00,2026-02-05 08:36:00+00:00,4924.02,breakout_next_open,4940.15,4875.630000000003,16.1299999999992,48.3899999999976,120,2026-02-05 10:45:00+00:00,4934.04,4940.15,4919.55,4944.4,impulse_bar,-1,1,2026-02-05 09:06:00+00:00,4875.630000000003,target_hit,48.3899999999976,True,30.0
-1,2026-02-05 10:30:00+00:00,2026-02-05 10:35:00+00:00,4863.06,breakout_next_open,4878.25,4817.490000000002,15.1899999999996,45.5699999999988,120,2026-02-05 12:35:00+00:00,4869.9,4878.25,4848.18,4878.89,impulse_bar,-1,0,2026-02-05 10:43:00+00:00,4878.25,stop_loss,-15.1899999999996,False,8.0
-1,2026-02-05 11:45:00+00:00,2026-02-05 11:47:00+00:00,4879.45,breakout_next_open,4893.53,4837.21,14.079999999999927,42.23999999999978,120,2026-02-05 13:47:00+00:00,4884.42,4893.53,4869.68,4893.53,impulse_bar,-1,0,2026-02-05 12:11:00+00:00,4837.21,target_hit,42.23999999999978,True,24.0
-1,2026-02-05 14:15:00+00:00,2026-02-05 14:17:00+00:00,4815.33,breakout_next_open,4836.34,4752.299999999999,21.01000000000022,63.030000000000655,120,2026-02-05 16:17:00+00:00,4822.51,4836.34,4811.27,4850.22,impulse_bar,-1,0,2026-02-05 14:26:00+00:00,4836.34,stop_loss,-21.01000000000022,False,9.0
-1,2026-02-05 15:00:00+00:00,2026-02-05 15:02:00+00:00,4830.13,breakout_next_open,4859.91,4740.790000000001,29.779999999999745,89.33999999999924,120,2026-02-05 17:45:00+00:00,4847.35,4859.91,4838.62,4870.91,impulse_bar,-1,2,2026-02-05 16:00:00+00:00,4814.8,structure_change,15.329999999999927,True,58.0
1,2026-02-09 10:45:00+00:00,2026-02-09 10:48:00+00:00,4995.16,breakout_next_open,4990.4,5009.4400000000005,4.760000000000218,14.280000000000655,120,2026-02-09 12:48:00+00:00,4990.4,4998.34,4981.58,5000.28,impulse_bar,1,0,2026-02-09 10:58:00+00:00,4990.4,stop_loss,-4.760000000000218,False,10.0
1,2026-02-09 11:00:00+00:00,2026-02-09 11:02:00+00:00,4994.77,breakout_next_open,4982.72,5030.920000000001,12.050000000000182,36.150000000000546,120,2026-02-09 13:02:00+00:00,4982.72,4992.98,4982.72,4999.38,impulse_bar,1,0,2026-02-09 13:02:00+00:00,5013.43,timeout,18.659999999999854,True,120.0
1,2026-02-09 14:00:00+00:00,2026-02-09 14:02:00+00:00,5012.73,breakout_next_open,4999.04,5053.799999999998,13.6899999999996,41.0699999999988,120,2026-02-09 16:45:00+00:00,4999.04,5003.53,4996.06,5011.38,impulse_bar,1,3,2026-02-09 15:34:00+00:00,5053.799999999998,target_hit,41.0699999999988,True,92.0
1,2026-02-09 18:15:00+00:00,2026-02-09 18:17:00+00:00,5057.32,breakout_next_open,5047.58,5086.539999999999,9.739999999999782,29.219999999999345,120,2026-02-09 20:17:00+00:00,5047.58,5051.69,5046.16,5059.55,impulse_bar,1,0,2026-02-09 18:21:00+00:00,5047.58,stop_loss,-9.739999999999782,False,4.0
1,2026-02-09 19:30:00+00:00,2026-02-09 19:32:00+00:00,5074.66,breakout_next_open,5064.57,5104.93,10.090000000000146,30.270000000000437,120,2026-02-09 21:32:00+00:00,5064.57,5068.42,5064.11,5075.0,impulse_bar,1,0,2026-02-09 21:14:00+00:00,5064.57,stop_loss,-10.090000000000146,False,102.0
1,2026-02-10 13:45:00+00:00,2026-02-10 13:47:00+00:00,5054.89,breakout_next_open,5036.92,5108.800000000001,17.970000000000255,53.910000000000764,120,2026-02-10 16:15:00+00:00,5036.92,5048.19,5036.92,5058.92,impulse_bar,1,1,2026-02-10 14:47:00+00:00,5036.92,stop_loss,-17.970000000000255,False,60.0
1,2026-02-11 15:00:00+00:00,2026-02-11 15:02:00+00:00,5060.58,breakout_next_open,5040.51,5120.789999999999,20.06999999999971,60.20999999999913,120,2026-02-11 17:02:00+00:00,5040.51,5050.17,5040.51,5065.38,impulse_bar,1,0,2026-02-11 15:37:00+00:00,5040.51,stop_loss,-20.06999999999971,False,35.0
1,2026-02-11 16:45:00+00:00,2026-02-11 16:47:00+00:00,5076.36,breakout_next_open,5056.15,5136.99,20.210000000000036,60.63000000000011,120,2026-02-11 18:47:00+00:00,5056.15,5068.76,5056.15,5078.61,impulse_bar,1,0,2026-02-11 17:45:00+00:00,5092.72,structure_change,16.360000000000582,True,58.0
-1,2026-02-12 17:45:00+00:00,2026-02-12 17:47:00+00:00,4953.95,breakout_next_open,4965.78,4918.46,11.829999999999927,35.48999999999978,120,2026-02-12 20:15:00+00:00,4958.68,4965.78,4957.61,4975.55,impulse_bar,-1,2,2026-02-12 18:18:00+00:00,4918.46,target_hit,35.48999999999978,True,31.0
-1,2026-02-12 19:00:00+00:00,2026-02-12 19:02:00+00:00,4931.49,breakout_next_open,4942.74,4897.74,11.25,33.75,120,2026-02-12 21:15:00+00:00,4934.91,4942.74,4933.34,4952.89,impulse_bar,-1,1,2026-02-12 19:19:00+00:00,4942.74,stop_loss,-11.25,False,17.0
-1,2026-02-12 20:15:00+00:00,2026-02-12 20:17:00+00:00,4937.19,breakout_next_open,4946.77,4908.449999999997,9.580000000000837,28.74000000000251,120,2026-02-12 22:45:00+00:00,4941.13,4946.77,4933.14,4949.01,impulse_bar,-1,2,2026-02-12 23:01:00+00:00,4908.449999999997,target_hit,28.74000000000251,True,164.0
1,2026-02-13 12:15:00+00:00,2026-02-13 12:17:00+00:00,4967.09,breakout_next_open,4953.44,5008.040000000002,13.650000000000546,40.95000000000164,120,2026-02-13 14:17:00+00:00,4953.44,4959.15,4952.2,4964.57,impulse_bar,1,0,2026-02-13 14:17:00+00:00,5001.19,timeout,34.099999999999454,True,120.0
1,2026-02-13 15:00:00+00:00,2026-02-13 15:02:00+00:00,5002.72,breakout_next_open,4989.76,5041.6,12.960000000000036,38.88000000000011,120,2026-02-13 17:02:00+00:00,4989.76,4999.71,4989.01,5007.38,impulse_bar,1,0,2026-02-13 15:53:00+00:00,4989.76,stop_loss,-12.960000000000036,False,51.0
1,2026-02-13 16:30:00+00:00,2026-02-13 16:39:00+00:00,5017.76,breakout_next_open,4998.3,5076.14,19.460000000000036,58.38000000000011,120,2026-02-13 18:39:00+00:00,4998.3,5006.94,4995.72,5033.88,impulse_bar,1,0,2026-02-13 18:39:00+00:00,5030.46,timeout,12.699999999999818,True,120.0
-1,2026-02-17 13:15:00+00:00,2026-02-17 13:23:00+00:00,4919.53,breakout_next_open,4933.96,4876.239999999999,14.430000000000291,43.29000000000087,120,2026-02-17 15:45:00+00:00,4928.48,4933.96,4917.9,4934.25,impulse_bar,-1,2,2026-02-17 13:58:00+00:00,4876.239999999999,target_hit,43.29000000000087,True,35.0
-1,2026-02-17 15:00:00+00:00,2026-02-17 15:02:00+00:00,4864.71,breakout_next_open,4872.32,4841.880000000001,7.609999999999673,22.829999999999018,120,2026-02-17 17:02:00+00:00,4859.85,4872.32,4855.82,4881.83,impulse_bar,-1,0,2026-02-17 15:05:00+00:00,4872.32,stop_loss,-7.609999999999673,False,3.0
-1,2026-02-17 19:30:00+00:00,2026-02-17 19:32:00+00:00,4879.78,breakout_next_open,4896.12,4830.759999999999,16.340000000000146,49.02000000000044,120,2026-02-17 21:32:00+00:00,4889.72,4896.12,4881.7,4899.09,impulse_bar,-1,0,2026-02-17 21:32:00+00:00,4881.18,timeout,-1.4000000000005457,False,120.0
1,2026-02-18 12:15:00+00:00,2026-02-18 12:17:00+00:00,4924.51,breakout_next_open,4911.15,4964.590000000002,13.360000000000582,40.080000000001746,120,2026-02-18 15:15:00+00:00,4911.15,4918.32,4911.15,4927.02,impulse_bar,1,1,2026-02-18 13:36:00+00:00,4964.590000000002,target_hit,40.080000000001746,True,79.0
1,2026-02-18 15:15:00+00:00,2026-02-18 15:17:00+00:00,5007.93,breakout_next_open,4992.37,5054.6100000000015,15.5600000000004,46.6800000000012,120,2026-02-18 17:17:00+00:00,4992.37,5001.58,4991.46,5009.5,impulse_bar,1,0,2026-02-18 16:22:00+00:00,4992.37,stop_loss,-15.5600000000004,False,65.0
1,2026-02-19 15:00:00+00:00,2026-02-19 15:04:00+00:00,5008.66,breakout_next_open,4988.83,5068.15,19.829999999999927,59.48999999999978,120,2026-02-19 17:04:00+00:00,4988.83,4995.1,4987.42,5011.35,impulse_bar,1,0,2026-02-19 17:04:00+00:00,4994.89,timeout,-13.769999999999527,False,120.0
1,2026-02-20 12:45:00+00:00,2026-02-20 12:47:00+00:00,5024.1,breakout_next_open,5011.24,5062.680000000002,12.860000000000582,38.580000000001746,120,2026-02-20 16:45:00+00:00,5011.24,5020.38,5006.25,5026.67,impulse_bar,1,1,2026-02-20 15:01:00+00:00,5062.680000000002,target_hit,38.580000000001746,True,134.0
1,2026-02-20 15:30:00+00:00,2026-02-20 15:38:00+00:00,5033.99,breakout_next_open,5018.9,5079.26,15.090000000000146,45.27000000000044,120,2026-02-20 18:45:00+00:00,5018.9,5032.16,5010.98,5046.35,impulse_bar,1,1,2026-02-20 18:45:00+00:00,5069.84,timeout,35.850000000000364,True,187.0
1,2026-02-20 18:45:00+00:00,2026-02-20 18:47:00+00:00,5072.59,breakout_next_open,5056.42,5121.1,16.170000000000073,48.51000000000022,120,2026-02-20 20:47:00+00:00,5056.42,5064.75,5056.42,5076.32,impulse_bar,1,0,2026-02-20 20:47:00+00:00,5085.36,timeout,12.769999999999527,True,120.0
1,2026-02-23 08:45:00+00:00,2026-02-23 08:47:00+00:00,5134.73,breakout_next_open,5124.12,5166.559999999999,10.609999999999673,31.829999999999018,120,2026-02-23 11:00:00+00:00,5124.12,5131.57,5122.32,5133.04,impulse_bar,1,1,2026-02-23 11:00:00+00:00,5161.75,timeout,27.020000000000437,True,133.0
1,2026-02-23 15:00:00+00:00,2026-02-23 15:09:00+00:00,5198.73,breakout_next_open,5190.11,5224.589999999999,8.61999999999989,25.859999999999673,120,2026-02-23 17:09:00+00:00,5190.11,5198.1,5186.7,5201.29,impulse_bar,1,0,2026-02-23 15:11:00+00:00,5190.11,stop_loss,-8.61999999999989,False,2.0
1,2026-02-23 18:00:00+00:00,2026-02-23 18:02:00+00:00,5208.47,breakout_next_open,5199.26,5236.1,9.210000000000036,27.63000000000011,120,2026-02-23 20:02:00+00:00,5199.26,5204.36,5196.55,5208.61,impulse_bar,1,0,2026-02-23 20:02:00+00:00,5220.43,timeout,11.960000000000036,True,120.0
-1,2026-02-26 08:30:00+00:00,2026-02-26 08:32:00+00:00,5175.93,breakout_next_open,5190.3,5132.820000000001,14.36999999999989,43.10999999999967,120,2026-02-26 10:32:00+00:00,5185.48,5190.3,5175.14,5191.63,impulse_bar,-1,0,2026-02-26 10:05:00+00:00,5190.3,stop_loss,-14.36999999999989,False,93.0
1,2026-02-27 13:30:00+00:00,2026-02-27 13:32:00+00:00,5223.72,breakout_next_open,5211.8,5259.4800000000005,11.920000000000073,35.76000000000022,120,2026-02-27 15:32:00+00:00,5211.8,5221.88,5211.8,5241.19,impulse_bar,1,0,2026-02-27 13:40:00+00:00,5211.8,stop_loss,-11.920000000000073,False,8.0
1,2026-03-02 13:30:00+00:00,2026-03-02 13:38:00+00:00,5403.53,breakout_next_open,5382.7,5466.0199999999995,20.829999999999927,62.48999999999978,120,2026-03-02 15:38:00+00:00,5382.7,5390.69,5382.7,5410.15,impulse_bar,1,0,2026-03-02 14:01:00+00:00,5382.7,stop_loss,-20.829999999999927,False,23.0
-1,2026-03-03 08:30:00+00:00,2026-03-03 08:32:00+00:00,5308.38,breakout_next_open,5322.6,5265.719999999999,14.220000000000255,42.660000000000764,120,2026-03-03 10:32:00+00:00,5317.49,5322.6,5310.31,5329.26,impulse_bar,-1,0,2026-03-03 09:25:00+00:00,5265.719999999999,target_hit,42.660000000000764,True,53.0
-1,2026-03-03 15:00:00+00:00,2026-03-03 15:02:00+00:00,5047.5,breakout_next_open,5074.07,4967.790000000001,26.56999999999971,79.70999999999913,120,2026-03-03 17:02:00+00:00,5050.38,5074.07,5013.72,5078.94,impulse_bar,-1,0,2026-03-03 15:48:00+00:00,5074.07,stop_loss,-26.56999999999971,False,46.0
-1,2026-03-03 20:45:00+00:00,2026-03-03 20:47:00+00:00,5104.85,breakout_next_open,5124.66,5045.420000000002,19.80999999999949,59.42999999999847,120,2026-03-03 22:47:00+00:00,5116.85,5124.66,5101.39,5127.68,impulse_bar,-1,0,2026-03-03 23:01:00+00:00,5094.43,structure_change,10.420000000000073,True,134.0
1,2026-03-04 08:30:00+00:00,2026-03-04 08:32:00+00:00,5164.26,breakout_next_open,5156.07,5188.830000000002,8.19000000000051,24.570000000001528,120,2026-03-04 10:32:00+00:00,5156.07,5161.27,5151.66,5169.7,impulse_bar,1,0,2026-03-04 10:08:00+00:00,5188.830000000002,target_hit,24.570000000001528,True,96.0
1,2026-03-04 11:00:00+00:00,2026-03-04 11:02:00+00:00,5193.03,breakout_next_open,5181.32,5228.16,11.710000000000036,35.13000000000011,120,2026-03-04 13:02:00+00:00,5181.32,5186.78,5181.2,5194.76,impulse_bar,1,0,2026-03-04 12:19:00+00:00,5181.32,stop_loss,-11.710000000000036,False,77.0
1,2026-03-04 13:15:00+00:00,2026-03-04 13:21:00+00:00,5186.86,breakout_next_open,5170.29,5236.569999999999,16.56999999999971,49.70999999999913,120,2026-03-04 15:21:00+00:00,5170.29,5179.35,5170.29,5197.05,impulse_bar,1,0,2026-03-04 13:59:00+00:00,5170.29,stop_loss,-16.56999999999971,False,38.0
-1,2026-03-11 14:45:00+00:00,2026-03-11 14:47:00+00:00,5180.42,breakout_next_open,5192.91,5142.950000000001,12.489999999999782,37.469999999999345,120,2026-03-11 16:47:00+00:00,5187.21,5192.91,5174.45,5196.36,impulse_bar,-1,0,2026-03-11 14:50:00+00:00,5192.91,stop_loss,-12.489999999999782,False,3.0
-1,2026-03-13 08:15:00+00:00,2026-03-13 08:17:00+00:00,5075.7,breakout_next_open,5086.34,5043.779999999999,10.640000000000327,31.920000000000982,120,2026-03-13 10:17:00+00:00,5080.22,5086.34,5066.47,5086.34,impulse_bar,-1,0,2026-03-13 08:30:00+00:00,5074.88,structure_change,0.819999999999709,True,13.0
1,2026-03-16 16:45:00+00:00,2026-03-16 16:47:00+00:00,4986.35,breakout_next_open,4978.55,5009.750000000001,7.800000000000182,23.400000000000546,120,2026-03-16 20:00:00+00:00,4978.55,4983.74,4973.92,4989.98,impulse_bar,1,2,2026-03-16 18:33:00+00:00,5009.750000000001,target_hit,23.400000000000546,True,106.0
1,2026-03-17 11:15:00+00:00,2026-03-17 11:17:00+00:00,5007.71,breakout_next_open,4997.8,5037.44,9.909999999999854,29.729999999999563,120,2026-03-17 15:15:00+00:00,4997.8,5001.89,4996.7,5006.15,impulse_bar,1,2,2026-03-17 13:45:00+00:00,5024.23,structure_change,16.519999999999527,True,148.0
-1,2026-03-18 18:30:00+00:00,2026-03-18 18:33:00+00:00,4878.55,breakout_next_open,4887.86,4850.620000000002,9.30999999999949,27.929999999998472,120,2026-03-18 20:45:00+00:00,4878.49,4887.86,4876.85,4889.75,impulse_bar,-1,1,2026-03-18 19:00:00+00:00,4850.620000000002,target_hit,27.929999999998472,True,27.0
-1,2026-03-19 12:00:00+00:00,2026-03-19 12:02:00+00:00,4642.14,breakout_next_open,4664.44,4575.2400000000025,22.299999999999272,66.89999999999782,120,2026-03-19 14:02:00+00:00,4656.63,4664.44,4650.48,4668.78,impulse_bar,-1,0,2026-03-19 12:43:00+00:00,4575.2400000000025,target_hit,66.89999999999782,True,41.0
-1,2026-03-19 13:00:00+00:00,2026-03-19 13:02:00+00:00,4523.84,breakout_next_open,4565.91,4397.630000000001,42.06999999999971,126.20999999999913,120,2026-03-19 15:02:00+00:00,4548.64,4565.91,4530.91,4586.63,impulse_bar,-1,0,2026-03-19 13:05:00+00:00,4565.91,stop_loss,-42.06999999999971,False,3.0
-1,2026-03-19 13:45:00+00:00,2026-03-19 13:47:00+00:00,4553.86,breakout_next_open,4577.91,4481.709999999999,24.050000000000182,72.15000000000055,120,2026-03-19 15:47:00+00:00,4557.23,4577.91,4545.75,4583.77,impulse_bar,-1,0,2026-03-19 13:52:00+00:00,4577.91,stop_loss,-24.050000000000182,False,5.0
-1,2026-03-20 12:30:00+00:00,2026-03-20 12:32:00+00:00,4676.4,breakout_next_open,4688.63,4639.709999999998,12.230000000000473,36.69000000000142,120,2026-03-20 15:15:00+00:00,4678.5,4688.63,4677.9,4692.59,impulse_bar,-1,1,2026-03-20 13:35:00+00:00,4639.709999999998,target_hit,36.69000000000142,True,63.0
-1,2026-03-20 14:30:00+00:00,2026-03-20 14:32:00+00:00,4569.29,breakout_next_open,4589.45,4508.81,20.159999999999854,60.47999999999956,120,2026-03-20 16:32:00+00:00,4573.43,4589.45,4551.37,4589.45,impulse_bar,-1,0,2026-03-20 16:15:00+00:00,4589.45,stop_loss,-20.159999999999854,False,103.0
-1,2026-03-20 17:30:00+00:00,2026-03-20 17:32:00+00:00,4566.97,breakout_next_open,4583.58,4517.140000000001,16.609999999999673,49.82999999999902,120,2026-03-20 19:32:00+00:00,4575.13,4583.58,4567.93,4583.58,impulse_bar,-1,0,2026-03-20 18:47:00+00:00,4517.140000000001,target_hit,49.82999999999902,True,75.0
-1,2026-03-23 11:30:00+00:00,2026-03-23 11:33:00+00:00,4405.34,breakout_next_open,4463.49,4230.890000000001,58.149999999999636,174.4499999999989,120,2026-03-23 13:33:00+00:00,4417.24,4463.49,4353.29,4463.49,impulse_bar,-1,0,2026-03-23 12:49:00+00:00,4463.49,stop_loss,-58.149999999999636,False,76.0
-1,2026-03-23 18:15:00+00:00,2026-03-23 18:17:00+00:00,4410.39,breakout_next_open,4427.44,4359.2400000000025,17.049999999999272,51.14999999999782,120,2026-03-23 20:17:00+00:00,4420.96,4427.44,4402.34,4429.58,impulse_bar,-1,0,2026-03-23 18:26:00+00:00,4427.44,stop_loss,-17.049999999999272,False,9.0
-1,2026-03-24 11:00:00+00:00,2026-03-24 11:05:00+00:00,4408.53,breakout_next_open,4427.11,4352.79,18.579999999999927,55.73999999999978,120,2026-03-24 13:05:00+00:00,4419.17,4427.11,4418.2,4442.29,impulse_bar,-1,0,2026-03-24 11:34:00+00:00,4427.11,stop_loss,-18.579999999999927,False,29.0
-1,2026-03-25 08:00:00+00:00,2026-03-25 08:02:00+00:00,4537.94,breakout_next_open,4549.2,4504.159999999999,11.260000000000218,33.780000000000655,120,2026-03-25 10:02:00+00:00,4543.04,4549.2,4536.51,4551.04,impulse_bar,-1,0,2026-03-25 08:03:00+00:00,4549.2,stop_loss,-11.260000000000218,False,1.0
-1,2026-03-25 09:30:00+00:00,2026-03-25 09:34:00+00:00,4556.5,breakout_next_open,4564.14,4533.579999999999,7.640000000000327,22.920000000000982,120,2026-03-25 11:45:00+00:00,4556.53,4564.14,4553.9,4566.59,impulse_bar,-1,1,2026-03-25 09:48:00+00:00,4533.579999999999,target_hit,22.920000000000982,True,14.0
-1,2026-03-25 17:15:00+00:00,2026-03-25 17:17:00+00:00,4546.33,breakout_next_open,4558.18,4510.779999999999,11.850000000000364,35.55000000000109,120,2026-03-25 19:17:00+00:00,4550.71,4558.18,4543.32,4558.18,impulse_bar,-1,0,2026-03-25 17:27:00+00:00,4558.18,stop_loss,-11.850000000000364,False,10.0
-1,2026-03-25 19:00:00+00:00,2026-03-25 19:02:00+00:00,4534.54,breakout_next_open,4550.76,4485.879999999999,16.220000000000255,48.660000000000764,120,2026-03-25 21:02:00+00:00,4544.19,4550.76,4530.91,4550.76,impulse_bar,-1,0,2026-03-25 22:01:00+00:00,4515.68,timeout,18.859999999999673,True,179.0
-1,2026-03-26 08:15:00+00:00,2026-03-26 08:17:00+00:00,4435.53,breakout_next_open,4457.43,4369.829999999998,21.900000000000546,65.70000000000164,120,2026-03-26 10:17:00+00:00,4449.27,4457.43,4439.53,4459.37,impulse_bar,-1,0,2026-03-26 10:17:00+00:00,4432.07,timeout,3.4600000000000364,True,120.0
-1,2026-03-26 15:15:00+00:00,2026-03-26 15:17:00+00:00,4452.64,breakout_next_open,4466.76,4410.280000000001,14.11999999999989,42.35999999999967,120,2026-03-26 17:30:00+00:00,4459.82,4466.76,4450.93,4469.09,impulse_bar,-1,1,2026-03-26 16:21:00+00:00,4410.280000000001,target_hit,42.35999999999967,True,64.0
-1,2026-03-26 16:45:00+00:00,2026-03-26 16:47:00+00:00,4386.11,breakout_next_open,4397.16,4352.959999999999,11.050000000000182,33.150000000000546,120,2026-03-26 18:47:00+00:00,4381.92,4397.16,4367.37,4397.16,impulse_bar,-1,0,2026-03-26 17:01:00+00:00,4397.16,stop_loss,-11.050000000000182,False,14.0
-1,2026-03-26 17:30:00+00:00,2026-03-26 17:32:00+00:00,4380.46,breakout_next_open,4394.28,4339.000000000001,13.819999999999709,41.45999999999913,120,2026-03-26 20:30:00+00:00,4386.14,4394.28,4377.3,4397.87,impulse_bar,-1,1,2026-03-26 18:40:00+00:00,4394.28,stop_loss,-13.819999999999709,False,68.0
-1,2026-03-26 19:15:00+00:00,2026-03-26 19:17:00+00:00,4388.99,breakout_next_open,4399.54,4357.339999999999,10.550000000000182,31.650000000000546,120,2026-03-26 21:30:00+00:00,4393.08,4399.54,4382.1,4399.54,impulse_bar,-1,1,2026-03-26 20:03:00+00:00,4357.339999999999,target_hit,31.650000000000546,True,46.0
-1,2026-03-27 08:30:00+00:00,2026-03-27 08:32:00+00:00,4433.67,breakout_next_open,4445.07,4399.470000000001,11.399999999999636,34.19999999999891,120,2026-03-27 12:45:00+00:00,4438.86,4445.07,4430.58,4447.62,impulse_bar,-1,2,2026-03-27 11:15:00+00:00,4415.93,structure_change,17.73999999999978,True,163.0
1,2026-03-30 09:45:00+00:00,2026-03-30 09:47:00+00:00,4537.46,breakout_next_open,4528.26,4565.0599999999995,9.199999999999818,27.599999999999454,120,2026-03-30 11:47:00+00:00,4528.26,4532.62,4523.17,4538.38,impulse_bar,1,0,2026-03-30 10:26:00+00:00,4528.26,stop_loss,-9.199999999999818,False,39.0
1,2026-03-30 11:15:00+00:00,2026-03-30 11:17:00+00:00,4539.1,breakout_next_open,4531.47,4561.990000000001,7.630000000000109,22.890000000000327,120,2026-03-30 13:17:00+00:00,4531.47,4535.87,4527.16,4541.23,impulse_bar,1,0,2026-03-30 11:44:00+00:00,4561.990000000001,target_hit,22.890000000000327,True,27.0
1,2026-03-31 11:00:00+00:00,2026-03-31 11:02:00+00:00,4548.96,breakout_next_open,4541.43,4571.549999999999,7.529999999999745,22.589999999999236,120,2026-03-31 13:02:00+00:00,4541.43,4548.99,4540.08,4553.17,impulse_bar,1,0,2026-03-31 11:10:00+00:00,4541.43,stop_loss,-7.529999999999745,False,8.0
1,2026-03-31 11:15:00+00:00,2026-03-31 11:17:00+00:00,4563.88,breakout_next_open,4546.96,4614.64,16.920000000000073,50.76000000000022,120,2026-03-31 15:45:00+00:00,4546.96,4550.79,4541.04,4564.0,impulse_bar,1,3,2026-03-31 14:00:00+00:00,4614.64,target_hit,50.76000000000022,True,163.0
1,2026-03-31 15:15:00+00:00,2026-03-31 15:22:00+00:00,4614.19,breakout_next_open,4599.1,4659.459999999997,15.089999999999236,45.26999999999771,120,2026-03-31 19:30:00+00:00,4599.1,4605.83,4599.1,4624.05,impulse_bar,1,5,2026-03-31 17:34:00+00:00,4659.459999999997,target_hit,45.26999999999771,True,132.0
1,2026-03-31 18:15:00+00:00,2026-03-31 18:17:00+00:00,4666.21,breakout_next_open,4653.69,4703.770000000001,12.520000000000437,37.56000000000131,120,2026-03-31 21:45:00+00:00,4653.69,4660.78,4653.19,4669.68,impulse_bar,1,2,2026-03-31 22:01:00+00:00,4679.18,timeout,12.970000000000255,True,224.0
1,2026-04-01 07:00:00+00:00,2026-04-01 07:02:00+00:00,4728.19,breakout_next_open,4708.17,4788.249999999998,20.019999999999527,60.05999999999858,120,2026-04-01 10:30:00+00:00,4708.17,4718.58,4708.17,4733.96,impulse_bar,1,1,2026-04-01 10:30:00+00:00,4730.58,timeout,2.3900000000003274,True,208.0
1,2026-04-01 10:30:00+00:00,2026-04-01 10:32:00+00:00,4731.97,breakout_next_open,4724.53,4754.290000000002,7.440000000000509,22.320000000001528,120,2026-04-01 13:30:00+00:00,4724.53,4728.81,4715.22,4729.34,impulse_bar,1,2,2026-04-01 11:39:00+00:00,4754.290000000002,target_hit,22.320000000001528,True,67.0
1,2026-04-01 15:30:00+00:00,2026-04-01 15:32:00+00:00,4775.33,breakout_next_open,4763.49,4810.85,11.840000000000146,35.52000000000044,120,2026-04-01 18:30:00+00:00,4763.49,4769.54,4762.36,4776.84,impulse_bar,1,2,2026-04-01 18:03:00+00:00,4763.49,stop_loss,-11.840000000000146,False,151.0
1,2026-04-01 19:45:00+00:00,2026-04-01 19:47:00+00:00,4766.29,breakout_next_open,4763.59,4774.389999999999,2.699999999999818,8.099999999999454,120,2026-04-01 21:47:00+00:00,4763.59,4768.02,4762.51,4778.92,impulse_bar,1,0,2026-04-01 19:50:00+00:00,4763.59,stop_loss,-2.699999999999818,False,3.0
-1,2026-04-02 10:30:00+00:00,2026-04-02 10:32:00+00:00,4618.86,breakout_next_open,4625.14,4600.019999999998,6.280000000000655,18.840000000001965,120,2026-04-02 12:32:00+00:00,4619.8,4625.14,4603.59,4627.75,impulse_bar,-1,0,2026-04-02 10:42:00+00:00,4625.14,stop_loss,-6.280000000000655,False,10.0
-1,2026-04-02 11:45:00+00:00,2026-04-02 11:47:00+00:00,4600.52,breakout_next_open,4617.5,4549.580000000002,16.979999999999563,50.93999999999869,120,2026-04-02 13:47:00+00:00,4609.14,4617.5,4591.88,4617.93,impulse_bar,-1,0,2026-04-02 12:20:00+00:00,4617.5,stop_loss,-16.979999999999563,False,33.0
-1,2026-04-02 12:45:00+00:00,2026-04-02 12:47:00+00:00,4619.68,breakout_next_open,4627.66,4595.740000000002,7.979999999999563,23.93999999999869,120,2026-04-02 14:47:00+00:00,4621.28,4627.66,4615.29,4627.66,impulse_bar,-1,0,2026-04-02 13:00:00+00:00,4595.740000000002,target_hit,23.93999999999869,True,13.0
-1,2026-04-02 13:00:00+00:00,2026-04-02 13:07:00+00:00,4607.39,breakout_next_open,4620.08,4569.3200000000015,12.6899999999996,38.0699999999988,120,2026-04-02 15:15:00+00:00,4613.32,4620.08,4600.54,4626.74,impulse_bar,-1,1,2026-04-02 13:30:00+00:00,4603.07,structure_change,4.3200000000006185,True,23.0
1,2026-04-02 18:45:00+00:00,2026-04-02 18:47:00+00:00,4666.46,breakout_next_open,4651.94,4710.020000000001,14.520000000000437,43.56000000000131,120,2026-04-02 21:15:00+00:00,4651.94,4657.81,4651.94,4664.8,impulse_bar,1,1,2026-04-05 22:01:00+00:00,4651.94,stop_loss,-14.520000000000437,False,4514.0
1,2026-04-07 08:15:00+00:00,2026-04-07 08:17:00+00:00,4662.6,breakout_next_open,4648.46,4705.020000000001,14.140000000000327,42.42000000000098,120,2026-04-07 10:17:00+00:00,4648.46,4661.15,4643.87,4665.82,impulse_bar,1,0,2026-04-07 09:30:00+00:00,4682.62,structure_change,20.019999999999527,True,73.0
-1,2026-04-09 18:15:00+00:00,2026-04-09 18:17:00+00:00,4785.15,breakout_next_open,4795.23,4754.91,10.079999999999927,30.23999999999978,120,2026-04-09 20:45:00+00:00,4789.84,4795.23,4780.24,4798.44,impulse_bar,-1,2,2026-04-09 20:45:00+00:00,4767.19,timeout,17.960000000000036,True,148.0
-1,2026-04-10 07:00:00+00:00,2026-04-10 07:02:00+00:00,4744.0,breakout_next_open,4754.46,4712.62,10.460000000000036,31.38000000000011,120,2026-04-10 09:02:00+00:00,4750.42,4754.46,4742.81,4754.86,impulse_bar,-1,0,2026-04-10 07:23:00+00:00,4754.46,stop_loss,-10.460000000000036,False,21.0
-1,2026-04-13 09:15:00+00:00,2026-04-13 09:17:00+00:00,4719.1,breakout_next_open,4726.94,4695.580000000003,7.839999999999236,23.519999999997708,120,2026-04-13 12:30:00+00:00,4721.77,4726.94,4715.53,4729.57,impulse_bar,-1,1,2026-04-13 11:05:00+00:00,4726.94,stop_loss,-7.839999999999236,False,108.0
-1,2026-04-13 11:15:00+00:00,2026-04-13 11:17:00+00:00,4721.18,breakout_next_open,4727.01,4703.6900000000005,5.829999999999927,17.48999999999978,120,2026-04-13 13:30:00+00:00,4723.1,4727.01,4719.9,4729.27,impulse_bar,-1,1,2026-04-13 11:44:00+00:00,4703.6900000000005,target_hit,17.48999999999978,True,27.0
-1,2026-04-13 11:45:00+00:00,2026-04-13 11:47:00+00:00,4709.19,breakout_next_open,4720.23,4676.07,11.039999999999964,33.11999999999989,120,2026-04-13 13:47:00+00:00,4715.48,4720.23,4703.62,4722.81,impulse_bar,-1,0,2026-04-13 12:13:00+00:00,4720.23,stop_loss,-11.039999999999964,False,26.0
1,2026-04-14 13:15:00+00:00,2026-04-14 13:17:00+00:00,4784.07,breakout_next_open,4770.96,4823.399999999999,13.109999999999673,39.32999999999902,120,2026-04-14 18:30:00+00:00,4770.96,4776.19,4770.96,4782.39,impulse_bar,1,5,2026-04-14 17:05:00+00:00,4823.399999999999,target_hit,39.32999999999902,True,228.0
1,2026-04-14 17:15:00+00:00,2026-04-14 17:17:00+00:00,4827.62,breakout_next_open,4810.59,4878.709999999999,17.029999999999745,51.089999999999236,120,2026-04-14 21:15:00+00:00,4810.59,4818.28,4809.55,4833.99,impulse_bar,1,2,2026-04-14 22:01:00+00:00,4837.66,timeout,10.039999999999964,True,284.0
-1,2026-04-15 14:45:00+00:00,2026-04-15 14:47:00+00:00,4818.59,breakout_next_open,4825.81,4796.929999999999,7.220000000000255,21.660000000000764,120,2026-04-15 17:15:00+00:00,4820.61,4825.81,4815.42,4825.81,impulse_bar,-1,1,2026-04-15 15:30:00+00:00,4796.929999999999,target_hit,21.660000000000764,True,43.0
-1,2026-04-15 15:30:00+00:00,2026-04-15 15:32:00+00:00,4793.29,breakout_next_open,4809.03,4746.070000000001,15.739999999999782,47.219999999999345,120,2026-04-15 17:32:00+00:00,4804.23,4809.03,4797.57,4811.62,impulse_bar,-1,0,2026-04-15 15:45:00+00:00,4804.97,structure_change,-11.680000000000291,False,13.0
1,2026-04-17 12:30:00+00:00,2026-04-17 12:32:00+00:00,4820.21,breakout_next_open,4807.81,4857.409999999999,12.399999999999636,37.19999999999891,120,2026-04-17 14:32:00+00:00,4807.81,4812.42,4802.96,4819.78,impulse_bar,1,0,2026-04-17 13:07:00+00:00,4857.409999999999,target_hit,37.19999999999891,True,35.0
-1,2026-04-21 16:15:00+00:00,2026-04-21 16:18:00+00:00,4733.75,breakout_next_open,4744.02,4702.939999999999,10.270000000000437,30.81000000000131,120,2026-04-21 18:18:00+00:00,4740.23,4744.02,4726.74,4746.92,impulse_bar,-1,0,2026-04-21 17:12:00+00:00,4702.939999999999,target_hit,30.81000000000131,True,54.0
-1,2026-04-22 10:15:00+00:00,2026-04-22 10:17:00+00:00,4751.95,breakout_next_open,4755.04,4742.679999999999,3.0900000000001455,9.270000000000437,120,2026-04-22 12:17:00+00:00,4750.51,4755.04,4745.51,4758.42,impulse_bar,-1,0,2026-04-22 10:21:00+00:00,4755.04,stop_loss,-3.0900000000001455,False,4.0
-1,2026-04-22 12:45:00+00:00,2026-04-22 12:47:00+00:00,4747.94,breakout_next_open,4753.54,4731.1399999999985,5.600000000000364,16.80000000000109,120,2026-04-22 14:47:00+00:00,4749.06,4753.54,4745.47,4754.56,impulse_bar,-1,0,2026-04-22 13:43:00+00:00,4753.54,stop_loss,-5.600000000000364,False,56.0
-1,2026-04-22 14:15:00+00:00,2026-04-22 14:17:00+00:00,4745.96,breakout_next_open,4754.52,4720.279999999999,8.5600000000004,25.6800000000012,120,2026-04-22 17:45:00+00:00,4750.6,4754.52,4742.38,4757.53,impulse_bar,-1,3,2026-04-22 16:30:00+00:00,4725.34,structure_change,20.61999999999989,True,133.0
-1,2026-04-23 08:30:00+00:00,2026-04-23 08:32:00+00:00,4712.92,breakout_next_open,4719.95,4691.830000000001,7.029999999999745,21.089999999999236,120,2026-04-23 10:45:00+00:00,4715.05,4719.95,4715.05,4722.35,impulse_bar,-1,1,2026-04-23 10:09:00+00:00,4691.830000000001,target_hit,21.089999999999236,True,97.0
-1,2026-04-24 15:30:00+00:00,2026-04-24 15:33:00+00:00,4720.64,breakout_next_open,4726.23,4703.870000000003,5.589999999999236,16.769999999997708,120,2026-04-24 17:33:00+00:00,4721.4,4726.23,4718.36,4726.69,impulse_bar,-1,0,2026-04-24 15:44:00+00:00,4726.23,stop_loss,-5.589999999999236,False,11.0
-1,2026-04-28 08:15:00+00:00,2026-04-28 08:17:00+00:00,4621.75,breakout_next_open,4633.69,4585.930000000001,11.9399999999996,35.8199999999988,120,2026-04-28 10:17:00+00:00,4625.27,4633.69,4614.54,4633.69,impulse_bar,-1,0,2026-04-28 08:32:00+00:00,4633.69,stop_loss,-11.9399999999996,False,15.0
-1,2026-04-28 10:00:00+00:00,2026-04-28 10:04:00+00:00,4608.92,breakout_next_open,4615.28,4589.840000000001,6.359999999999673,19.079999999999018,120,2026-04-28 12:04:00+00:00,4609.1,4615.28,4604.43,4615.28,impulse_bar,-1,0,2026-04-28 10:19:00+00:00,4615.28,stop_loss,-6.359999999999673,False,15.0
-1,2026-04-29 16:30:00+00:00,2026-04-29 16:32:00+00:00,4556.77,breakout_next_open,4564.02,4535.02,7.25,21.75,120,2026-04-29 18:45:00+00:00,4560.12,4564.02,4557.1,4564.49,impulse_bar,-1,1,2026-04-29 18:07:00+00:00,4535.02,target_hit,21.75,True,95.0
-1,2026-04-29 18:15:00+00:00,2026-04-29 18:17:00+00:00,4537.56,breakout_next_open,4548.5,4504.740000000002,10.9399999999996,32.8199999999988,120,2026-04-29 20:17:00+00:00,4537.85,4548.5,4525.34,4553.04,impulse_bar,-1,0,2026-04-29 18:45:00+00:00,4521.93,structure_change,15.63000000000011,True,28.0
1,2026-04-30 07:00:00+00:00,2026-04-30 07:02:00+00:00,4589.1,breakout_next_open,4580.62,4614.540000000002,8.480000000000473,25.44000000000142,120,2026-04-30 09:02:00+00:00,4580.62,4584.44,4574.37,4591.83,impulse_bar,1,0,2026-04-30 08:04:00+00:00,4614.540000000002,target_hit,25.44000000000142,True,62.0
1,2026-04-30 08:15:00+00:00,2026-04-30 08:17:00+00:00,4618.81,breakout_next_open,4601.9,4669.540000000003,16.910000000000764,50.73000000000229,120,2026-04-30 12:00:00+00:00,4601.9,4608.87,4597.21,4629.83,impulse_bar,1,1,2026-04-30 12:00:00+00:00,4631.94,timeout,13.1299999999992,True,223.0
1,2026-04-30 17:00:00+00:00,2026-04-30 17:03:00+00:00,4614.44,breakout_next_open,4610.21,4627.129999999998,4.229999999999563,12.68999999999869,120,2026-04-30 20:15:00+00:00,4610.21,4614.06,4604.94,4618.19,impulse_bar,1,1,2026-04-30 19:07:00+00:00,4627.129999999998,target_hit,12.68999999999869,True,124.0
-1,2026-05-04 15:00:00+00:00,2026-05-04 15:02:00+00:00,4562.76,breakout_next_open,4577.25,4519.290000000001,14.489999999999782,43.469999999999345,120,2026-05-04 17:15:00+00:00,4572.62,4577.25,4559.52,4577.28,impulse_bar,-1,1,2026-05-04 15:21:00+00:00,4519.290000000001,target_hit,43.469999999999345,True,19.0
-1,2026-05-04 16:00:00+00:00,2026-05-04 16:02:00+00:00,4518.69,breakout_next_open,4535.44,4468.44,16.75,50.25,120,2026-05-04 18:02:00+00:00,4530.76,4535.44,4513.55,4535.44,impulse_bar,-1,0,2026-05-04 18:02:00+00:00,4523.8,timeout,-5.110000000000582,False,120.0
1,2026-05-06 09:00:00+00:00,2026-05-06 09:02:00+00:00,4702.21,breakout_next_open,4679.47,4770.429999999999,22.73999999999978,68.21999999999935,120,2026-05-06 12:00:00+00:00,4679.47,4701.21,4677.25,4703.07,impulse_bar,1,1,2026-05-06 12:00:00+00:00,4691.3,timeout,-10.909999999999854,False,178.0
1,2026-05-06 13:30:00+00:00,2026-05-06 13:33:00+00:00,4689.81,breakout_next_open,4682.91,4710.510000000002,6.900000000000546,20.700000000001637,120,2026-05-06 16:00:00+00:00,4682.91,4691.56,4679.39,4691.56,impulse_bar,1,2,2026-05-06 14:12:00+00:00,4710.510000000002,target_hit,20.700000000001637,True,39.0
1,2026-05-07 09:15:00+00:00,2026-05-07 09:17:00+00:00,4735.24,breakout_next_open,4723.15,4771.51,12.090000000000146,36.27000000000044,120,2026-05-07 12:15:00+00:00,4723.15,4727.0,4721.73,4736.56,impulse_bar,1,1,2026-05-07 12:15:00+00:00,4744.62,timeout,9.38000000000011,True,178.0
1,2026-05-07 12:45:00+00:00,2026-05-07 12:47:00+00:00,4751.0,breakout_next_open,4737.2,4792.400000000001,13.800000000000182,41.400000000000546,120,2026-05-07 14:47:00+00:00,4737.2,4744.48,4737.2,4752.14,impulse_bar,1,0,2026-05-07 13:05:00+00:00,4737.2,stop_loss,-13.800000000000182,False,18.0
-1,2026-05-08 07:00:00+00:00,2026-05-08 07:02:00+00:00,4724.56,breakout_next_open,4729.87,4708.630000000002,5.309999999999491,15.929999999998472,120,2026-05-08 09:02:00+00:00,4723.91,4729.87,4721.06,4729.87,impulse_bar,-1,0,2026-05-08 07:22:00+00:00,4708.630000000002,target_hit,15.929999999998472,True,20.0
-1,2026-05-11 08:00:00+00:00,2026-05-11 08:02:00+00:00,4666.39,breakout_next_open,4672.05,4649.410000000001,5.6599999999998545,16.979999999999563,120,2026-05-11 10:02:00+00:00,4667.28,4672.05,4664.43,4673.09,impulse_bar,-1,0,2026-05-11 08:11:00+00:00,4672.05,stop_loss,-5.6599999999998545,False,9.0
-1,2026-05-11 08:45:00+00:00,2026-05-11 08:47:00+00:00,4671.32,breakout_next_open,4673.65,4664.33,2.3299999999999272,6.989999999999782,120,2026-05-11 10:47:00+00:00,4669.83,4673.65,4669.11,4675.62,impulse_bar,-1,0,2026-05-11 09:21:00+00:00,4664.33,target_hit,6.989999999999782,True,34.0
1,2026-05-11 17:00:00+00:00,2026-05-11 17:02:00+00:00,4719.09,breakout_next_open,4712.06,4740.179999999999,7.029999999999745,21.089999999999236,120,2026-05-11 19:02:00+00:00,4712.06,4716.16,4708.94,4717.36,impulse_bar,1,0,2026-05-11 19:02:00+00:00,4724.93,timeout,5.8400000000001455,True,120.0
-1,2026-05-13 16:45:00+00:00,2026-05-13 16:47:00+00:00,4699.35,breakout_next_open,4707.78,4674.060000000002,8.429999999999382,25.289999999998145,120,2026-05-13 18:47:00+00:00,4703.59,4707.78,4700.0,4708.02,impulse_bar,-1,0,2026-05-13 18:47:00+00:00,4679.07,timeout,20.280000000000655,True,120.0
-1,2026-05-15 15:15:00+00:00,2026-05-15 15:17:00+00:00,4551.35,breakout_next_open,4564.04,4513.280000000002,12.6899999999996,38.0699999999988,120,2026-05-15 17:45:00+00:00,4559.47,4564.04,4550.64,4564.04,impulse_bar,-1,1,2026-05-15 17:26:00+00:00,4564.04,stop_loss,-12.6899999999996,False,129.0
-1,2026-05-15 18:30:00+00:00,2026-05-15 18:32:00+00:00,4553.16,breakout_next_open,4558.99,4535.67,5.829999999999927,17.48999999999978,120,2026-05-15 20:32:00+00:00,4553.94,4558.99,4553.03,4563.39,impulse_bar,-1,0,2026-05-15 18:46:00+00:00,4558.99,stop_loss,-5.829999999999927,False,14.0
-1,2026-05-18 08:00:00+00:00,2026-05-18 08:02:00+00:00,4546.01,breakout_next_open,4551.82,4528.580000000002,5.809999999999491,17.429999999998472,120,2026-05-18 10:02:00+00:00,4547.4,4551.82,4540.12,4552.15,impulse_bar,-1,0,2026-05-18 08:33:00+00:00,4551.82,stop_loss,-5.809999999999491,False,31.0
-1,2026-05-18 09:15:00+00:00,2026-05-18 09:17:00+00:00,4546.14,breakout_next_open,4550.68,4532.52,4.539999999999964,13.61999999999989,120,2026-05-18 11:45:00+00:00,4546.68,4550.68,4541.08,4552.43,impulse_bar,-1,1,2026-05-18 10:34:00+00:00,4532.52,target_hit,13.61999999999989,True,77.0
1,2026-05-18 16:45:00+00:00,2026-05-18 16:47:00+00:00,4544.86,breakout_next_open,4536.62,4569.579999999999,8.239999999999782,24.719999999999345,120,2026-05-18 19:15:00+00:00,4536.62,4541.12,4534.21,4545.23,impulse_bar,1,1,2026-05-18 18:58:00+00:00,4536.62,stop_loss,-8.239999999999782,False,131.0
1,2026-05-18 19:45:00+00:00,2026-05-18 19:47:00+00:00,4559.53,breakout_next_open,4551.17,4584.609999999999,8.359999999999673,25.079999999999018,120,2026-05-18 21:47:00+00:00,4551.17,4555.47,4550.03,4561.6,impulse_bar,1,0,2026-05-18 22:01:00+00:00,4569.04,timeout,9.510000000000218,True,134.0
-1,2026-05-19 08:15:00+00:00,2026-05-19 08:17:00+00:00,4546.68,breakout_next_open,4559.53,4508.130000000002,12.849999999999454,38.54999999999836,120,2026-05-19 11:30:00+00:00,4554.17,4559.53,4542.63,4559.53,impulse_bar,-1,1,2026-05-19 11:30:00+00:00,4540.44,timeout,6.240000000000691,True,193.0
-1,2026-05-19 11:30:00+00:00,2026-05-19 11:38:00+00:00,4536.78,breakout_next_open,4540.95,4524.2699999999995,4.170000000000073,12.510000000000218,120,2026-05-19 13:38:00+00:00,4537.11,4540.95,4535.99,4542.47,impulse_bar,-1,0,2026-05-19 11:43:00+00:00,4540.95,stop_loss,-4.170000000000073,False,5.0
-1,2026-05-19 12:00:00+00:00,2026-05-19 12:02:00+00:00,4532.13,breakout_next_open,4541.68,4503.48,9.550000000000182,28.650000000000546,120,2026-05-19 14:02:00+00:00,4537.21,4541.68,4529.93,4542.48,impulse_bar,-1,0,2026-05-19 12:08:00+00:00,4541.68,stop_loss,-9.550000000000182,False,6.0
-1,2026-05-19 13:15:00+00:00,2026-05-19 13:17:00+00:00,4522.51,breakout_next_open,4537.79,4476.670000000001,15.279999999999745,45.839999999999236,120,2026-05-19 15:17:00+00:00,4532.97,4537.79,4514.85,4537.79,impulse_bar,-1,0,2026-05-19 13:31:00+00:00,4476.670000000001,target_hit,45.839999999999236,True,14.0
-1,2026-05-19 17:45:00+00:00,2026-05-19 17:47:00+00:00,4500.4,breakout_next_open,4507.01,4480.569999999998,6.610000000000582,19.830000000001746,120,2026-05-19 19:47:00+00:00,4502.95,4507.01,4502.95,4508.53,impulse_bar,-1,0,2026-05-19 19:47:00+00:00,4486.6,timeout,13.799999999999272,True,120.0
-1,2026-05-20 13:15:00+00:00,2026-05-20 13:25:00+00:00,4494.32,breakout_next_open,4499.44,4478.96,5.119999999999891,15.359999999999673,120,2026-05-20 15:25:00+00:00,4494.58,4499.44,4493.97,4506.45,impulse_bar,-1,0,2026-05-20 14:05:00+00:00,4478.96,target_hit,15.359999999999673,True,40.0
-1,2026-05-22 13:45:00+00:00,2026-05-22 13:47:00+00:00,4517.39,breakout_next_open,4527.24,4487.840000000002,9.849999999999454,29.549999999998363,120,2026-05-22 16:15:00+00:00,4519.89,4527.24,4510.73,4527.49,impulse_bar,-1,1,2026-05-22 16:15:00+00:00,4517.37,timeout,0.020000000000436557,True,148.0
-1,2026-05-26 14:00:00+00:00,2026-05-26 14:02:00+00:00,4515.11,breakout_next_open,4526.63,4480.549999999998,11.520000000000437,34.56000000000131,120,2026-05-26 17:30:00+00:00,4519.54,4526.63,4512.34,4529.65,impulse_bar,-1,1,2026-05-26 17:30:00+00:00,4499.1,timeout,16.00999999999931,True,208.0
-1,2026-05-26 18:00:00+00:00,2026-05-26 18:03:00+00:00,4485.67,breakout_next_open,4494.91,4457.950000000001,9.239999999999782,27.719999999999345,120,2026-05-26 20:03:00+00:00,4490.52,4494.91,4489.57,4501.52,impulse_bar,-1,0,2026-05-26 18:26:00+00:00,4494.91,stop_loss,-9.239999999999782,False,23.0
-1,2026-05-28 10:45:00+00:00,2026-05-28 10:47:00+00:00,4386.44,breakout_next_open,4396.24,4357.039999999999,9.800000000000182,29.400000000000546,120,2026-05-28 12:47:00+00:00,4391.55,4396.24,4387.48,4403.42,impulse_bar,-1,0,2026-05-28 11:00:00+00:00,4382.69,structure_change,3.75,True,13.0
1,2026-05-29 09:00:00+00:00,2026-05-29 09:02:00+00:00,4515.07,breakout_next_open,4509.84,4530.759999999998,5.229999999999563,15.68999999999869,120,2026-05-29 11:02:00+00:00,4509.84,4513.89,4509.84,4516.67,impulse_bar,1,0,2026-05-29 09:29:00+00:00,4530.759999999998,target_hit,15.68999999999869,True,27.0
1,2026-05-29 14:45:00+00:00,2026-05-29 14:47:00+00:00,4539.95,breakout_next_open,4527.04,4578.679999999999,12.909999999999854,38.72999999999956,120,2026-05-29 16:47:00+00:00,4527.04,4532.94,4525.73,4541.97,impulse_bar,1,0,2026-05-29 15:04:00+00:00,4578.679999999999,target_hit,38.72999999999956,True,17.0
1,2026-05-29 15:15:00+00:00,2026-05-29 15:22:00+00:00,4584.13,breakout_next_open,4569.73,4627.330000000002,14.400000000000546,43.20000000000164,120,2026-05-29 17:22:00+00:00,4569.73,4576.44,4564.13,4595.45,impulse_bar,1,0,2026-05-29 15:41:00+00:00,4569.73,stop_loss,-14.400000000000546,False,19.0
-1,2026-06-01 11:30:00+00:00,2026-06-01 11:33:00+00:00,4507.85,breakout_next_open,4512.11,4495.070000000002,4.259999999999309,12.779999999997926,120,2026-06-01 13:33:00+00:00,4508.49,4512.11,4503.97,4513.28,impulse_bar,-1,0,2026-06-01 13:10:00+00:00,4495.070000000002,target_hit,12.779999999997926,True,97.0
-1,2026-06-01 13:15:00+00:00,2026-06-01 13:19:00+00:00,4487.95,breakout_next_open,4504.19,4439.2300000000005,16.23999999999978,48.719999999999345,120,2026-06-01 15:45:00+00:00,4498.32,4504.19,4472.28,4504.19,impulse_bar,-1,1,2026-06-01 15:45:00+00:00,4474.12,timeout,13.829999999999927,True,146.0
1,2026-06-04 09:45:00+00:00,2026-06-04 09:47:00+00:00,4468.24,breakout_next_open,4462.21,4486.329999999999,6.029999999999745,18.089999999999236,120,2026-06-04 11:47:00+00:00,4462.21,4467.23,4461.89,4469.53,impulse_bar,1,0,2026-06-04 11:26:00+00:00,4486.329999999999,target_hit,18.089999999999236,True,99.0
1,2026-06-04 11:30:00+00:00,2026-06-04 11:32:00+00:00,4491.51,breakout_next_open,4481.33,4522.050000000001,10.180000000000291,30.540000000000873,120,2026-06-04 15:00:00+00:00,4481.33,4487.99,4473.51,4492.01,impulse_bar,1,3,2026-06-04 14:35:00+00:00,4481.33,stop_loss,-10.180000000000291,False,183.0
-1,2026-06-05 13:45:00+00:00,2026-06-05 13:48:00+00:00,4384.7,breakout_next_open,4408.48,4313.360000000001,23.779999999999745,71.33999999999924,120,2026-06-05 17:45:00+00:00,4398.68,4408.48,4386.09,4409.76,impulse_bar,-1,2,2026-06-05 17:45:00+00:00,4342.11,timeout,42.590000000000146,True,237.0
-1,2026-06-08 07:30:00+00:00,2026-06-08 07:38:00+00:00,4306.54,breakout_next_open,4309.59,4297.389999999999,3.050000000000182,9.150000000000546,120,2026-06-08 09:38:00+00:00,4304.74,4309.59,4300.27,4317.37,impulse_bar,-1,0,2026-06-08 07:51:00+00:00,4297.389999999999,target_hit,9.150000000000546,True,13.0
-1,2026-06-08 09:00:00+00:00,2026-06-08 09:03:00+00:00,4291.27,breakout_next_open,4293.96,4283.200000000002,2.6899999999996,8.0699999999988,120,2026-06-08 11:03:00+00:00,4289.52,4293.96,4285.49,4294.14,impulse_bar,-1,0,2026-06-08 09:28:00+00:00,4283.200000000002,target_hit,8.0699999999988,True,25.0
1,2026-06-09 11:00:00+00:00,2026-06-09 11:02:00+00:00,4338.74,breakout_next_open,4330.38,4363.819999999999,8.359999999999673,25.079999999999018,120,2026-06-09 13:02:00+00:00,4330.38,4333.74,4330.34,4341.19,impulse_bar,1,0,2026-06-09 13:02:00+00:00,4340.28,timeout,1.5399999999999636,True,120.0
-1,2026-06-10 07:15:00+00:00,2026-06-10 07:17:00+00:00,4200.2,breakout_next_open,4205.67,4183.789999999999,5.470000000000255,16.410000000000764,120,2026-06-10 09:17:00+00:00,4200.34,4205.67,4197.38,4208.2,impulse_bar,-1,0,2026-06-10 07:52:00+00:00,4183.789999999999,target_hit,16.410000000000764,True,35.0
-1,2026-06-10 08:00:00+00:00,2026-06-10 08:02:00+00:00,4177.98,breakout_next_open,4188.25,4147.169999999998,10.270000000000437,30.81000000000131,120,2026-06-10 13:45:00+00:00,4181.69,4188.25,4181.61,4193.35,impulse_bar,-1,6,2026-06-10 11:59:00+00:00,4147.169999999998,target_hit,30.81000000000131,True,237.0
-1,2026-06-10 14:30:00+00:00,2026-06-10 14:32:00+00:00,4155.65,breakout_next_open,4175.51,4096.069999999998,19.860000000000582,59.580000000001746,120,2026-06-10 17:00:00+00:00,4168.27,4175.51,4159.49,4175.71,impulse_bar,-1,2,2026-06-10 17:00:00+00:00,4125.4,timeout,30.25,True,148.0
-1,2026-06-10 17:30:00+00:00,2026-06-10 17:32:00+00:00,4107.35,breakout_next_open,4119.49,4070.930000000002,12.139999999999418,36.419999999998254,120,2026-06-10 19:32:00+00:00,4114.93,4119.49,4109.25,4120.47,impulse_bar,-1,0,2026-06-10 18:02:00+00:00,4119.49,stop_loss,-12.139999999999418,False,30.0
-1,2026-06-10 18:30:00+00:00,2026-06-10 18:32:00+00:00,4110.22,breakout_next_open,4116.12,4092.5200000000013,5.899999999999636,17.69999999999891,120,2026-06-10 20:32:00+00:00,4112.62,4116.12,4109.58,4118.42,impulse_bar,-1,0,2026-06-10 19:11:00+00:00,4092.5200000000013,target_hit,17.69999999999891,True,39.0
-1,2026-06-10 19:15:00+00:00,2026-06-10 19:17:00+00:00,4090.92,breakout_next_open,4100.25,4062.9300000000003,9.329999999999927,27.98999999999978,120,2026-06-10 21:17:00+00:00,4095.63,4100.25,4087.29,4102.51,impulse_bar,-1,0,2026-06-10 22:01:00+00:00,4066.08,timeout,24.840000000000146,True,164.0
1,2026-06-12 07:45:00+00:00,2026-06-12 07:47:00+00:00,4182.41,breakout_next_open,4173.83,4208.15,8.579999999999927,25.73999999999978,120,2026-06-12 10:15:00+00:00,4173.83,4177.95,4170.1,4184.81,impulse_bar,1,1,2026-06-12 08:17:00+00:00,4208.15,target_hit,25.73999999999978,True,30.0
1,2026-06-12 08:15:00+00:00,2026-06-12 08:17:00+00:00,4206.69,breakout_next_open,4192.61,4248.929999999999,14.079999999999927,42.23999999999978,120,2026-06-12 11:45:00+00:00,4192.61,4198.78,4191.79,4205.35,impulse_bar,1,1,2026-06-12 10:00:00+00:00,4219.84,structure_change,13.150000000000546,True,103.0
1,2026-06-15 07:15:00+00:00,2026-06-15 07:17:00+00:00,4314.47,breakout_next_open,4306.42,4338.620000000001,8.050000000000182,24.150000000000546,120,2026-06-15 10:00:00+00:00,4306.42,4310.8,4305.21,4314.61,impulse_bar,1,1,2026-06-15 08:33:00+00:00,4338.620000000001,target_hit,24.150000000000546,True,76.0
1,2026-06-15 08:45:00+00:00,2026-06-15 08:47:00+00:00,4341.72,breakout_next_open,4328.98,4379.940000000002,12.740000000000691,38.220000000002074,120,2026-06-15 10:47:00+00:00,4328.98,4332.9,4327.65,4345.54,impulse_bar,1,0,2026-06-15 10:47:00+00:00,4339.2,timeout,-2.5200000000004366,False,120.0
-1,2026-06-16 13:15:00+00:00,2026-06-16 13:17:00+00:00,4341.1,breakout_next_open,4355.01,4299.370000000001,13.909999999999854,41.72999999999956,120,2026-06-16 16:30:00+00:00,4350.55,4355.01,4342.16,4355.01,impulse_bar,-1,1,2026-06-16 14:45:00+00:00,4323.22,structure_change,17.88000000000011,True,88.0
1,2026-06-17 15:15:00+00:00,2026-06-17 15:17:00+00:00,4353.24,breakout_next_open,4344.64,4379.039999999998,8.599999999999454,25.799999999998363,120,2026-06-17 18:30:00+00:00,4344.64,4348.53,4343.9,4348.74,impulse_bar,1,1,2026-06-17 17:33:00+00:00,4379.039999999998,target_hit,25.799999999998363,True,136.0
-1,2026-06-18 07:45:00+00:00,2026-06-18 07:47:00+00:00,4297.22,breakout_next_open,4307.76,4265.6,10.539999999999964,31.61999999999989,120,2026-06-18 09:47:00+00:00,4303.78,4307.76,4293.16,4307.76,impulse_bar,-1,0,2026-06-18 09:00:00+00:00,4265.6,target_hit,31.61999999999989,True,73.0
-1,2026-06-18 10:45:00+00:00,2026-06-18 10:48:00+00:00,4265.08,breakout_next_open,4268.27,4255.509999999998,3.1900000000005093,9.570000000001528,120,2026-06-18 12:48:00+00:00,4264.85,4268.27,4263.51,4271.0,impulse_bar,-1,0,2026-06-18 10:57:00+00:00,4255.509999999998,target_hit,9.570000000001528,True,9.0
-1,2026-06-18 11:00:00+00:00,2026-06-18 11:02:00+00:00,4252.15,breakout_next_open,4260.73,4226.41,8.579999999999927,25.73999999999978,120,2026-06-18 13:45:00+00:00,4256.03,4260.73,4254.67,4266.9,impulse_bar,-1,1,2026-06-18 12:20:00+00:00,4260.73,stop_loss,-8.579999999999927,False,78.0
-1,2026-06-18 12:30:00+00:00,2026-06-18 12:34:00+00:00,4251.06,breakout_next_open,4259.43,4225.950000000001,8.36999999999989,25.109999999999673,120,2026-06-18 14:45:00+00:00,4254.98,4259.43,4254.07,4269.33,impulse_bar,-1,1,2026-06-18 13:14:00+00:00,4259.43,stop_loss,-8.36999999999989,False,40.0
-1,2026-06-18 14:15:00+00:00,2026-06-18 14:18:00+00:00,4243.76,breakout_next_open,4258.15,4200.590000000002,14.389999999999418,43.169999999998254,120,2026-06-18 17:45:00+00:00,4248.96,4258.15,4239.01,4258.15,impulse_bar,-1,2,2026-06-18 17:45:00+00:00,4228.29,timeout,15.470000000000255,True,207.0
-1,2026-06-19 08:45:00+00:00,2026-06-19 08:47:00+00:00,4167.19,breakout_next_open,4178.33,4133.769999999999,11.140000000000327,33.42000000000098,120,2026-06-19 13:00:00+00:00,4174.1,4178.33,4166.58,4179.05,impulse_bar,-1,2,2026-06-19 11:45:00+00:00,4151.17,structure_change,16.019999999999527,True,178.0
1,2026-06-19 15:00:00+00:00,2026-06-19 15:02:00+00:00,4152.99,breakout_next_open,4145.4,4175.76,7.5900000000001455,22.770000000000437,120,2026-06-19 17:02:00+00:00,4145.4,4150.36,4142.45,4151.46,impulse_bar,1,0,2026-06-19 16:12:00+00:00,4145.4,stop_loss,-7.5900000000001455,False,70.0
1,2026-06-22 10:00:00+00:00,2026-06-22 10:02:00+00:00,4209.3,breakout_next_open,4204.49,4223.730000000001,4.8100000000004,14.4300000000012,120,2026-06-22 12:02:00+00:00,4204.49,4208.12,4204.43,4210.38,impulse_bar,1,0,2026-06-22 10:47:00+00:00,4204.49,stop_loss,-4.8100000000004,False,45.0
-1,2026-06-23 14:45:00+00:00,2026-06-23 14:47:00+00:00,4126.83,breakout_next_open,4133.49,4106.85,6.6599999999998545,19.979999999999563,120,2026-06-23 16:47:00+00:00,4127.98,4133.49,4122.58,4133.49,impulse_bar,-1,0,2026-06-23 15:01:00+00:00,4133.49,stop_loss,-6.6599999999998545,False,14.0
-1,2026-06-23 17:00:00+00:00,2026-06-23 17:02:00+00:00,4133.61,breakout_next_open,4138.93,4117.649999999998,5.3200000000006185,15.960000000001855,120,2026-06-23 19:02:00+00:00,4134.71,4138.93,4131.36,4144.07,impulse_bar,-1,0,2026-06-23 17:13:00+00:00,4138.93,stop_loss,-5.3200000000006185,False,11.0
-1,2026-06-24 07:15:00+00:00,2026-06-24 07:17:00+00:00,4084.41,breakout_next_open,4089.73,4068.4499999999994,5.320000000000164,15.960000000000491,120,2026-06-24 09:17:00+00:00,4085.42,4089.73,4085.35,4091.02,impulse_bar,-1,0,2026-06-24 09:17:00+00:00,4077.11,timeout,7.299999999999727,True,120.0
-1,2026-06-24 11:15:00+00:00,2026-06-24 11:17:00+00:00,4039.6,breakout_next_open,4056.03,3990.309999999999,16.43000000000029,49.29000000000087,120,2026-06-24 13:17:00+00:00,4050.79,4056.03,4044.58,4058.98,impulse_bar,-1,0,2026-06-24 11:52:00+00:00,4056.03,stop_loss,-16.43000000000029,False,35.0
-1,2026-06-24 12:15:00+00:00,2026-06-24 12:17:00+00:00,4036.01,breakout_next_open,4043.81,4012.610000000001,7.799999999999727,23.39999999999918,120,2026-06-24 14:17:00+00:00,4039.43,4043.81,4034.94,4048.99,impulse_bar,-1,0,2026-06-24 12:25:00+00:00,4012.610000000001,target_hit,23.39999999999918,True,8.0
-1,2026-06-24 13:00:00+00:00,2026-06-24 13:05:00+00:00,3980.03,breakout_next_open,4011.17,3886.6100000000006,31.139999999999873,93.41999999999962,120,2026-06-24 15:05:00+00:00,4002.88,4011.17,3987.61,4017.89,impulse_bar,-1,0,2026-06-24 13:42:00+00:00,4011.17,stop_loss,-31.139999999999873,False,37.0
-1,2026-06-24 14:15:00+00:00,2026-06-24 14:24:00+00:00,4021.14,breakout_next_open,4041.3,3960.659999999999,20.16000000000031,60.48000000000093,120,2026-06-24 17:00:00+00:00,4031.23,4041.3,4018.92,4041.3,impulse_bar,-1,1,2026-06-24 17:00:00+00:00,4008.19,timeout,12.949999999999818,True,156.0
-1,2026-06-24 17:30:00+00:00,2026-06-24 17:32:00+00:00,3987.66,breakout_next_open,3999.24,3952.92,11.579999999999927,34.73999999999978,120,2026-06-24 20:00:00+00:00,3994.05,3999.24,3989.91,4007.4,impulse_bar,-1,1,2026-06-24 20:00:00+00:00,3988.02,timeout,-0.36000000000012733,False,148.0
