signal_ts,side,p_long,p_short,p_pick,pnl,exit_reason,scaled_half,bars_held,win
2025-11-03 14:31:00+00:00,-1,0.3529825508594513,0.7279336452484131,0.7279336452484131,-4.7800000000002,timeout,False,10,False
2025-11-03 14:34:00+00:00,-1,0.22333058714866638,0.6077592968940735,0.6077592968940735,-7.870000000000346,timeout,False,10,False
2025-11-04 14:29:00+00:00,-1,0.38711532950401306,0.8451846241950989,0.8451846241950989,5.0,trail_stop,True,3,True
2025-11-04 14:32:00+00:00,1,0.7350940704345703,0.44920870661735535,0.7350940704345703,-9.649999999999636,timeout,False,10,False
2025-11-04 18:29:00+00:00,1,0.7687987685203552,0.20058466494083405,0.7687987685203552,-14.640000000000327,timeout,False,10,False
2025-11-05 09:24:00+00:00,1,0.5910024046897888,0.47661203145980835,0.5910024046897888,1.7800000000002,timeout,False,10,True
2025-11-05 13:15:00+00:00,-1,0.5408612489700317,0.6968830823898315,0.6968830823898315,-7.769999999999982,timeout,False,10,False
2025-11-05 14:33:00+00:00,-1,0.3457825779914856,0.727252721786499,0.727252721786499,5.0,trail_stop,True,8,True
2025-11-05 15:00:00+00:00,-1,0.47261980175971985,0.8068432211875916,0.8068432211875916,-4.380000000000109,timeout,False,10,False
2025-11-06 15:01:00+00:00,-1,0.3658298850059509,0.6269237399101257,0.6269237399101257,5.0,trail_stop,True,2,True
2025-11-06 15:04:00+00:00,-1,0.2735428810119629,0.7031987309455872,0.7031987309455872,-3.980000000000018,timeout,False,10,False
2025-11-07 13:32:00+00:00,1,0.643426239490509,0.5433798432350159,0.643426239490509,0.8699999999998909,timeout,False,10,True
2025-11-07 16:38:00+00:00,1,0.7009739875793457,0.16888730227947235,0.7009739875793457,-6.589999999999691,timeout,False,10,False
2025-11-10 14:33:00+00:00,-1,0.557768702507019,0.6133691668510437,0.6133691668510437,-3.700000000000273,timeout,False,10,False
2025-11-11 15:22:00+00:00,1,0.9161112308502197,0.05852600559592247,0.9161112308502197,-7.0600000000004,timeout,False,10,False
2025-11-11 15:28:00+00:00,1,0.8573389649391174,0.10106875747442245,0.8573389649391174,5.0,trail_stop,True,3,True
2025-11-12 14:35:00+00:00,1,0.6761444211006165,0.26731643080711365,0.6761444211006165,5.0,trail_stop,True,8,True
2025-11-12 14:38:00+00:00,1,0.6939558982849121,0.31815487146377563,0.6939558982849121,-2.2600000000002183,timeout,False,10,False
2025-11-12 15:11:00+00:00,1,0.7706043720245361,0.21863165497779846,0.7706043720245361,7.5,target_full,True,5,True
2025-11-13 10:09:00+00:00,-1,0.30285778641700745,0.6947205662727356,0.6947205662727356,-4.359999999999673,timeout,False,10,False
2025-11-13 11:00:00+00:00,-1,0.3313526511192322,0.662207841873169,0.662207841873169,-4.380000000000109,timeout,False,10,False
2025-11-13 13:00:00+00:00,-1,0.3449711203575134,0.7759823203086853,0.7759823203086853,5.0,trail_stop,True,2,True
2025-11-13 13:03:00+00:00,-1,0.3116142451763153,0.7629998922348022,0.7629998922348022,-0.8800000000001091,timeout,False,10,False
2025-11-13 13:33:00+00:00,1,0.6903957724571228,0.4734935164451599,0.6903957724571228,3.8650000000002365,timeout,True,10,True
2025-11-13 14:03:00+00:00,1,0.6755256652832031,0.3640637993812561,0.6755256652832031,-3.550000000000182,timeout,False,10,False
2025-11-13 14:30:00+00:00,1,0.8589683771133423,0.4280390441417694,0.8589683771133423,5.0,trail_stop,True,2,True
2025-11-13 14:42:00+00:00,-1,0.6774572730064392,0.8454291820526123,0.8454291820526123,7.5,target_full,True,1,True
2025-11-13 15:33:00+00:00,1,0.8799619078636169,0.18500365316867828,0.8799619078636169,5.0,trail_stop,True,4,True
2025-11-13 18:27:00+00:00,1,0.7542099952697754,0.24301399290561676,0.7542099952697754,-20.0,stop_loss,False,4,False
2025-11-13 18:33:00+00:00,-1,0.3205154240131378,0.746576189994812,0.746576189994812,7.5,target_full,True,1,True
2025-11-13 18:36:00+00:00,-1,0.22518311440944672,0.7760692238807678,0.7760692238807678,5.0,trail_stop,True,2,True
2025-11-14 11:55:00+00:00,1,0.6411683559417725,0.2894042432308197,0.6411683559417725,2.819999999999709,timeout,False,10,True
2025-11-14 13:13:00+00:00,-1,0.5158969163894653,0.6712098121643066,0.6712098121643066,5.0,trail_stop,True,6,True
2025-11-14 14:34:00+00:00,1,0.7722987532615662,0.7095376253128052,0.7722987532615662,7.5,target_full,True,1,True
2025-11-14 14:37:00+00:00,1,0.7070693373680115,0.4240703284740448,0.7070693373680115,5.0,trail_stop,True,2,True
2025-11-14 16:22:00+00:00,1,0.8315632343292236,0.11962880194187164,0.8315632343292236,-5.199999999999818,timeout,False,10,False
2025-11-17 11:35:00+00:00,1,0.6968804001808167,0.3049180209636688,0.6968804001808167,5.0,trail_stop,True,7,True
2025-11-17 13:50:00+00:00,1,0.726019024848938,0.14277419447898865,0.726019024848938,0.47000000000025466,timeout,False,10,True
2025-11-17 19:32:00+00:00,-1,0.22681398689746857,0.7852858304977417,0.7852858304977417,5.0,trail_stop,True,2,True
2025-11-18 08:06:00+00:00,1,0.8376162052154541,0.12319453805685043,0.8376162052154541,1.2699999999999818,timeout,False,10,True
2025-11-18 08:33:00+00:00,1,0.7366839051246643,0.314668208360672,0.7366839051246643,5.0,trail_stop,True,2,True
2025-11-18 13:00:00+00:00,-1,0.2248094230890274,0.7797656655311584,0.7797656655311584,-3.8900000000003274,timeout,False,10,False
2025-11-18 13:36:00+00:00,1,0.597608745098114,0.4736560583114624,0.597608745098114,-1.4600000000000364,timeout,False,10,False
2025-11-19 17:04:00+00:00,-1,0.560050904750824,0.7993849515914917,0.7993849515914917,-4.7400000000002365,timeout,False,10,False
2025-11-19 19:13:00+00:00,1,0.7007915377616882,0.33412620425224304,0.7007915377616882,-0.9599999999995816,timeout,False,10,False
2025-11-20 08:05:00+00:00,1,0.7617204785346985,0.23922379314899445,0.7617204785346985,-5.5900000000001455,timeout,False,10,False
2025-11-20 12:11:00+00:00,1,0.7201213836669922,0.3685368597507477,0.7201213836669922,5.0,trail_stop,True,9,True
2025-11-20 13:38:00+00:00,-1,0.5281285643577576,0.9038083553314209,0.9038083553314209,5.0,trail_stop,True,3,True
2025-11-21 12:30:00+00:00,-1,0.41400519013404846,0.6297756433486938,0.6297756433486938,-2.6900000000000546,timeout,False,10,False
2025-11-21 13:57:00+00:00,1,0.6774948835372925,0.26370787620544434,0.6774948835372925,-4.940000000000055,timeout,False,10,False
2025-11-21 18:48:00+00:00,1,0.6201383471488953,0.17233280837535858,0.6201383471488953,-3.650000000000091,timeout,False,10,False
2025-11-24 09:52:00+00:00,-1,0.41306060552597046,0.7530145049095154,0.7530145049095154,-5.420000000000073,timeout,False,10,False
2025-11-25 08:32:00+00:00,1,0.6870980858802795,0.3936379551887512,0.6870980858802795,-4.289999999999964,timeout,False,10,False
2025-11-25 08:35:00+00:00,1,0.7901954054832458,0.28512632846832275,0.7901954054832458,-1.3700000000008004,timeout,False,10,False
2025-11-25 11:05:00+00:00,-1,0.09441671520471573,0.6478358507156372,0.6478358507156372,-4.6799999999993815,timeout,False,10,False
2025-11-25 12:44:00+00:00,-1,0.2937129735946655,0.7444083094596863,0.7444083094596863,-9.979999999999563,timeout,False,10,False
2025-11-25 17:11:00+00:00,-1,0.33113643527030945,0.6051163077354431,0.6051163077354431,-2.4200000000000728,timeout,False,10,False
2025-11-25 18:38:00+00:00,1,0.8253128528594971,0.13634395599365234,0.8253128528594971,5.0,trail_stop,True,4,True
2025-11-26 13:30:00+00:00,-1,0.29680734872817993,0.8595686554908752,0.8595686554908752,5.0,trail_stop,True,6,True
2025-11-26 13:36:00+00:00,1,0.6014888882637024,0.5222737789154053,0.6014888882637024,-3.089999999999236,timeout,False,10,False
2025-11-26 14:09:00+00:00,1,0.8702183961868286,0.4120611846446991,0.8702183961868286,0.15999999999985448,timeout,False,10,True
2025-11-28 10:12:00+00:00,1,0.6727386116981506,0.3898485004901886,0.6727386116981506,-7.470000000000255,timeout,False,10,False
2025-11-28 10:33:00+00:00,1,0.837211012840271,0.3381211757659912,0.837211012840271,1.1499999999996362,timeout,False,10,True
2025-11-28 13:33:00+00:00,1,0.7894862294197083,0.23338036239147186,0.7894862294197083,-4.5600000000004,timeout,False,10,False
2025-12-01 14:35:00+00:00,-1,0.498101145029068,0.6652073860168457,0.6652073860168457,5.0,trail_stop,True,2,True
2025-12-02 09:36:00+00:00,-1,0.5574376583099365,0.6680217385292053,0.6680217385292053,-3.4899999999997817,timeout,False,10,False
2025-12-02 17:00:00+00:00,1,0.5925995707511902,0.5155627727508545,0.5925995707511902,-4.160000000000764,timeout,False,10,False
2025-12-02 19:57:00+00:00,1,0.6051365733146667,0.20910532772541046,0.6051365733146667,-3.0499999999992724,timeout,False,10,False
2025-12-03 13:52:00+00:00,1,0.6005533933639526,0.3720894157886505,0.6005533933639526,5.0,trail_stop,True,3,True
2025-12-03 13:55:00+00:00,-1,0.6999194025993347,0.8369441032409668,0.8369441032409668,5.0,trail_stop,True,10,True
2025-12-03 14:31:00+00:00,-1,0.5094943046569824,0.8688517212867737,0.8688517212867737,4.239999999999782,timeout,False,10,True
2025-12-05 13:00:00+00:00,-1,0.3346174955368042,0.6407204270362854,0.6407204270362854,5.0,trail_stop,True,2,True
2025-12-05 13:30:00+00:00,-1,0.32653093338012695,0.7314475774765015,0.7314475774765015,-0.19000000000050932,timeout,False,10,False
2025-12-09 14:12:00+00:00,-1,0.3238864541053772,0.6847390532493591,0.6847390532493591,1.1500000000005457,timeout,False,10,True
2025-12-09 16:00:00+00:00,-1,0.3161780536174774,0.5864693522453308,0.5864693522453308,-8.910000000000764,timeout,False,10,False
2025-12-10 19:01:00+00:00,-1,0.4437251389026642,0.5855191349983215,0.5855191349983215,5.0,trail_stop,True,2,True
2025-12-10 19:04:00+00:00,-1,0.3647942841053009,0.7175317406654358,0.7175317406654358,-8.779999999999745,timeout,False,10,False
2025-12-11 15:41:00+00:00,1,0.7436009049415588,0.6017887592315674,0.7436009049415588,5.0,trail_stop,True,9,True
2025-12-11 19:02:00+00:00,-1,0.21044893562793732,0.6189654469490051,0.6189654469490051,5.0,trail_stop,True,6,True
2025-12-12 13:30:00+00:00,1,0.7392425537109375,0.4681972563266754,0.7392425537109375,-0.6599999999998545,timeout,False,10,False
2025-12-12 14:30:00+00:00,1,0.6070232391357422,0.5362542271614075,0.6070232391357422,5.0,trail_stop,True,10,True
2025-12-12 15:24:00+00:00,-1,0.6699565649032593,0.768140971660614,0.768140971660614,7.5,target_full,True,4,True
2025-12-15 14:01:00+00:00,-1,0.3706009089946747,0.6436242461204529,0.6436242461204529,5.0,trail_stop,True,6,True
2025-12-15 14:31:00+00:00,1,0.7473198175430298,0.21771469712257385,0.7473198175430298,5.0,trail_stop,True,3,True
2025-12-15 16:22:00+00:00,1,0.7720205783843994,0.28355976939201355,0.7720205783843994,5.0,trail_stop,True,3,True
2025-12-16 13:32:00+00:00,-1,0.5136599540710449,0.7346709966659546,0.7346709966659546,5.0,trail_stop,True,3,True
2025-12-16 19:26:00+00:00,1,0.661766767501831,0.3038872182369232,0.661766767501831,5.0,trail_stop,True,3,True
2025-12-17 14:12:00+00:00,1,0.8809982538223267,0.26011231541633606,0.8809982538223267,-7.779999999999745,timeout,False,10,False
2025-12-18 13:31:00+00:00,-1,0.32546624541282654,0.8005116581916809,0.8005116581916809,-6.299999999999272,timeout,False,10,False
2025-12-18 14:43:00+00:00,-1,0.5602498054504395,0.6354342699050903,0.6354342699050903,5.0,trail_stop,True,3,True
2025-12-18 16:10:00+00:00,1,0.6539888978004456,0.4289076328277588,0.6539888978004456,7.5,target_full,True,1,True
2025-12-18 16:13:00+00:00,1,0.6399772763252258,0.44849878549575806,0.6399772763252258,5.0,trail_stop,True,5,True
2025-12-19 14:35:00+00:00,-1,0.5047541856765747,0.6309577822685242,0.6309577822685242,7.5,target_full,True,10,True
2025-12-22 08:00:00+00:00,1,0.6940006613731384,0.34617048501968384,0.6940006613731384,2.7000000000007276,timeout,False,10,True
2025-12-22 14:30:00+00:00,-1,0.31867581605911255,0.7182421684265137,0.7182421684265137,5.0,trail_stop,True,4,True
2025-12-22 15:15:00+00:00,1,0.7224269509315491,0.3364196717739105,0.7224269509315491,5.0,trail_stop,True,2,True
2025-12-23 13:52:00+00:00,1,0.7171414494514465,0.5598503947257996,0.7171414494514465,5.0,trail_stop,True,2,True
2025-12-23 14:34:00+00:00,1,0.6795946359634399,0.5253434181213379,0.6795946359634399,-2.2399999999997817,timeout,False,10,False
2025-12-23 19:01:00+00:00,1,0.7192568778991699,0.346243679523468,0.7192568778991699,5.0,trail_stop,True,10,True
2025-12-23 20:58:00+00:00,1,0.7156111598014832,0.2560896873474121,0.7156111598014832,-7.0900000000001455,timeout,False,10,False
2025-12-24 13:20:00+00:00,-1,0.3033228814601898,0.7952837347984314,0.7952837347984314,-2.7600000000002183,timeout,False,10,False
2025-12-24 14:38:00+00:00,1,0.7108222842216492,0.2654891610145569,0.7108222842216492,5.0,trail_stop,True,3,True
2025-12-24 14:41:00+00:00,1,0.796023428440094,0.33419299125671387,0.796023428440094,-14.699999999999818,timeout,False,10,False
2025-12-24 14:50:00+00:00,-1,0.39424023032188416,0.8425523638725281,0.8425523638725281,-1.7399999999997817,timeout,False,10,False
2025-12-26 12:59:00+00:00,1,0.6137498617172241,0.28944820165634155,0.6137498617172241,5.0,trail_stop,True,2,True
2025-12-26 13:02:00+00:00,1,0.6282507181167603,0.5249173045158386,0.6282507181167603,2.0600000000004,timeout,False,10,True
2025-12-29 08:01:00+00:00,-1,0.3341257572174072,0.6583936214447021,0.6583936214447021,-9.80999999999949,timeout,False,10,False
2025-12-29 08:49:00+00:00,-1,0.4124363958835602,0.6314911842346191,0.6314911842346191,5.0,trail_stop,True,4,True
2025-12-29 11:37:00+00:00,-1,0.3388446271419525,0.7049965262413025,0.7049965262413025,7.5,target_full,True,2,True
2025-12-29 11:40:00+00:00,-1,0.3022696077823639,0.8300597667694092,0.8300597667694092,-12.88000000000011,timeout,False,10,False
2025-12-29 11:43:00+00:00,-1,0.5056402087211609,0.6625258326530457,0.6625258326530457,-0.6099999999996726,timeout,False,10,False
2025-12-29 14:31:00+00:00,-1,0.6440749168395996,0.8583980202674866,0.8583980202674866,5.0,trail_stop,True,9,True
2025-12-29 15:07:00+00:00,-1,0.601496696472168,0.8637102842330933,0.8637102842330933,-4.029999999999745,timeout,False,10,False
2025-12-29 17:40:00+00:00,1,0.8056289553642273,0.4204440116882324,0.8056289553642273,5.0,trail_stop,True,8,True
2025-12-30 08:02:00+00:00,-1,0.4936782717704773,0.5852922797203064,0.5852922797203064,-4.640000000000327,timeout,False,10,False
2025-12-30 08:29:00+00:00,1,0.76385498046875,0.31790217757225037,0.76385498046875,5.0,trail_stop,True,3,True
2025-12-30 13:32:00+00:00,-1,0.6366315484046936,0.7407191395759583,0.7407191395759583,1.6599999999998545,timeout,False,10,True
2025-12-30 14:32:00+00:00,1,0.6243845820426941,0.566459059715271,0.6243845820426941,-14.430000000000291,timeout,False,10,False
2025-12-30 14:35:00+00:00,1,0.8215312361717224,0.37708836793899536,0.8215312361717224,5.0,trail_stop,True,3,True
2025-12-30 19:47:00+00:00,1,0.7825778722763062,0.3882962763309479,0.7825778722763062,-8.13000000000011,timeout,False,10,False
2025-12-31 10:30:00+00:00,-1,0.39317575097084045,0.7237861752510071,0.7237861752510071,1.389999999999418,timeout,False,10,True
2025-12-31 12:24:00+00:00,1,0.7311694622039795,0.35391923785209656,0.7311694622039795,5.0,trail_stop,True,7,True
2025-12-31 14:30:00+00:00,-1,0.38110363483428955,0.7349429130554199,0.7349429130554199,5.0,trail_stop,True,9,True
2026-01-02 13:21:00+00:00,1,0.7610303163528442,0.36586102843284607,0.7610303163528442,-15.970000000000255,timeout,False,10,False
2026-01-02 13:24:00+00:00,1,0.6986292600631714,0.4167773723602295,0.6986292600631714,-10.829999999999927,timeout,False,10,False
2026-01-02 14:30:00+00:00,-1,0.5219301581382751,0.7967703938484192,0.7967703938484192,5.0,trail_stop,True,2,True
2026-01-02 14:36:00+00:00,-1,0.5158502459526062,0.6724619269371033,0.6724619269371033,5.0,trail_stop,True,3,True
2026-01-05 11:28:00+00:00,1,0.678544819355011,0.4125325381755829,0.678544819355011,4.275000000000091,timeout,True,10,True
2026-01-05 14:10:00+00:00,1,0.6328114867210388,0.511480450630188,0.6328114867210388,-3.4700000000002547,timeout,False,10,False
2026-01-05 16:49:00+00:00,-1,0.47191938757896423,0.5823386907577515,0.5823386907577515,7.5,target_full,True,9,True
2026-01-05 17:01:00+00:00,1,0.6076554656028748,0.5288891792297363,0.6076554656028748,3.6899999999996,timeout,False,10,True
2026-01-06 09:11:00+00:00,1,0.8583452105522156,0.2512979507446289,0.8583452105522156,-0.8100000000004002,timeout,False,10,False
2026-01-06 09:47:00+00:00,1,0.5830350518226624,0.4725891053676605,0.5830350518226624,-0.2899999999999636,timeout,False,10,False
2026-01-07 12:21:00+00:00,-1,0.21844354271888733,0.7791354656219482,0.7791354656219482,-7.930000000000291,timeout,False,10,False
2026-01-07 13:00:00+00:00,-1,0.1664344072341919,0.6009714007377625,0.6009714007377625,7.5,target_full,True,7,True
2026-01-07 13:06:00+00:00,1,0.7057769894599915,0.4071026146411896,0.7057769894599915,-5.349999999999454,timeout,False,10,False
2026-01-07 13:09:00+00:00,1,0.7327803373336792,0.5524611473083496,0.7327803373336792,5.0,trail_stop,True,2,True
2026-01-07 14:30:00+00:00,-1,0.5300868153572083,0.6703901886940002,0.6703901886940002,5.0,trail_stop,True,2,True
2026-01-08 15:10:00+00:00,1,0.5971345901489258,0.3530539870262146,0.5971345901489258,5.0,trail_stop,True,6,True
2026-01-09 08:05:00+00:00,1,0.6304674744606018,0.23951512575149536,0.6304674744606018,-0.42000000000007276,timeout,False,10,False
2026-01-09 13:32:00+00:00,-1,0.7203115224838257,0.8208125233650208,0.8208125233650208,-5.640000000000327,timeout,False,10,False
2026-01-09 13:35:00+00:00,-1,0.7084115147590637,0.844279408454895,0.844279408454895,-4.150000000000546,timeout,False,10,False
2026-01-09 17:56:00+00:00,-1,0.39327478408813477,0.6568098664283752,0.6568098664283752,-7.619999999999891,timeout,False,10,False
2026-01-12 14:03:00+00:00,-1,0.4813079833984375,0.832533061504364,0.832533061504364,5.0,trail_stop,True,7,True
2026-01-12 14:39:00+00:00,-1,0.47221165895462036,0.8152461647987366,0.8152461647987366,5.0,trail_stop,True,2,True
2026-01-12 20:42:00+00:00,1,0.7802513837814331,0.2664344012737274,0.7802513837814331,0.05999999999949068,timeout,False,10,True
2026-01-13 13:01:00+00:00,1,0.6120327711105347,0.22800414264202118,0.6120327711105347,6.845000000000255,timeout,True,10,True
2026-01-13 13:31:00+00:00,-1,0.6261695623397827,0.8647920489311218,0.8647920489311218,-8.88000000000011,timeout,False,10,False
2026-01-13 17:58:00+00:00,1,0.7298461198806763,0.36478114128112793,0.7298461198806763,5.0,trail_stop,True,3,True
2026-01-13 20:31:00+00:00,1,0.7630373239517212,0.25468310713768005,0.7630373239517212,-0.27999999999974534,timeout,False,10,False
2026-01-13 20:34:00+00:00,1,0.596168041229248,0.45557597279548645,0.596168041229248,5.0,trail_stop,True,2,True
2026-01-14 08:05:00+00:00,1,0.8601219058036804,0.1891237199306488,0.8601219058036804,0.47000000000025466,timeout,False,10,True
2026-01-14 12:02:00+00:00,1,0.6915789842605591,0.18387581408023834,0.6915789842605591,1.1099999999996726,timeout,False,10,True
2026-01-14 14:35:00+00:00,-1,0.616651177406311,0.7561746835708618,0.7561746835708618,5.0,trail_stop,True,4,True
2026-01-14 14:38:00+00:00,1,0.8254250884056091,0.23186513781547546,0.8254250884056091,-16.73999999999978,timeout,False,10,False
2026-01-14 20:02:00+00:00,-1,0.4739474356174469,0.6726241111755371,0.6726241111755371,-4.640000000000327,timeout,False,10,False
2026-01-15 18:30:00+00:00,-1,0.3633388578891754,0.7178475856781006,0.7178475856781006,-0.9700000000002547,timeout,False,10,False
2026-01-15 20:09:00+00:00,1,0.8053770661354065,0.19010795652866364,0.8053770661354065,-2.8099999999994907,timeout,False,10,False
2026-01-16 12:52:00+00:00,1,0.6731507778167725,0.22212567925453186,0.6731507778167725,5.0,trail_stop,True,4,True
2026-01-16 14:31:00+00:00,-1,0.3829144537448883,0.698665201663971,0.698665201663971,-4.699999999999818,timeout,False,10,False
2026-01-16 14:37:00+00:00,1,0.6650874018669128,0.39493730664253235,0.6650874018669128,5.0,trail_stop,True,10,True
2026-01-16 15:28:00+00:00,-1,0.572496235370636,0.8979097604751587,0.8979097604751587,7.5,target_full,True,1,True
2026-01-16 15:31:00+00:00,-1,0.4871865510940552,0.8439674973487854,0.8439674973487854,7.5,target_full,True,1,True
2026-01-16 17:22:00+00:00,-1,0.6770890355110168,0.728447675704956,0.728447675704956,5.0,trail_stop,True,7,True
2026-01-20 08:30:00+00:00,1,0.612424910068512,0.2134222835302353,0.612424910068512,-0.38000000000010914,timeout,False,10,False
2026-01-20 10:33:00+00:00,1,0.6010797023773193,0.43439504504203796,0.6010797023773193,-2.5900000000001455,timeout,False,10,False
2026-01-20 14:00:00+00:00,-1,0.561686098575592,0.7701014876365662,0.7701014876365662,5.0,trail_stop,True,8,True
2026-01-20 14:30:00+00:00,-1,0.6875077486038208,0.8582416772842407,0.8582416772842407,5.0,trail_stop,True,4,True
2026-01-20 17:45:00+00:00,-1,0.31765374541282654,0.6647504568099976,0.6647504568099976,-6.219999999999345,timeout,False,10,False
2026-01-20 20:18:00+00:00,1,0.6224810481071472,0.35457590222358704,0.6224810481071472,-3.9700000000002547,timeout,False,10,False
2026-01-21 09:22:00+00:00,1,0.7945320010185242,0.27250322699546814,0.7945320010185242,5.0,trail_stop,True,4,True
2026-01-21 11:46:00+00:00,1,0.7885026335716248,0.3085872232913971,0.7885026335716248,5.0,trail_stop,True,2,True
2026-01-21 13:01:00+00:00,1,0.8110613226890564,0.48189830780029297,0.8110613226890564,5.0,trail_stop,True,6,True
2026-01-21 14:07:00+00:00,1,0.6316962838172913,0.5714508891105652,0.6316962838172913,-20.0,stop_loss,False,3,False
2026-01-21 15:19:00+00:00,-1,0.5865406394004822,0.9181929230690002,0.9181929230690002,5.0,trail_stop,True,2,True
2026-01-21 17:31:00+00:00,1,0.8595967888832092,0.5661720037460327,0.8595967888832092,5.0,trail_stop,True,6,True
2026-01-21 19:28:00+00:00,1,0.7424294352531433,0.6236556172370911,0.7424294352531433,7.5,target_full,True,1,True
2026-01-21 19:31:00+00:00,-1,0.4199174642562866,0.7723008394241333,0.7723008394241333,7.5,target_full,True,3,True
2026-01-21 19:34:00+00:00,-1,0.3874533474445343,0.9026922583580017,0.9026922583580017,7.5,target_full,True,1,True
2026-01-21 19:37:00+00:00,-1,0.4635436236858368,0.8283358216285706,0.8283358216285706,5.0,trail_stop,True,3,True
2026-01-22 14:32:00+00:00,1,0.8329095840454102,0.6260188817977905,0.8329095840454102,5.0,trail_stop,True,2,True
2026-01-22 14:35:00+00:00,-1,0.48877137899398804,0.8095184564590454,0.8095184564590454,-9.179999999999382,timeout,False,10,False
2026-01-22 14:38:00+00:00,-1,0.4861568808555603,0.7557459473609924,0.7557459473609924,3.9649999999996908,timeout,True,10,True
2026-01-22 15:26:00+00:00,1,0.6661453247070312,0.45371776819229126,0.6661453247070312,5.0,trail_stop,True,5,True
2026-01-22 17:23:00+00:00,1,0.7018247246742249,0.36239874362945557,0.7018247246742249,5.0,trail_stop,True,5,True
2026-01-23 08:24:00+00:00,1,0.851326584815979,0.5476882457733154,0.851326584815979,-2.769999999999527,timeout,False,10,False
2026-01-23 08:27:00+00:00,1,0.8593771457672119,0.8069869875907898,0.8593771457672119,7.5,target_full,True,2,True
2026-01-23 13:00:00+00:00,-1,0.4273344576358795,0.6654092669487,0.6654092669487,-3.6099999999996726,timeout,False,10,False
2026-01-23 14:30:00+00:00,1,0.6901232600212097,0.5513177514076233,0.6901232600212097,7.5,target_full,True,2,True
2026-01-23 14:33:00+00:00,-1,0.49817734956741333,0.8189548850059509,0.8189548850059509,-4.3400000000001455,timeout,False,10,False
2026-01-23 17:54:00+00:00,1,0.8170679807662964,0.4656548500061035,0.8170679807662964,5.0,trail_stop,True,9,True
2026-01-23 20:00:00+00:00,-1,0.535343587398529,0.657429575920105,0.657429575920105,7.5,target_full,True,7,True
2026-01-26 12:01:00+00:00,-1,0.2672262489795685,0.727821946144104,0.727821946144104,0.7899999999999636,timeout,False,10,True
2026-01-26 13:04:00+00:00,-1,0.5402794480323792,0.8798293471336365,0.8798293471336365,-8.899999999999636,timeout,False,10,False
2026-01-26 15:34:00+00:00,1,0.7758838534355164,0.5343291759490967,0.7758838534355164,7.5,target_full,True,2,True
2026-01-26 17:46:00+00:00,1,0.6289706230163574,0.5346525311470032,0.6289706230163574,-1.6200000000008004,timeout,False,10,False
2026-01-26 18:07:00+00:00,1,0.8834390640258789,0.3800506889820099,0.8834390640258789,-3.1099999999996726,timeout,False,10,False
2026-01-27 08:29:00+00:00,1,0.8916809558868408,0.2541441023349762,0.8916809558868408,0.47999999999956344,timeout,False,10,True
2026-01-27 11:47:00+00:00,1,0.6404064297676086,0.4515741169452667,0.6404064297676086,-1.8900000000003274,timeout,False,10,False
2026-01-27 20:08:00+00:00,-1,0.36152389645576477,0.6721885800361633,0.6721885800361633,-20.0,stop_loss,False,2,False
2026-01-28 08:27:00+00:00,1,0.8481739163398743,0.5780550837516785,0.8481739163398743,7.5,target_full,True,4,True
2026-01-28 09:18:00+00:00,1,0.8407127261161804,0.6070744395256042,0.8407127261161804,5.0,trail_stop,True,2,True
2026-01-28 11:00:00+00:00,-1,0.4255887567996979,0.7140868902206421,0.7140868902206421,7.5,target_full,True,3,True
2026-01-28 14:36:00+00:00,1,0.8022403120994568,0.7303008437156677,0.8022403120994568,5.0,trail_stop,True,3,True
2026-01-28 15:00:00+00:00,1,0.6531480550765991,0.4812413156032562,0.6531480550765991,-20.0,stop_loss,False,6,False
2026-01-28 17:00:00+00:00,-1,0.4156816601753235,0.6528862118721008,0.6528862118721008,5.0,trail_stop,True,7,True
2026-01-28 18:18:00+00:00,-1,0.697567880153656,0.8150494694709778,0.8150494694709778,3.9899999999997817,timeout,True,10,True
2026-01-28 18:24:00+00:00,-1,0.5498452186584473,0.8241692185401917,0.8241692185401917,5.0,trail_stop,True,2,True
2026-01-29 08:04:00+00:00,-1,0.6293809413909912,0.8646664023399353,0.8646664023399353,5.0,trail_stop,True,2,True
2026-01-29 08:07:00+00:00,-1,0.7104519605636597,0.8075038194656372,0.8075038194656372,5.0,trail_stop,True,2,True
2026-01-29 08:46:00+00:00,-1,0.3644687235355377,0.7254568338394165,0.7254568338394165,-20.0,stop_loss,False,10,False
2026-01-29 10:13:00+00:00,1,0.7389937043190002,0.669423520565033,0.7389937043190002,-9.260000000000218,timeout,False,10,False
2026-01-29 10:31:00+00:00,1,0.7871294021606445,0.5177575945854187,0.7871294021606445,5.0,trail_stop,True,2,True
2026-01-29 10:58:00+00:00,1,0.7442993521690369,0.6792029738426208,0.7442993521690369,7.5,target_full,True,9,True
2026-01-29 12:13:00+00:00,1,0.662815511226654,0.4548971951007843,0.662815511226654,0.4099999999998545,timeout,False,10,True
2026-01-30 11:53:00+00:00,-1,0.5123183727264404,0.610542356967926,0.610542356967926,-20.0,stop_loss,False,2,False
2026-01-30 12:47:00+00:00,-1,0.5347872972488403,0.884840726852417,0.884840726852417,7.5,target_full,True,1,True
2026-01-30 14:32:00+00:00,-1,0.5130778551101685,0.8118516206741333,0.8118516206741333,-20.0,stop_loss,False,1,False
2026-02-02 17:09:00+00:00,1,0.6943672299385071,0.295813649892807,0.6943672299385071,-20.0,stop_loss,False,6,False
2026-02-02 19:42:00+00:00,1,0.5943728089332581,0.3594517707824707,0.5943728089332581,5.0,trail_stop,True,2,True
2026-02-03 08:58:00+00:00,1,0.6396182179450989,0.4823586046695709,0.6396182179450989,-0.5500000000001819,timeout,False,10,False
2026-02-03 11:25:00+00:00,1,0.7663257718086243,0.5430494546890259,0.7663257718086243,5.0,trail_stop,True,2,True
2026-02-03 12:01:00+00:00,1,0.7594822645187378,0.5909214615821838,0.7594822645187378,5.0,trail_stop,True,2,True
2026-02-03 13:01:00+00:00,1,0.8709312677383423,0.7430081963539124,0.8709312677383423,5.0,trail_stop,True,2,True
2026-02-03 13:04:00+00:00,1,0.6635559797286987,0.4637042284011841,0.6635559797286987,5.0,trail_stop,True,2,True
2026-02-03 16:16:00+00:00,-1,0.6146932244300842,0.6977924108505249,0.6977924108505249,5.0,trail_stop,True,2,True
2026-02-04 08:08:00+00:00,1,0.6858963370323181,0.4154462218284607,0.6858963370323181,-1.430000000000291,timeout,False,10,False
2026-02-04 11:17:00+00:00,1,0.7423868179321289,0.6571064591407776,0.7423868179321289,7.5,target_full,True,1,True
2026-02-04 11:20:00+00:00,1,0.7250925898551941,0.644788920879364,0.7250925898551941,5.0,trail_stop,True,4,True
2026-02-04 11:56:00+00:00,1,0.6719432473182678,0.5217368602752686,0.6719432473182678,5.0,trail_stop,True,5,True
2026-02-04 12:32:00+00:00,1,0.8454285860061646,0.35848912596702576,0.8454285860061646,5.0,trail_stop,True,3,True
2026-02-04 12:35:00+00:00,1,0.6653833985328674,0.43799132108688354,0.6653833985328674,-6.350000000000364,timeout,False,10,False
2026-02-04 13:02:00+00:00,1,0.8898102641105652,0.5086278915405273,0.8898102641105652,-20.0,stop_loss,False,7,False
2026-02-04 13:41:00+00:00,1,0.8651946187019348,0.741817831993103,0.8651946187019348,7.5,target_full,True,7,True
2026-02-04 14:32:00+00:00,-1,0.7532117366790771,0.9058058261871338,0.9058058261871338,7.5,target_full,True,5,True
2026-02-04 16:47:00+00:00,1,0.8263195753097534,0.6549182534217834,0.8263195753097534,-20.0,stop_loss,False,1,False
2026-02-04 19:08:00+00:00,1,0.6086893081665039,0.3947753310203552,0.6086893081665039,5.0,trail_stop,True,5,True
2026-02-04 19:53:00+00:00,1,0.8046433925628662,0.5119355916976929,0.8046433925628662,-8.489999999999782,timeout,False,10,False
2026-02-05 08:12:00+00:00,-1,0.46733593940734863,0.5906026363372803,0.5906026363372803,5.0,trail_stop,True,5,True
2026-02-05 08:54:00+00:00,-1,0.712632954120636,0.7908114194869995,0.7908114194869995,7.5,target_full,True,6,True
2026-02-05 12:00:00+00:00,1,0.6477869749069214,0.5614174008369446,0.6477869749069214,5.0,trail_stop,True,3,True
2026-02-05 12:06:00+00:00,1,0.9276142716407776,0.5678497552871704,0.9276142716407776,-20.0,stop_loss,False,4,False
2026-02-05 19:33:00+00:00,-1,0.636095404624939,0.8570948839187622,0.8570948839187622,-5.630000000000109,timeout,False,10,False
2026-02-06 09:01:00+00:00,1,0.7878645062446594,0.7242971062660217,0.7878645062446594,-4.5,timeout,False,10,False
2026-02-06 10:04:00+00:00,1,0.5969075560569763,0.39455047249794006,0.5969075560569763,5.0,trail_stop,True,5,True
2026-02-06 11:01:00+00:00,-1,0.5311004519462585,0.6857433915138245,0.6857433915138245,7.5,target_full,True,2,True
2026-02-06 11:04:00+00:00,1,0.6489096283912659,0.5896437168121338,0.6489096283912659,5.0,trail_stop,True,6,True
2026-02-06 12:10:00+00:00,1,0.7157576084136963,0.5030283331871033,0.7157576084136963,5.0,trail_stop,True,2,True
2026-02-06 13:01:00+00:00,1,0.8613908886909485,0.4530917704105377,0.8613908886909485,-12.38000000000011,timeout,False,10,False
2026-02-06 14:25:00+00:00,1,0.8574411273002625,0.7564386129379272,0.8574411273002625,5.0,trail_stop,True,2,True
2026-02-09 08:17:00+00:00,1,0.6078755855560303,0.4506312906742096,0.6078755855560303,-3.6099999999996726,timeout,False,10,False
2026-02-09 09:26:00+00:00,1,0.7476274967193604,0.3732456862926483,0.7476274967193604,5.0,trail_stop,True,5,True
2026-02-09 09:59:00+00:00,-1,0.34756651520729065,0.5891066789627075,0.5891066789627075,7.5,target_full,True,2,True
2026-02-09 12:50:00+00:00,1,0.5806245803833008,0.30575940012931824,0.5806245803833008,-3.800000000000182,timeout,False,10,False
2026-02-09 16:26:00+00:00,1,0.5918847322463989,0.24904444813728333,0.5918847322463989,-3.630000000000109,timeout,False,10,False
2026-02-10 09:09:00+00:00,1,0.7583205103874207,0.5844596028327942,0.7583205103874207,-10.769999999999527,timeout,False,10,False
2026-02-10 10:57:00+00:00,1,0.6314919590950012,0.3992893397808075,0.6314919590950012,5.0,trail_stop,True,8,True
2026-02-10 11:18:00+00:00,1,0.7088146805763245,0.33026665449142456,0.7088146805763245,0.7299999999995634,timeout,False,10,True
2026-02-10 12:42:00+00:00,1,0.6146970987319946,0.30076849460601807,0.6146970987319946,-20.0,stop_loss,False,10,False
2026-02-10 12:45:00+00:00,1,0.5990407466888428,0.4336123764514923,0.5990407466888428,5.0,trail_stop,True,6,True
2026-02-10 13:30:00+00:00,-1,0.5543379783630371,0.7323293089866638,0.7323293089866638,-8.490000000000691,timeout,False,10,False
2026-02-10 13:36:00+00:00,-1,0.32957983016967773,0.7727074027061462,0.7727074027061462,5.0,trail_stop,True,2,True
2026-02-10 15:36:00+00:00,-1,0.7185671925544739,0.8517583608627319,0.8517583608627319,7.5,target_full,True,1,True
2026-02-10 18:24:00+00:00,1,0.6879110932350159,0.5494158864021301,0.6879110932350159,5.0,trail_stop,True,5,True
2026-02-10 19:30:00+00:00,1,0.8616192936897278,0.15475356578826904,0.8616192936897278,-1.430000000000291,timeout,False,10,False
2026-02-10 19:33:00+00:00,1,0.6196216940879822,0.1575949490070343,0.6196216940879822,-2.0299999999997453,timeout,False,10,False
2026-02-10 20:48:00+00:00,1,0.5903261303901672,0.4391038417816162,0.5903261303901672,-10.970000000000255,timeout,False,10,False
2026-02-11 09:46:00+00:00,1,0.6559349298477173,0.535464346408844,0.6559349298477173,-6.600000000000364,timeout,False,10,False
2026-02-11 09:49:00+00:00,1,0.715412437915802,0.4309135675430298,0.715412437915802,1.230000000000473,timeout,False,10,True
2026-02-11 11:28:00+00:00,1,0.8135845065116882,0.25355619192123413,0.8135845065116882,-4.850000000000364,timeout,False,10,False
2026-02-11 13:04:00+00:00,-1,0.48841848969459534,0.6726766228675842,0.6726766228675842,5.0,trail_stop,True,9,True
2026-02-11 18:13:00+00:00,1,0.8572295904159546,0.5132820010185242,0.8572295904159546,5.0,trail_stop,True,2,True
2026-02-12 10:35:00+00:00,1,0.723164439201355,0.3765069544315338,0.723164439201355,-4.699999999999818,timeout,False,10,False
2026-02-12 14:14:00+00:00,-1,0.4326196014881134,0.7181740999221802,0.7181740999221802,5.0,trail_stop,True,2,True
2026-02-12 14:32:00+00:00,-1,0.6104447245597839,0.7035564184188843,0.7035564184188843,5.0,trail_stop,True,5,True
2026-02-12 15:59:00+00:00,-1,0.646551251411438,0.8081655502319336,0.8081655502319336,5.0,trail_stop,True,7,True
2026-02-12 16:11:00+00:00,-1,0.32796597480773926,0.8805814385414124,0.8805814385414124,7.5,target_full,True,1,True
2026-02-13 08:06:00+00:00,1,0.8309224843978882,0.3431592285633087,0.8309224843978882,-4.819999999999709,timeout,False,10,False
2026-02-13 08:09:00+00:00,1,0.7776505351066589,0.34498247504234314,0.7776505351066589,-6.430000000000291,timeout,False,10,False
2026-02-13 08:51:00+00:00,1,0.5950242877006531,0.3640887141227722,0.5950242877006531,-2.180000000000291,timeout,False,10,False
2026-02-13 10:57:00+00:00,1,0.8117603659629822,0.3785080015659332,0.8117603659629822,-10.859999999999673,timeout,False,10,False
2026-02-13 11:06:00+00:00,1,0.6323660612106323,0.5276718735694885,0.6323660612106323,5.0,trail_stop,True,6,True
2026-02-13 11:24:00+00:00,1,0.8265537619590759,0.6549919843673706,0.8265537619590759,5.0,trail_stop,True,4,True
2026-02-13 12:30:00+00:00,1,0.7440956830978394,0.18681618571281433,0.7440956830978394,5.0,trail_stop,True,4,True
2026-02-13 13:30:00+00:00,1,0.613146960735321,0.31940609216690063,0.613146960735321,-10.829999999999927,timeout,False,10,False
2026-02-13 14:06:00+00:00,1,0.8205479979515076,0.5826234817504883,0.8205479979515076,5.0,trail_stop,True,7,True
2026-02-13 14:15:00+00:00,1,0.614122211933136,0.5008878111839294,0.614122211933136,5.0,trail_stop,True,2,True
2026-02-13 14:33:00+00:00,1,0.6589681506156921,0.3436865508556366,0.6589681506156921,-20.0,stop_loss,False,5,False
2026-02-13 16:27:00+00:00,-1,0.47682496905326843,0.6079270839691162,0.6079270839691162,5.0,trail_stop,True,6,True
2026-02-16 17:03:00+00:00,-1,0.23697130382061005,0.7643529772758484,0.7643529772758484,0.5199999999995271,timeout,False,10,True
2026-02-16 19:12:00+00:00,1,0.7019824981689453,0.21243010461330414,0.7019824981689453,-0.7899999999999636,timeout,False,10,False
2026-02-17 08:01:00+00:00,1,0.7881313562393188,0.48435157537460327,0.7881313562393188,4.199999999999818,timeout,True,10,True
2026-02-17 08:04:00+00:00,1,0.8359506726264954,0.5381671190261841,0.8359506726264954,1.4400000000005093,timeout,False,10,True
2026-02-17 10:31:00+00:00,1,0.7619395852088928,0.3571217954158783,0.7619395852088928,5.0,trail_stop,True,8,True
2026-02-17 10:37:00+00:00,1,0.7305971384048462,0.34942626953125,0.7305971384048462,-6.6899999999996,timeout,False,10,False
2026-02-17 10:49:00+00:00,1,0.6802982091903687,0.30336281657218933,0.6802982091903687,-0.5599999999994907,timeout,False,10,False
2026-02-17 10:52:00+00:00,1,0.65053790807724,0.21902494132518768,0.65053790807724,5.0,trail_stop,True,10,True
2026-02-17 13:58:00+00:00,1,0.7615630626678467,0.70853590965271,0.7615630626678467,-20.0,stop_loss,False,2,False
2026-02-17 14:01:00+00:00,1,0.7094483375549316,0.6273605227470398,0.7094483375549316,7.5,target_full,True,1,True
2026-02-17 14:04:00+00:00,1,0.8041307926177979,0.30741584300994873,0.8041307926177979,7.5,target_full,True,1,True
2026-02-17 17:52:00+00:00,1,0.7646651864051819,0.37180888652801514,0.7646651864051819,5.0,trail_stop,True,3,True
2026-02-17 17:55:00+00:00,-1,0.4766480326652527,0.6549084782600403,0.6549084782600403,-7.319999999999709,timeout,False,10,False
2026-02-17 20:04:00+00:00,1,0.6616672277450562,0.43829962611198425,0.6616672277450562,-0.32999999999992724,timeout,False,10,False
2026-02-17 20:58:00+00:00,1,0.6919324398040771,0.39478611946105957,0.6919324398040771,5.0,trail_stop,True,3,True
2026-02-18 08:59:00+00:00,1,0.7072497606277466,0.31650036573410034,0.7072497606277466,1.4200000000000728,timeout,False,10,True
2026-02-18 12:59:00+00:00,1,0.6409938335418701,0.4721093475818634,0.6409938335418701,7.5,target_full,True,1,True
2026-02-18 14:32:00+00:00,1,0.7964407801628113,0.49462392926216125,0.7964407801628113,5.0,trail_stop,True,4,True
2026-02-18 14:35:00+00:00,1,0.8471536636352539,0.3851589560508728,0.8471536636352539,5.0,trail_stop,True,2,True
2026-02-18 14:38:00+00:00,1,0.6296716332435608,0.4215402901172638,0.6296716332435608,-1.7399999999997817,timeout,False,10,False
2026-02-18 18:38:00+00:00,1,0.6602086424827576,0.37311694025993347,0.6602086424827576,-1.519999999999527,timeout,False,10,False
2026-02-18 19:32:00+00:00,-1,0.5709826946258545,0.7761735916137695,0.7761735916137695,-5.630000000000109,timeout,False,10,False
2026-02-19 09:24:00+00:00,1,0.757597804069519,0.49749699234962463,0.757597804069519,-10.88000000000011,timeout,False,10,False
2026-02-19 09:30:00+00:00,1,0.6872951984405518,0.38093453645706177,0.6872951984405518,-3.869999999999891,timeout,False,10,False
2026-02-19 09:36:00+00:00,1,0.6973937153816223,0.5122122764587402,0.6973937153816223,5.0,trail_stop,True,3,True
2026-02-19 10:03:00+00:00,1,0.840315043926239,0.5757126212120056,0.840315043926239,-1.6499999999996362,timeout,False,10,False
2026-02-19 10:33:00+00:00,-1,0.2948191463947296,0.7275770902633667,0.7275770902633667,1.6199999999998909,timeout,False,10,True
2026-02-19 11:18:00+00:00,1,0.7032577991485596,0.2694769501686096,0.7032577991485596,-2.8100000000004,timeout,False,10,False
2026-02-19 11:51:00+00:00,1,0.8045289516448975,0.3524506390094757,0.8045289516448975,0.42999999999938154,timeout,False,10,True
2026-02-19 13:03:00+00:00,1,0.6617931723594666,0.34813985228538513,0.6617931723594666,1.449999999999818,timeout,False,10,True
2026-02-19 13:06:00+00:00,1,0.6084060668945312,0.25189369916915894,0.6084060668945312,0.7699999999995271,timeout,False,10,True
2026-02-19 13:30:00+00:00,1,0.6979957222938538,0.5572426915168762,0.6979957222938538,5.0,trail_stop,True,2,True
2026-02-19 13:33:00+00:00,-1,0.547364354133606,0.6992066502571106,0.6992066502571106,-6.140000000000327,timeout,False,10,False
2026-02-19 14:30:00+00:00,1,0.8528898358345032,0.7109065055847168,0.8528898358345032,5.0,trail_stop,True,2,True
2026-02-19 14:36:00+00:00,-1,0.7329099178314209,0.8134042024612427,0.8134042024612427,-16.6899999999996,timeout,False,10,False
2026-02-19 19:39:00+00:00,1,0.6647823452949524,0.24155250191688538,0.6647823452949524,5.0,trail_stop,True,5,True
2026-02-20 09:04:00+00:00,1,0.7342695593833923,0.3743383586406708,0.7342695593833923,5.0,trail_stop,True,6,True
2026-02-20 13:31:00+00:00,1,0.669333279132843,0.3607710003852844,0.669333279132843,1.5599999999994907,timeout,False,10,True
2026-02-20 13:34:00+00:00,-1,0.48853060603141785,0.6006965041160583,0.6006965041160583,-8.25,timeout,False,10,False
2026-02-20 14:31:00+00:00,1,0.6611359715461731,0.47414782643318176,0.6611359715461731,1.269999999999527,timeout,False,10,True
2026-02-20 14:37:00+00:00,1,0.8080254793167114,0.5943247079849243,0.8080254793167114,5.0,trail_stop,True,2,True
2026-02-20 15:01:00+00:00,1,0.6891195774078369,0.3471425175666809,0.6891195774078369,-20.0,stop_loss,False,1,False
2026-02-20 15:04:00+00:00,1,0.7519219517707825,0.4662143588066101,0.7519219517707825,-20.0,stop_loss,False,1,False
2026-02-20 17:04:00+00:00,1,0.7305341362953186,0.3733266592025757,0.7305341362953186,5.0,trail_stop,True,4,True
2026-02-23 08:29:00+00:00,1,0.6447244882583618,0.29763856530189514,0.6447244882583618,5.0,trail_stop,True,4,True
2026-02-23 08:32:00+00:00,1,0.6810181140899658,0.5569644570350647,0.6810181140899658,-4.109999999999673,timeout,False,10,False
2026-02-23 14:32:00+00:00,-1,0.4822119474411011,0.8167752623558044,0.8167752623558044,-15.909999999999854,timeout,False,10,False
2026-02-23 17:11:00+00:00,-1,0.4381248950958252,0.7171230316162109,0.7171230316162109,5.0,trail_stop,True,3,True
2026-02-23 17:35:00+00:00,1,0.8643283843994141,0.33522000908851624,0.8643283843994141,-2.9799999999995634,timeout,False,10,False
2026-02-23 17:38:00+00:00,1,0.6654043793678284,0.4436054825782776,0.6654043793678284,5.0,trail_stop,True,2,True
2026-02-23 17:41:00+00:00,1,0.643058717250824,0.3930754065513611,0.643058717250824,5.0,trail_stop,True,2,True
2026-02-23 20:53:00+00:00,-1,0.4820590317249298,0.6228058338165283,0.6228058338165283,-1.5400000000008731,timeout,False,10,False
2026-02-24 10:24:00+00:00,1,0.6488586664199829,0.41577160358428955,0.6488586664199829,-13.569999999999709,timeout,False,10,False
2026-02-24 10:36:00+00:00,-1,0.44462740421295166,0.6411775350570679,0.6411775350570679,-5.609999999999673,timeout,False,10,False
2026-02-24 12:18:00+00:00,1,0.6546908617019653,0.4847122132778168,0.6546908617019653,5.0,trail_stop,True,4,True
2026-02-24 12:54:00+00:00,1,0.8287633657455444,0.5637450218200684,0.8287633657455444,5.0,trail_stop,True,2,True
2026-02-24 13:00:00+00:00,-1,0.5903646945953369,0.7915428280830383,0.7915428280830383,5.0,trail_stop,True,3,True
2026-02-24 13:03:00+00:00,-1,0.5398584008216858,0.7633456587791443,0.7633456587791443,-7.550000000000182,timeout,False,10,False
2026-02-24 13:30:00+00:00,-1,0.47792568802833557,0.7110053300857544,0.7110053300857544,7.5,target_full,True,8,True
2026-02-24 13:39:00+00:00,-1,0.4001428782939911,0.845058798789978,0.845058798789978,7.5,target_full,True,8,True
2026-02-24 13:48:00+00:00,-1,0.5307902693748474,0.8456701636314392,0.8456701636314392,5.0,trail_stop,True,2,True
2026-02-25 11:10:00+00:00,1,0.6325392723083496,0.4900018274784088,0.6325392723083496,-5.970000000000255,timeout,False,10,False
2026-02-25 11:16:00+00:00,1,0.7572689056396484,0.45325687527656555,0.7572689056396484,5.0,trail_stop,True,6,True
2026-02-25 14:25:00+00:00,1,0.6122592687606812,0.5323871374130249,0.6122592687606812,-7.4099999999998545,timeout,False,10,False
2026-02-25 14:28:00+00:00,1,0.7948518991470337,0.4803900122642517,0.7948518991470337,5.0,trail_stop,True,4,True
2026-02-25 14:31:00+00:00,-1,0.4597371518611908,0.6061230897903442,0.6061230897903442,5.0,trail_stop,True,4,True
2026-02-25 14:37:00+00:00,-1,0.6299644708633423,0.8260055184364319,0.8260055184364319,5.0,trail_stop,True,2,True
2026-02-25 16:22:00+00:00,-1,0.5725290775299072,0.6685123443603516,0.6685123443603516,-0.660000000000764,timeout,False,10,False
2026-02-25 16:46:00+00:00,1,0.7523542642593384,0.3199131190776825,0.7523542642593384,-1.1899999999995998,timeout,False,10,False
2026-02-25 19:34:00+00:00,-1,0.5880886316299438,0.693472146987915,0.693472146987915,-4.199999999999818,timeout,False,10,False
2026-02-25 20:46:00+00:00,1,0.8610708117485046,0.6532109379768372,0.8610708117485046,5.0,trail_stop,True,2,True
2026-02-25 20:58:00+00:00,-1,0.5919576287269592,0.8660218715667725,0.8660218715667725,-13.36999999999989,timeout,False,10,False
2026-02-26 08:02:00+00:00,1,0.7180398106575012,0.32998067140579224,0.7180398106575012,5.0,trail_stop,True,9,True
2026-02-26 08:11:00+00:00,1,0.5932530164718628,0.36800140142440796,0.5932530164718628,-0.8699999999998909,timeout,False,10,False
2026-02-26 12:59:00+00:00,-1,0.4752075970172882,0.7869123220443726,0.7869123220443726,5.0,trail_stop,True,5,True
2026-02-26 13:05:00+00:00,-1,0.5950607061386108,0.715325653553009,0.715325653553009,5.0,trail_stop,True,2,True
2026-02-26 13:08:00+00:00,-1,0.590595543384552,0.6807945370674133,0.6807945370674133,5.0,trail_stop,True,3,True
2026-02-26 13:44:00+00:00,1,0.8467758893966675,0.510978102684021,0.8467758893966675,5.0,trail_stop,True,6,True
2026-02-26 14:32:00+00:00,-1,0.4687313139438629,0.8424755334854126,0.8424755334854126,-20.0,stop_loss,False,2,False
2026-02-27 08:00:00+00:00,1,0.6285218000411987,0.4253702759742737,0.6285218000411987,0.569999999999709,timeout,False,10,True
2026-02-27 08:24:00+00:00,1,0.7438981533050537,0.22321948409080505,0.7438981533050537,5.0,trail_stop,True,3,True
2026-02-27 09:48:00+00:00,-1,0.37605664134025574,0.6079947352409363,0.6079947352409363,5.0,trail_stop,True,3,True
2026-02-27 13:00:00+00:00,-1,0.2522256076335907,0.5963784456253052,0.5963784456253052,-20.0,stop_loss,False,6,False
2026-02-27 13:15:00+00:00,1,0.6148173809051514,0.5590200424194336,0.6148173809051514,5.0,trail_stop,True,5,True
2026-02-27 14:21:00+00:00,1,0.7397221922874451,0.676454484462738,0.7397221922874451,-1.6599999999998545,timeout,False,10,False
2026-02-27 14:33:00+00:00,1,0.7051929831504822,0.6108608841896057,0.7051929831504822,-4.3400000000001455,timeout,False,10,False
2026-02-27 15:57:00+00:00,1,0.7227891087532043,0.5192098021507263,0.7227891087532043,-1.980000000000473,timeout,False,10,False
2026-03-02 08:01:00+00:00,-1,0.5041736364364624,0.5818452835083008,0.5818452835083008,-2.369999999999891,timeout,False,10,False
2026-03-02 08:43:00+00:00,1,0.7021396160125732,0.527169406414032,0.7021396160125732,5.0,trail_stop,True,2,True
2026-03-02 11:46:00+00:00,1,0.780628502368927,0.41839680075645447,0.780628502368927,5.0,trail_stop,True,2,True
2026-03-02 13:01:00+00:00,1,0.6149595379829407,0.3282129466533661,0.6149595379829407,7.5,target_full,True,2,True
2026-03-02 14:01:00+00:00,-1,0.7277827262878418,0.8169689178466797,0.8169689178466797,5.0,trail_stop,True,3,True
2026-03-02 14:22:00+00:00,-1,0.6871303915977478,0.8382483720779419,0.8382483720779419,5.0,trail_stop,True,2,True
2026-03-02 19:01:00+00:00,1,0.6405630707740784,0.5659745931625366,0.6405630707740784,5.0,trail_stop,True,3,True
2026-03-02 19:04:00+00:00,-1,0.3883243799209595,0.6700342893600464,0.6700342893600464,-3.880000000000109,timeout,False,10,False
2026-03-02 20:10:00+00:00,1,0.6377927660942078,0.21660535037517548,0.6377927660942078,-10.650000000000546,timeout,False,10,False
2026-03-02 20:16:00+00:00,1,0.6245543956756592,0.3712497651576996,0.6245543956756592,5.0,trail_stop,True,2,True
2026-03-03 09:26:00+00:00,1,0.8139957785606384,0.5228622555732727,0.8139957785606384,-20.0,stop_loss,False,1,False
2026-03-03 10:38:00+00:00,1,0.8107227087020874,0.6877025365829468,0.8107227087020874,5.0,trail_stop,True,2,True
2026-03-03 12:56:00+00:00,-1,0.4425848424434662,0.669623613357544,0.669623613357544,7.5,target_full,True,3,True
2026-03-03 13:02:00+00:00,-1,0.623986542224884,0.7317546010017395,0.7317546010017395,7.5,target_full,True,1,True
2026-03-04 08:03:00+00:00,1,0.7203883528709412,0.38481393456459045,0.7203883528709412,-6.460000000000036,timeout,False,10,False
2026-03-04 08:09:00+00:00,1,0.7889692187309265,0.4450485408306122,0.7889692187309265,5.0,trail_stop,True,4,True
2026-03-04 10:09:00+00:00,1,0.7105447053909302,0.5537956357002258,0.7105447053909302,5.0,trail_stop,True,7,True
2026-03-04 10:15:00+00:00,-1,0.5132284760475159,0.6718016266822815,0.6718016266822815,5.0,trail_stop,True,8,True
2026-03-04 11:12:00+00:00,-1,0.3393939733505249,0.7064771056175232,0.7064771056175232,5.0,trail_stop,True,7,True
2026-03-04 13:00:00+00:00,-1,0.6131804585456848,0.7648668885231018,0.7648668885231018,5.0,trail_stop,True,2,True
2026-03-04 14:00:00+00:00,-1,0.550525426864624,0.8066775798797607,0.8066775798797607,5.0,trail_stop,True,10,True
2026-03-04 17:24:00+00:00,1,0.7916669845581055,0.6430424451828003,0.7916669845581055,7.5,target_full,True,1,True
2026-03-05 09:10:00+00:00,-1,0.4219023287296295,0.6671457290649414,0.6671457290649414,-1.069999999999709,timeout,False,10,False
2026-03-05 13:01:00+00:00,1,0.6909642219543457,0.4322540760040283,0.6909642219543457,5.0,trail_stop,True,2,True
2026-03-05 13:04:00+00:00,1,0.6576669216156006,0.49024003744125366,0.6576669216156006,5.0,trail_stop,True,4,True
2026-03-05 13:10:00+00:00,1,0.6088629364967346,0.49788421392440796,0.6088629364967346,5.0,trail_stop,True,5,True
2026-03-05 13:22:00+00:00,1,0.6601018905639648,0.534489631652832,0.6601018905639648,5.0,trail_stop,True,2,True
2026-03-05 14:31:00+00:00,-1,0.5345405340194702,0.8339855670928955,0.8339855670928955,7.5,target_full,True,7,True
2026-03-06 11:44:00+00:00,1,0.8278727531433105,0.3683624565601349,0.8278727531433105,5.0,trail_stop,True,3,True
2026-03-06 11:56:00+00:00,1,0.791450023651123,0.49684619903564453,0.791450023651123,7.5,target_full,True,2,True
2026-03-06 13:02:00+00:00,1,0.6775901317596436,0.6054447889328003,0.6775901317596436,-7.089999999999236,timeout,False,10,False
2026-03-06 13:05:00+00:00,1,0.6588590741157532,0.5955101847648621,0.6588590741157532,5.0,trail_stop,True,2,True
2026-03-06 13:32:00+00:00,1,0.7984314560890198,0.5024877190589905,0.7984314560890198,5.0,trail_stop,True,2,True
2026-03-06 13:35:00+00:00,-1,0.6406682729721069,0.771487295627594,0.771487295627594,5.0,trail_stop,True,2,True
2026-03-06 13:38:00+00:00,-1,0.4893524646759033,0.6937965750694275,0.6937965750694275,5.0,trail_stop,True,3,True
2026-03-06 14:35:00+00:00,-1,0.504307210445404,0.744553804397583,0.744553804397583,5.0,trail_stop,True,4,True
2026-03-06 15:02:00+00:00,1,0.6361116766929626,0.44519585371017456,0.6361116766929626,-20.0,stop_loss,False,9,False
2026-03-09 08:00:00+00:00,-1,0.4380539059638977,0.7498201131820679,0.7498201131820679,2.230000000000473,timeout,False,10,True
2026-03-09 08:06:00+00:00,1,0.603880763053894,0.48117396235466003,0.603880763053894,1.3300000000008367,timeout,False,10,True
2026-03-09 09:12:00+00:00,-1,0.4796178340911865,0.6270484924316406,0.6270484924316406,5.0,trail_stop,True,2,True
2026-03-09 10:30:00+00:00,1,0.7775589823722839,0.46328771114349365,0.7775589823722839,0.8400000000001455,timeout,False,10,True
2026-03-09 13:30:00+00:00,1,0.7278975248336792,0.6546090245246887,0.7278975248336792,5.0,trail_stop,True,4,True
2026-03-09 13:36:00+00:00,-1,0.4834100604057312,0.7299230694770813,0.7299230694770813,5.0,trail_stop,True,2,True
2026-03-09 18:36:00+00:00,-1,0.36571282148361206,0.7023373246192932,0.7023373246192932,-0.4499999999998181,timeout,False,10,False
2026-03-10 10:31:00+00:00,-1,0.4371897578239441,0.6150925755500793,0.6150925755500793,7.5,target_full,True,5,True
2026-03-10 10:37:00+00:00,1,0.7320963740348816,0.48339787125587463,0.7320963740348816,5.0,trail_stop,True,4,True
2026-03-10 11:04:00+00:00,-1,0.4773795008659363,0.6840526461601257,0.6840526461601257,-3.1599999999998545,timeout,False,10,False
2026-03-10 14:16:00+00:00,1,0.7072160840034485,0.5847855806350708,0.7072160840034485,-1.199999999999818,timeout,False,10,False
2026-03-10 18:16:00+00:00,1,0.7877746224403381,0.5606397986412048,0.7877746224403381,-20.0,stop_loss,False,1,False
2026-03-10 18:19:00+00:00,-1,0.5211936831474304,0.691608726978302,0.691608726978302,-20.0,stop_loss,False,3,False
2026-03-10 19:31:00+00:00,1,0.7309551239013672,0.25157344341278076,0.7309551239013672,-5.380000000000109,timeout,False,10,False
2026-03-10 19:37:00+00:00,1,0.5965788960456848,0.3274710774421692,0.5965788960456848,-3.0100000000002183,timeout,False,10,False
2026-03-11 10:35:00+00:00,1,0.6021402478218079,0.27743402123451233,0.6021402478218079,1.9900000000006912,timeout,False,10,True
2026-03-11 12:35:00+00:00,1,0.8204039931297302,0.4877849817276001,0.8204039931297302,-3.6299999999991996,timeout,False,10,False
2026-03-11 13:02:00+00:00,-1,0.6617962718009949,0.745295524597168,0.745295524597168,-11.470000000000255,timeout,False,10,False
2026-03-12 13:15:00+00:00,1,0.6782631874084473,0.4901614189147949,0.6782631874084473,-5.3100000000004,timeout,False,10,False
2026-03-12 13:30:00+00:00,-1,0.6588584184646606,0.7519402503967285,0.7519402503967285,5.0,trail_stop,True,2,True
2026-03-12 15:03:00+00:00,-1,0.5064898133277893,0.6261098384857178,0.6261098384857178,5.0,trail_stop,True,6,True
2026-03-13 08:01:00+00:00,1,0.6657101511955261,0.4081931710243225,0.6657101511955261,-3.719999999999345,timeout,False,10,False
2026-03-13 08:04:00+00:00,1,0.712395966053009,0.4310498535633087,0.712395966053009,5.0,trail_stop,True,3,True
2026-03-13 08:22:00+00:00,1,0.6857128739356995,0.4697529673576355,0.6857128739356995,5.0,trail_stop,True,8,True
2026-03-13 11:58:00+00:00,1,0.593703031539917,0.24986852705478668,0.593703031539917,5.0,trail_stop,True,2,True
2026-03-13 12:01:00+00:00,1,0.6752854585647583,0.4369423985481262,0.6752854585647583,-6.829999999999927,timeout,False,10,False
2026-03-13 14:40:00+00:00,1,0.7233788371086121,0.5204087495803833,0.7233788371086121,-12.390000000000327,timeout,False,10,False
2026-03-13 19:46:00+00:00,1,0.6713614463806152,0.2843400239944458,0.6713614463806152,-1.0200000000004366,timeout,False,10,False
2026-03-16 08:05:00+00:00,1,0.8139467835426331,0.4227026402950287,0.8139467835426331,5.0,trail_stop,True,5,True
2026-03-16 09:05:00+00:00,1,0.8368945717811584,0.6040899157524109,0.8368945717811584,5.0,trail_stop,True,4,True
2026-03-16 11:53:00+00:00,1,0.7742536664009094,0.3592386543750763,0.7742536664009094,-0.25,timeout,False,10,False
2026-03-16 12:20:00+00:00,-1,0.5094971060752869,0.690349280834198,0.690349280834198,-4.580000000000837,timeout,False,10,False
2026-03-16 13:32:00+00:00,1,0.6105813980102539,0.5573917627334595,0.6105813980102539,7.5,target_full,True,1,True
2026-03-16 13:35:00+00:00,-1,0.49909815192222595,0.6671332120895386,0.6671332120895386,5.0,trail_stop,True,3,True
2026-03-16 15:50:00+00:00,1,0.7461585402488708,0.627108633518219,0.7461585402488708,-4.9099999999998545,timeout,False,10,False
2026-03-16 16:26:00+00:00,1,0.7595419883728027,0.41964635252952576,0.7595419883728027,-0.06999999999970896,timeout,False,10,False
2026-03-16 16:35:00+00:00,1,0.628612756729126,0.3152751922607422,0.628612756729126,5.0,trail_stop,True,2,True
2026-03-16 17:29:00+00:00,1,0.816119372844696,0.21974650025367737,0.816119372844696,-8.070000000000618,timeout,False,10,False
2026-03-17 10:30:00+00:00,1,0.6157956123352051,0.3728044331073761,0.6157956123352051,-9.550000000000182,timeout,False,10,False
2026-03-17 13:30:00+00:00,-1,0.39168500900268555,0.6224302053451538,0.6224302053451538,-13.850000000000364,timeout,False,10,False
2026-03-17 13:33:00+00:00,1,0.6263797283172607,0.500119686126709,0.6263797283172607,5.0,trail_stop,True,7,True
2026-03-17 15:27:00+00:00,1,0.6772288680076599,0.4401685893535614,0.6772288680076599,-17.649999999999636,timeout,False,10,False
2026-03-17 15:36:00+00:00,1,0.8323721885681152,0.4872051179409027,0.8323721885681152,5.0,trail_stop,True,2,True
2026-03-18 10:43:00+00:00,1,0.6166529059410095,0.4874001443386078,0.6166529059410095,5.0,trail_stop,True,4,True
2026-03-18 12:07:00+00:00,1,0.7781577110290527,0.6976730823516846,0.7781577110290527,-18.770000000000437,timeout,False,10,False
2026-03-18 13:01:00+00:00,-1,0.6078747510910034,0.830793023109436,0.830793023109436,5.0,trail_stop,True,10,True
2026-03-18 18:01:00+00:00,1,0.6724551320075989,0.37624967098236084,0.6724551320075989,-2.759999999999309,timeout,False,10,False
2026-03-18 18:04:00+00:00,1,0.711208164691925,0.42007941007614136,0.711208164691925,-9.69000000000051,timeout,False,10,False
2026-03-18 18:34:00+00:00,1,0.7012072205543518,0.5934205055236816,0.7012072205543518,5.0,trail_stop,True,2,True
2026-03-18 18:37:00+00:00,1,0.6532809138298035,0.5040163397789001,0.6532809138298035,-9.5,timeout,False,10,False
2026-03-19 08:05:00+00:00,-1,0.6976943612098694,0.7883766293525696,0.7883766293525696,5.0,trail_stop,True,2,True
2026-03-19 08:14:00+00:00,1,0.6744151711463928,0.6068589091300964,0.6744151711463928,7.5,target_full,True,1,True
2026-03-19 10:20:00+00:00,-1,0.6138726472854614,0.7107602953910828,0.7107602953910828,-0.3350000000000364,timeout,True,10,False
2026-03-19 10:53:00+00:00,-1,0.8020943999290466,0.8913004398345947,0.8913004398345947,-20.0,stop_loss,False,7,False
2026-03-19 11:02:00+00:00,-1,0.5275915861129761,0.6086187362670898,0.6086187362670898,7.5,target_full,True,2,True
2026-03-19 11:35:00+00:00,-1,0.7091831564903259,0.860485315322876,0.860485315322876,5.0,trail_stop,True,6,True
2026-03-19 12:44:00+00:00,-1,0.6233490705490112,0.7928199768066406,0.7928199768066406,7.5,target_full,True,1,True
2026-03-19 19:08:00+00:00,1,0.6367157697677612,0.47690823674201965,0.6367157697677612,5.0,trail_stop,True,3,True
2026-03-20 08:45:00+00:00,-1,0.737659752368927,0.811481237411499,0.811481237411499,5.0,trail_stop,True,9,True
2026-03-20 11:03:00+00:00,1,0.7105640769004822,0.6192938089370728,0.7105640769004822,5.0,trail_stop,True,5,True
2026-03-20 12:00:00+00:00,1,0.6600840091705322,0.5353126525878906,0.6600840091705322,5.0,trail_stop,True,7,True
2026-03-20 12:39:00+00:00,1,0.6731152534484863,0.540250837802887,0.6731152534484863,5.0,trail_stop,True,5,True
2026-03-20 13:00:00+00:00,1,0.7487107515335083,0.6261126399040222,0.7487107515335083,5.0,trail_stop,True,2,True
2026-03-20 13:30:00+00:00,-1,0.763329029083252,0.8427153825759888,0.8427153825759888,5.0,trail_stop,True,2,True
2026-03-20 13:33:00+00:00,-1,0.6098651885986328,0.8657789826393127,0.8657789826393127,5.0,trail_stop,True,2,True
2026-03-20 13:36:00+00:00,1,0.7780990600585938,0.5403106212615967,0.7780990600585938,5.0,trail_stop,True,6,True
2026-03-23 09:37:00+00:00,-1,0.4288870096206665,0.7696779370307922,0.7696779370307922,7.5,target_full,True,1,True
2026-03-23 10:37:00+00:00,-1,0.632271945476532,0.7620884776115417,0.7620884776115417,5.0,trail_stop,True,2,True
2026-03-23 11:01:00+00:00,-1,0.5274671316146851,0.6574951410293579,0.6574951410293579,7.5,target_full,True,1,True
2026-03-23 19:16:00+00:00,-1,0.5133187174797058,0.6169242858886719,0.6169242858886719,5.0,trail_stop,True,4,True
2026-03-24 10:02:00+00:00,1,0.7313013076782227,0.47783470153808594,0.7313013076782227,5.0,trail_stop,True,2,True
2026-03-24 11:02:00+00:00,1,0.8123877048492432,0.6055954098701477,0.8123877048492432,7.5,target_full,True,1,True
2026-03-24 11:05:00+00:00,-1,0.6536811590194702,0.7182978987693787,0.7182978987693787,-20.0,stop_loss,False,4,False
2026-03-24 11:53:00+00:00,1,0.7690582871437073,0.6997432708740234,0.7690582871437073,7.5,target_full,True,1,True
2026-03-24 17:05:00+00:00,1,0.8118411302566528,0.6677266359329224,0.8118411302566528,7.5,target_full,True,1,True
2026-03-24 17:08:00+00:00,1,0.6470275521278381,0.4581920802593231,0.6470275521278381,5.0,trail_stop,True,6,True
2026-03-25 09:24:00+00:00,1,0.7119441032409668,0.6246697902679443,0.7119441032409668,5.0,trail_stop,True,4,True
2026-03-25 09:45:00+00:00,1,0.6939613223075867,0.4864718019962311,0.6939613223075867,5.0,trail_stop,True,10,True
2026-03-25 11:48:00+00:00,1,0.6673216819763184,0.5426968336105347,0.6673216819763184,3.119999999999891,timeout,False,10,True
2026-03-25 12:18:00+00:00,1,0.7082257270812988,0.45618772506713867,0.7082257270812988,-20.0,stop_loss,False,9,False
2026-03-25 12:24:00+00:00,-1,0.5877497792243958,0.7468674778938293,0.7468674778938293,7.5,target_full,True,3,True
2026-03-25 13:00:00+00:00,-1,0.44247427582740784,0.7636148929595947,0.7636148929595947,-20.0,stop_loss,False,3,False
2026-03-25 13:03:00+00:00,-1,0.7084800004959106,0.784062385559082,0.784062385559082,2.259999999999309,timeout,False,10,True
2026-03-25 13:33:00+00:00,-1,0.5231197476387024,0.6792973875999451,0.6792973875999451,5.0,trail_stop,True,4,True
2026-03-25 15:18:00+00:00,1,0.7813635468482971,0.6662957668304443,0.7813635468482971,5.0,trail_stop,True,2,True
2026-03-25 18:00:00+00:00,1,0.7875925302505493,0.33601096272468567,0.7875925302505493,-6.9099999999998545,timeout,False,10,False
2026-03-25 18:03:00+00:00,1,0.7521910071372986,0.2708876430988312,0.7521910071372986,7.5,target_full,True,2,True
2026-03-25 19:09:00+00:00,1,0.8574724197387695,0.6363651752471924,0.8574724197387695,5.0,trail_stop,True,5,True
2026-03-26 08:13:00+00:00,-1,0.7038455009460449,0.8417219519615173,0.8417219519615173,5.0,trail_stop,True,2,True
2026-03-26 08:16:00+00:00,1,0.8557424545288086,0.7764013409614563,0.8557424545288086,7.5,target_full,True,1,True
2026-03-26 08:25:00+00:00,-1,0.6673477292060852,0.7785259485244751,0.7785259485244751,7.5,target_full,True,3,True
2026-03-26 10:40:00+00:00,1,0.8067636489868164,0.6509734392166138,0.8067636489868164,5.0,trail_stop,True,9,True
2026-03-26 11:49:00+00:00,1,0.7985766530036926,0.5426178574562073,0.7985766530036926,5.0,trail_stop,True,6,True
2026-03-26 13:01:00+00:00,-1,0.46169477701187134,0.6719115972518921,0.6719115972518921,-8.460000000000036,timeout,False,10,False
2026-03-26 16:25:00+00:00,-1,0.4165659248828888,0.6503046154975891,0.6503046154975891,7.5,target_full,True,4,True
2026-03-26 19:58:00+00:00,1,0.798658013343811,0.34819164872169495,0.798658013343811,-6.25,timeout,False,10,False
2026-03-27 08:02:00+00:00,1,0.5957425236701965,0.2978355288505554,0.5957425236701965,-0.3900000000003274,timeout,False,10,False
2026-03-27 10:41:00+00:00,1,0.6714483499526978,0.39958882331848145,0.6714483499526978,-5.6899999999996,timeout,False,10,False
2026-03-27 14:56:00+00:00,-1,0.4395849406719208,0.7385404109954834,0.7385404109954834,-4.289999999999964,timeout,False,10,False
2026-03-27 19:41:00+00:00,1,0.7916796803474426,0.32918643951416016,0.7916796803474426,3.2799999999997453,timeout,False,10,True
2026-03-30 09:12:00+00:00,1,0.6664970517158508,0.48683997988700867,0.6664970517158508,5.0,trail_stop,True,9,True
2026-03-30 10:21:00+00:00,1,0.7701268792152405,0.3285656273365021,0.7701268792152405,-0.8899999999994179,timeout,False,10,False
2026-03-30 11:18:00+00:00,1,0.5824084281921387,0.4281296133995056,0.5824084281921387,-1.0,timeout,False,10,False
2026-03-30 11:27:00+00:00,1,0.7795876860618591,0.4783225357532501,0.7795876860618591,5.0,trail_stop,True,2,True
2026-03-30 11:51:00+00:00,-1,0.5450295209884644,0.7618524432182312,0.7618524432182312,5.0,trail_stop,True,2,True
2026-03-30 13:00:00+00:00,1,0.6590496897697449,0.5684524774551392,0.6590496897697449,-11.36999999999989,timeout,False,10,False
2026-03-30 13:36:00+00:00,1,0.7163163423538208,0.6077808141708374,0.7163163423538208,5.0,trail_stop,True,2,True
2026-03-30 14:48:00+00:00,-1,0.4330902397632599,0.793248176574707,0.793248176574707,-4.480000000000473,timeout,False,10,False
2026-03-30 18:54:00+00:00,1,0.7665784358978271,0.47247636318206787,0.7665784358978271,-8.140000000000327,timeout,False,10,False
2026-03-30 18:57:00+00:00,1,0.6646447777748108,0.48116567730903625,0.6646447777748108,-0.18000000000029104,timeout,False,10,False
2026-03-31 08:01:00+00:00,1,0.6828024983406067,0.4547670781612396,0.6828024983406067,5.0,trail_stop,True,3,True
2026-03-31 08:52:00+00:00,1,0.5852921009063721,0.37632831931114197,0.5852921009063721,-4.3100000000004,timeout,False,10,False
2026-03-31 09:25:00+00:00,-1,0.6012064218521118,0.6622177958488464,0.6622177958488464,5.0,trail_stop,True,5,True
2026-03-31 10:40:00+00:00,1,0.8388872146606445,0.364849716424942,0.8388872146606445,5.0,trail_stop,True,2,True
2026-03-31 11:16:00+00:00,1,0.763123095035553,0.599381148815155,0.763123095035553,5.0,trail_stop,True,3,True
2026-03-31 12:10:00+00:00,-1,0.6446038484573364,0.7869392037391663,0.7869392037391663,7.5,target_full,True,4,True
2026-03-31 13:01:00+00:00,-1,0.502450168132782,0.6241819858551025,0.6241819858551025,-10.1299999999992,timeout,False,10,False
2026-03-31 13:31:00+00:00,1,0.7414622902870178,0.6078106164932251,0.7414622902870178,5.0,trail_stop,True,3,True
2026-03-31 16:40:00+00:00,1,0.893500030040741,0.24969050288200378,0.893500030040741,7.5,target_full,True,1,True
2026-03-31 16:46:00+00:00,-1,0.40815770626068115,0.8201236724853516,0.8201236724853516,5.0,trail_stop,True,2,True
2026-04-01 07:38:00+00:00,-1,0.5732923746109009,0.8108795881271362,0.8108795881271362,7.5,target_full,True,2,True
2026-04-01 10:50:00+00:00,1,0.6560428738594055,0.3771093487739563,0.6560428738594055,0.4899999999997817,timeout,False,10,True
2026-04-01 12:26:00+00:00,-1,0.5211344957351685,0.711739182472229,0.711739182472229,-20.0,stop_loss,False,8,False
2026-04-01 12:29:00+00:00,-1,0.4974943697452545,0.6007242202758789,0.6007242202758789,-1.2799999999997453,timeout,False,10,False
2026-04-01 13:32:00+00:00,1,0.6694132685661316,0.5894798040390015,0.6694132685661316,5.0,trail_stop,True,3,True
2026-04-01 16:11:00+00:00,1,0.7268355488777161,0.42336195707321167,0.7268355488777161,5.0,trail_stop,True,9,True
2026-04-01 17:29:00+00:00,-1,0.3396214544773102,0.651020884513855,0.651020884513855,5.0,trail_stop,True,5,True
2026-04-01 19:50:00+00:00,1,0.6454201340675354,0.41902613639831543,0.6454201340675354,5.0,trail_stop,True,2,True
2026-04-02 07:48:00+00:00,-1,0.5272899270057678,0.7030901908874512,0.7030901908874512,5.0,trail_stop,True,7,True
2026-04-02 10:42:00+00:00,1,0.8545058369636536,0.26479586958885193,0.8545058369636536,-5.989999999999782,timeout,False,10,False
2026-04-02 10:48:00+00:00,-1,0.471170574426651,0.6180539727210999,0.6180539727210999,5.0,trail_stop,True,3,True
2026-04-02 11:42:00+00:00,1,0.7992964386940002,0.6526667475700378,0.7992964386940002,5.0,trail_stop,True,2,True
2026-04-02 13:00:00+00:00,-1,0.5953508615493774,0.8280143737792969,0.8280143737792969,-20.0,stop_loss,False,4,False
2026-04-02 13:03:00+00:00,-1,0.5471504330635071,0.8610430955886841,0.8610430955886841,-20.0,stop_loss,False,2,False
2026-04-02 13:06:00+00:00,-1,0.5938462018966675,0.6441177129745483,0.6441177129745483,5.0,trail_stop,True,2,True
2026-04-06 07:52:00+00:00,1,0.7087581157684326,0.5191197395324707,0.7087581157684326,5.0,trail_stop,True,5,True
2026-04-06 08:04:00+00:00,-1,0.5539013743400574,0.6678617596626282,0.6678617596626282,7.5,target_full,True,2,True
2026-04-06 10:46:00+00:00,-1,0.35134223103523254,0.6794565320014954,0.6794565320014954,-4.449999999999818,timeout,False,10,False
2026-04-06 12:25:00+00:00,1,0.5830307006835938,0.40462419390678406,0.5830307006835938,5.0,trail_stop,True,2,True
2026-04-06 13:07:00+00:00,1,0.7387199997901917,0.4274010956287384,0.7387199997901917,5.0,trail_stop,True,2,True
2026-04-06 13:37:00+00:00,-1,0.3911995589733124,0.7911450862884521,0.7911450862884521,-2.630000000000109,timeout,False,10,False
2026-04-06 15:37:00+00:00,1,0.7719358205795288,0.6512913703918457,0.7719358205795288,5.0,trail_stop,True,9,True
2026-04-07 08:02:00+00:00,1,0.6999695897102356,0.4029037058353424,0.6999695897102356,4.474999999999909,timeout,True,10,True
2026-04-07 08:14:00+00:00,-1,0.43342334032058716,0.7516739964485168,0.7516739964485168,5.0,trail_stop,True,3,True
2026-04-07 10:26:00+00:00,1,0.7972943186759949,0.6609228253364563,0.7972943186759949,5.0,trail_stop,True,2,True
2026-04-07 12:08:00+00:00,1,0.7144928574562073,0.426209032535553,0.7144928574562073,5.0,trail_stop,True,10,True
2026-04-07 12:44:00+00:00,1,0.6300070285797119,0.4059656858444214,0.6300070285797119,3.4900000000002365,timeout,True,10,True
2026-04-07 12:56:00+00:00,1,0.8371692895889282,0.46284693479537964,0.8371692895889282,5.0,trail_stop,True,10,True
2026-04-07 13:35:00+00:00,-1,0.4974265992641449,0.8782758712768555,0.8782758712768555,7.5,target_full,True,5,True
2026-04-07 13:41:00+00:00,-1,0.532148540019989,0.7363364100456238,0.7363364100456238,-9.609999999999673,timeout,False,10,False
2026-04-07 17:35:00+00:00,1,0.5818670988082886,0.4783405363559723,0.5818670988082886,5.0,trail_stop,True,2,True
2026-04-07 18:50:00+00:00,1,0.6290323138237,0.5639674663543701,0.6290323138237,-8.909999999999854,timeout,False,10,False
2026-04-07 19:20:00+00:00,1,0.8423405289649963,0.5507245659828186,0.8423405289649963,-18.1200000000008,timeout,False,10,False
2026-04-08 07:00:00+00:00,1,0.742755651473999,0.44376128911972046,0.742755651473999,-5.020000000000437,timeout,False,10,False
2026-04-08 08:24:00+00:00,-1,0.37953200936317444,0.6670179963111877,0.6670179963111877,5.0,trail_stop,True,2,True
2026-04-08 08:27:00+00:00,-1,0.5186195969581604,0.6001023650169373,0.6001023650169373,-0.010000000000218279,timeout,False,10,False
2026-04-08 08:42:00+00:00,1,0.7242058515548706,0.46025553345680237,0.7242058515548706,5.0,trail_stop,True,2,True
2026-04-08 09:45:00+00:00,1,0.7564878463745117,0.5023452043533325,0.7564878463745117,5.0,trail_stop,True,4,True
2026-04-08 11:24:00+00:00,-1,0.6018189191818237,0.6608529090881348,0.6608529090881348,1.8800000000001091,timeout,False,10,True
2026-04-08 12:21:00+00:00,-1,0.5377892851829529,0.6976690888404846,0.6976690888404846,5.0,trail_stop,True,2,True
2026-04-08 12:24:00+00:00,-1,0.6127188205718994,0.7527047395706177,0.7527047395706177,-20.0,stop_loss,False,5,False
2026-04-08 13:00:00+00:00,-1,0.5135636925697327,0.6246036887168884,0.6246036887168884,5.0,trail_stop,True,7,True
2026-04-08 13:30:00+00:00,1,0.7053846716880798,0.5678258538246155,0.7053846716880798,-10.020000000000437,timeout,False,10,False
2026-04-08 13:33:00+00:00,1,0.8423386216163635,0.6449744701385498,0.8423386216163635,5.0,trail_stop,True,2,True
2026-04-08 13:36:00+00:00,-1,0.38314518332481384,0.7781690359115601,0.7781690359115601,7.5,target_full,True,1,True
2026-04-08 16:18:00+00:00,-1,0.5221261382102966,0.6471062898635864,0.6471062898635864,-1.839999999999236,timeout,False,10,False
2026-04-08 18:18:00+00:00,1,0.7007671594619751,0.6347191333770752,0.7007671594619751,5.0,trail_stop,True,2,True
2026-04-08 18:24:00+00:00,-1,0.37454232573509216,0.7852405905723572,0.7852405905723572,2.149999999999636,timeout,False,10,True
2026-04-09 07:34:00+00:00,1,0.6351743936538696,0.4129023253917694,0.6351743936538696,5.0,trail_stop,True,2,True
2026-04-09 13:04:00+00:00,-1,0.28674551844596863,0.580187976360321,0.580187976360321,-14.699999999999818,timeout,False,10,False
2026-04-09 13:10:00+00:00,-1,0.4932076632976532,0.6560997366905212,0.6560997366905212,-4.4399999999996,timeout,False,10,False
2026-04-09 15:19:00+00:00,-1,0.5987167954444885,0.6680762767791748,0.6680762767791748,5.0,trail_stop,True,10,True
2026-04-10 08:47:00+00:00,1,0.6260068416595459,0.3911484479904175,0.6260068416595459,4.710000000000036,timeout,True,10,True
2026-04-10 09:20:00+00:00,1,0.7677087187767029,0.42267322540283203,0.7677087187767029,-5.1599999999998545,timeout,False,10,False
2026-04-10 13:32:00+00:00,-1,0.44304797053337097,0.5999829769134521,0.5999829769134521,5.0,trail_stop,True,3,True
2026-04-10 13:35:00+00:00,-1,0.41719356179237366,0.8032772541046143,0.8032772541046143,0.5199999999995271,timeout,False,10,True
2026-04-10 14:44:00+00:00,1,0.7315297722816467,0.5111945271492004,0.7315297722816467,-7.319999999999709,timeout,False,10,False
2026-04-13 09:09:00+00:00,1,0.7158204317092896,0.5234113335609436,0.7158204317092896,1.1400000000003274,timeout,False,10,True
2026-04-13 09:30:00+00:00,-1,0.4383840262889862,0.7244563102722168,0.7244563102722168,5.0,trail_stop,True,5,True
2026-04-13 13:00:00+00:00,1,0.6385477185249329,0.34852173924446106,0.6385477185249329,5.0,trail_stop,True,5,True
2026-04-13 13:30:00+00:00,-1,0.47204288840293884,0.6186044812202454,0.6186044812202454,5.0,trail_stop,True,6,True
2026-04-13 15:00:00+00:00,1,0.7495326399803162,0.5066189765930176,0.7495326399803162,-3.0900000000001455,timeout,False,10,False
2026-04-13 16:18:00+00:00,1,0.6140206456184387,0.4170398414134979,0.6140206456184387,3.630000000000109,timeout,True,10,True
2026-04-13 16:33:00+00:00,-1,0.5331023931503296,0.61562180519104,0.61562180519104,-6.239999999999782,timeout,False,10,False
2026-04-13 16:42:00+00:00,-1,0.4656417667865753,0.6228779554367065,0.6228779554367065,-4.25,timeout,False,10,False
2026-04-14 10:40:00+00:00,1,0.7604809403419495,0.3362867832183838,0.7604809403419495,3.5999999999994543,timeout,False,10,True
2026-04-14 16:19:00+00:00,-1,0.34409216046333313,0.6317672729492188,0.6317672729492188,5.0,trail_stop,True,3,True
2026-04-14 17:07:00+00:00,1,0.8466041684150696,0.35177701711654663,0.8466041684150696,-4.289999999999964,timeout,False,10,False
2026-04-15 13:35:00+00:00,-1,0.37926021218299866,0.7414804697036743,0.7414804697036743,-6.010000000000218,timeout,False,10,False
2026-04-16 11:30:00+00:00,-1,0.17893822491168976,0.6461688280105591,0.6461688280105591,0.5799999999999272,timeout,False,10,True
2026-04-16 12:12:00+00:00,-1,0.37282508611679077,0.6355342268943787,0.6355342268943787,-0.3000000000001819,timeout,False,10,False
2026-04-16 12:33:00+00:00,-1,0.5253559947013855,0.6599557399749756,0.6599557399749756,5.0,trail_stop,True,5,True
2026-04-16 15:30:00+00:00,1,0.6219202876091003,0.36714068055152893,0.6219202876091003,5.0,trail_stop,True,7,True
2026-04-16 18:00:00+00:00,-1,0.4878556728363037,0.6050442457199097,0.6050442457199097,2.4600000000000364,timeout,False,10,True
2026-04-17 12:49:00+00:00,1,0.7164002656936646,0.6154414415359497,0.7164002656936646,5.0,trail_stop,True,3,True
2026-04-17 12:52:00+00:00,-1,0.4897471070289612,0.6447333693504333,0.6447333693504333,5.0,trail_stop,True,9,True
2026-04-20 11:53:00+00:00,1,0.6153057217597961,0.3101564943790436,0.6153057217597961,1.480000000000473,timeout,False,10,True
2026-04-20 13:29:00+00:00,-1,0.4234042167663574,0.7168241739273071,0.7168241739273071,5.0,trail_stop,True,2,True
2026-04-20 14:53:00+00:00,1,0.6473541259765625,0.5572975873947144,0.6473541259765625,-7.260000000000218,timeout,False,10,False
2026-04-21 13:15:00+00:00,-1,0.47071170806884766,0.5869240164756775,0.5869240164756775,-1.7400000000006912,timeout,False,10,False
2026-04-21 13:30:00+00:00,-1,0.5015771389007568,0.7475664019584656,0.7475664019584656,5.0,trail_stop,True,5,True
2026-04-21 16:51:00+00:00,-1,0.5797953009605408,0.6303755640983582,0.6303755640983582,5.0,trail_stop,True,2,True
2026-04-21 19:43:00+00:00,1,0.7229602336883545,0.5186300873756409,0.7229602336883545,5.0,trail_stop,True,3,True
2026-04-21 19:46:00+00:00,-1,0.627755880355835,0.7028596997261047,0.7028596997261047,-5.770000000000437,timeout,False,10,False
2026-04-22 13:20:00+00:00,-1,0.39286038279533386,0.6673953533172607,0.6673953533172607,1.1400000000003274,timeout,False,10,True
2026-04-23 08:00:00+00:00,1,0.6950287222862244,0.43049657344818115,0.6950287222862244,-5.850000000000364,timeout,False,10,False
2026-04-23 13:00:00+00:00,-1,0.5942350625991821,0.6957599520683289,0.6957599520683289,5.0,trail_stop,True,6,True
2026-04-23 17:09:00+00:00,1,0.7969513535499573,0.5462465882301331,0.7969513535499573,5.0,trail_stop,True,5,True
2026-04-23 17:42:00+00:00,-1,0.766083300113678,0.836296558380127,0.836296558380127,5.0,trail_stop,True,2,True
2026-04-24 07:58:00+00:00,1,0.5883119106292725,0.2785877585411072,0.5883119106292725,-7.25,timeout,False,10,False
2026-04-24 08:01:00+00:00,1,0.6056469678878784,0.2669341266155243,0.6056469678878784,-0.21000000000003638,timeout,False,10,False
2026-04-24 09:25:00+00:00,1,0.6055483222007751,0.4500945210456848,0.6055483222007751,-3.5600000000004,timeout,False,10,False
2026-04-24 11:01:00+00:00,1,0.5866506099700928,0.301217645406723,0.5866506099700928,5.0,trail_stop,True,3,True
2026-04-24 11:07:00+00:00,1,0.7911103367805481,0.24242384731769562,0.7911103367805481,-9.039999999999964,timeout,False,10,False
2026-04-24 11:10:00+00:00,1,0.6804903745651245,0.48130008578300476,0.6804903745651245,-0.07999999999992724,timeout,False,10,False
2026-04-27 12:41:00+00:00,1,0.5984941720962524,0.15018916130065918,0.5984941720962524,5.0,trail_stop,True,7,True
2026-04-28 08:00:00+00:00,1,0.6054433584213257,0.5177293419837952,0.6054433584213257,-10.139999999999418,timeout,False,10,False
2026-04-28 08:06:00+00:00,-1,0.42487698793411255,0.6936987638473511,0.6936987638473511,5.0,trail_stop,True,5,True
2026-04-28 09:57:00+00:00,1,0.6533938050270081,0.44929465651512146,0.6533938050270081,5.0,trail_stop,True,3,True
2026-04-28 10:00:00+00:00,-1,0.41652563214302063,0.6478694677352905,0.6478694677352905,-1.680000000000291,timeout,False,10,False
2026-04-28 11:36:00+00:00,1,0.7690612077713013,0.6293367147445679,0.7690612077713013,-13.5600000000004,timeout,False,10,False
2026-04-28 13:00:00+00:00,1,0.6847555637359619,0.5946851372718811,0.6847555637359619,-13.920000000000073,timeout,False,10,False
2026-04-28 13:30:00+00:00,1,0.727877140045166,0.6234353184700012,0.727877140045166,0.13000000000010914,timeout,False,10,True
2026-04-28 13:33:00+00:00,-1,0.5175073742866516,0.722924530506134,0.722924530506134,5.0,trail_stop,True,8,True
2026-04-29 13:31:00+00:00,-1,0.5171686410903931,0.6436122059822083,0.6436122059822083,5.0,trail_stop,True,7,True
2026-04-29 15:52:00+00:00,-1,0.3842010796070099,0.6167538166046143,0.6167538166046143,5.0,trail_stop,True,2,True
2026-04-29 18:01:00+00:00,1,0.6649049520492554,0.4202272295951843,0.6649049520492554,-14.800000000000182,timeout,False,10,False
2026-04-29 18:07:00+00:00,1,0.6186014413833618,0.4839748740196228,0.6186014413833618,0.7300000000004729,timeout,False,10,True
2026-04-29 18:10:00+00:00,-1,0.4716319441795349,0.7869406342506409,0.7869406342506409,5.0,trail_stop,True,4,True
2026-04-29 18:37:00+00:00,1,0.7847399711608887,0.5985246896743774,0.7847399711608887,-1.8400000000001455,timeout,False,10,False
2026-04-30 08:05:00+00:00,1,0.7041491866111755,0.4127155542373657,0.7041491866111755,-4.139999999999418,timeout,False,10,False
2026-04-30 12:20:00+00:00,-1,0.3877051770687103,0.6053396463394165,0.6053396463394165,5.0,trail_stop,True,6,True
2026-04-30 19:50:00+00:00,1,0.6172890067100525,0.40870293974876404,0.6172890067100525,2.730000000000473,timeout,False,10,True
2026-05-01 13:30:00+00:00,1,0.6362601518630981,0.3671833574771881,0.6362601518630981,7.5,target_full,True,3,True
2026-05-01 14:00:00+00:00,-1,0.5912148356437683,0.6970300674438477,0.6970300674438477,-9.659999999999854,timeout,False,10,False
2026-05-01 18:30:00+00:00,1,0.8020060062408447,0.19151821732521057,0.8020060062408447,0.9400000000005093,timeout,False,10,True
2026-05-04 10:04:00+00:00,1,0.6721941828727722,0.32693418860435486,0.6721941828727722,-20.0,stop_loss,False,7,False
2026-05-04 10:07:00+00:00,1,0.6938437223434448,0.3778401017189026,0.6938437223434448,-9.860000000000582,timeout,False,10,False
2026-05-04 11:04:00+00:00,1,0.7485517859458923,0.42921847105026245,0.7485517859458923,3.2200000000002547,timeout,False,10,True
2026-05-04 13:01:00+00:00,-1,0.525985062122345,0.6058506369590759,0.6058506369590759,5.0,trail_stop,True,3,True
2026-05-05 07:38:00+00:00,-1,0.3973388373851776,0.6906201243400574,0.6906201243400574,5.0,trail_stop,True,6,True
2026-05-05 12:11:00+00:00,-1,0.46159735321998596,0.6243569850921631,0.6243569850921631,-1.8700000000008004,timeout,False,10,False
2026-05-05 14:08:00+00:00,-1,0.2786153554916382,0.6857879161834717,0.6857879161834717,7.5,target_full,True,4,True
2026-05-05 14:14:00+00:00,-1,0.49393612146377563,0.6144869327545166,0.6144869327545166,5.0,trail_stop,True,4,True
2026-05-06 08:00:00+00:00,1,0.6549633741378784,0.1980651468038559,0.6549633741378784,2.8700000000008004,timeout,False,10,True
2026-05-06 08:51:00+00:00,1,0.729004979133606,0.496926486492157,0.729004979133606,5.0,trail_stop,True,2,True
2026-05-06 08:57:00+00:00,-1,0.552217423915863,0.7392292022705078,0.7392292022705078,-2.5900000000001455,timeout,False,10,False
2026-05-06 09:00:00+00:00,-1,0.3789306581020355,0.7900567650794983,0.7900567650794983,5.0,trail_stop,True,2,True
2026-05-06 10:54:00+00:00,-1,0.5081663131713867,0.6095194220542908,0.6095194220542908,5.0,trail_stop,True,3,True
2026-05-06 12:03:00+00:00,-1,0.6178424954414368,0.6744699478149414,0.6744699478149414,5.0,trail_stop,True,7,True
2026-05-06 13:00:00+00:00,-1,0.5230230093002319,0.6309319138526917,0.6309319138526917,5.0,trail_stop,True,5,True
2026-05-06 13:30:00+00:00,-1,0.4790363013744354,0.7757622599601746,0.7757622599601746,-12.3100000000004,timeout,False,10,False
2026-05-07 07:07:00+00:00,1,0.6846073865890503,0.5777866244316101,0.6846073865890503,5.0,trail_stop,True,4,True
2026-05-07 07:13:00+00:00,-1,0.45067909359931946,0.6649158596992493,0.6649158596992493,5.0,trail_stop,True,8,True
2026-05-07 12:31:00+00:00,-1,0.39775940775871277,0.5990843772888184,0.5990843772888184,-4.309999999999491,timeout,False,10,False
2026-05-07 14:16:00+00:00,-1,0.5294347405433655,0.5880318880081177,0.5880318880081177,-6.869999999999891,timeout,False,10,False
2026-05-07 15:52:00+00:00,1,0.6622909903526306,0.5941489934921265,0.6622909903526306,-4.869999999999891,timeout,False,10,False
2026-05-07 19:52:00+00:00,1,0.5808688998222351,0.20529043674468994,0.5808688998222351,7.5,target_full,True,9,True
2026-05-08 13:35:00+00:00,-1,0.454254150390625,0.7242040038108826,0.7242040038108826,5.0,trail_stop,True,5,True
2026-05-08 15:14:00+00:00,1,0.5891079306602478,0.5173062682151794,0.5891079306602478,-0.930000000000291,timeout,False,10,False
2026-05-11 09:24:00+00:00,1,0.6001676321029663,0.3233664035797119,0.6001676321029663,-2.530000000000655,timeout,False,10,False
2026-05-11 13:00:00+00:00,-1,0.5108574032783508,0.625422477722168,0.625422477722168,-9.910000000000764,timeout,False,10,False
2026-05-11 16:42:00+00:00,1,0.6790556907653809,0.2649339437484741,0.6790556907653809,5.0,trail_stop,True,9,True
2026-05-12 12:34:00+00:00,-1,0.4232066869735718,0.6144995093345642,0.6144995093345642,-15.090000000000146,timeout,False,10,False
2026-05-12 13:04:00+00:00,1,0.5933049321174622,0.49584802985191345,0.5933049321174622,-10.819999999999709,timeout,False,10,False
2026-05-12 15:25:00+00:00,1,0.7575604319572449,0.6160295605659485,0.7575604319572449,5.0,trail_stop,True,3,True
2026-05-13 13:32:00+00:00,-1,0.5121707916259766,0.644573986530304,0.644573986530304,5.0,trail_stop,True,2,True
2026-05-14 07:33:00+00:00,-1,0.47050413489341736,0.6179025173187256,0.6179025173187256,-0.819999999999709,timeout,False,10,False
2026-05-14 07:36:00+00:00,-1,0.5486013889312744,0.6812329888343811,0.6812329888343811,5.0,trail_stop,True,3,True
2026-05-14 13:30:00+00:00,-1,0.456559956073761,0.6576038002967834,0.6576038002967834,5.0,trail_stop,True,7,True
2026-05-14 18:06:00+00:00,-1,0.2869429290294647,0.6133975386619568,0.6133975386619568,-2.5499999999992724,timeout,False,10,False
2026-05-15 07:10:00+00:00,-1,0.533254086971283,0.616321325302124,0.616321325302124,-8.170000000000073,timeout,False,10,False
2026-05-15 10:46:00+00:00,-1,0.49231773614883423,0.6771288514137268,0.6771288514137268,-6.949999999999818,timeout,False,10,False
2026-05-15 13:37:00+00:00,1,0.6697359085083008,0.5920789837837219,0.6697359085083008,-3.6899999999996,timeout,False,10,False
2026-05-18 07:32:00+00:00,-1,0.4765695631504059,0.7155476808547974,0.7155476808547974,3.4549999999999272,timeout,True,10,True
2026-05-18 11:41:00+00:00,-1,0.5069034099578857,0.6166103482246399,0.6166103482246399,5.0,trail_stop,True,2,True
2026-05-18 19:02:00+00:00,1,0.7005577683448792,0.2989102602005005,0.7005577683448792,-0.5399999999999636,timeout,False,10,False
2026-05-19 13:06:00+00:00,1,0.6031472086906433,0.4862319529056549,0.6031472086906433,5.0,trail_stop,True,4,True
2026-05-20 09:52:00+00:00,-1,0.32965701818466187,0.6557919979095459,0.6557919979095459,1.6599999999998545,timeout,False,10,True
2026-05-25 15:10:00+00:00,-1,0.25056329369544983,0.6183632016181946,0.6183632016181946,-1.2600000000002183,timeout,False,10,False
2026-05-26 11:35:00+00:00,1,0.6770428419113159,0.3809339702129364,0.6770428419113159,0.9499999999998181,timeout,False,10,True
2026-05-26 12:50:00+00:00,1,0.6198900938034058,0.4509739577770233,0.6198900938034058,5.0,trail_stop,True,3,True
2026-05-27 10:39:00+00:00,1,0.5886150002479553,0.3196491003036499,0.5886150002479553,5.0,trail_stop,True,2,True
2026-05-27 12:18:00+00:00,-1,0.6087883710861206,0.6744780540466309,0.6744780540466309,-20.0,stop_loss,False,3,False
2026-05-27 12:24:00+00:00,-1,0.6000809073448181,0.7701572775840759,0.7701572775840759,5.0,trail_stop,True,8,True
2026-05-27 13:00:00+00:00,-1,0.5698870420455933,0.7142179608345032,0.7142179608345032,7.5,target_full,True,6,True
2026-05-27 13:06:00+00:00,-1,0.6104094386100769,0.7189339995384216,0.7189339995384216,5.0,trail_stop,True,2,True
2026-05-27 14:33:00+00:00,1,0.6906399130821228,0.6120906472206116,0.6906399130821228,5.0,trail_stop,True,3,True
2026-05-28 12:37:00+00:00,-1,0.38425493240356445,0.64643394947052,0.64643394947052,-8.699999999999818,timeout,False,10,False
2026-05-28 13:31:00+00:00,-1,0.5827431678771973,0.7153918743133545,0.7153918743133545,5.0,trail_stop,True,2,True
2026-05-28 14:17:00+00:00,-1,0.32769399881362915,0.7668114304542542,0.7668114304542542,7.5,target_full,True,5,True
2026-05-29 10:33:00+00:00,1,0.6566720008850098,0.249026820063591,0.6566720008850098,5.0,trail_stop,True,4,True
2026-05-29 13:00:00+00:00,-1,0.5251795649528503,0.7274588346481323,0.7274588346481323,-5.789999999999964,timeout,False,10,False
2026-06-01 13:13:00+00:00,1,0.7601013779640198,0.6155997514724731,0.7601013779640198,5.0,trail_stop,True,2,True
2026-06-01 17:43:00+00:00,-1,0.41283348202705383,0.696095883846283,0.696095883846283,-2.6900000000005093,timeout,False,10,False
2026-06-02 13:08:00+00:00,-1,0.4126987159252167,0.6005105972290039,0.6005105972290039,2.5399999999999636,timeout,False,10,True
2026-06-03 08:51:00+00:00,-1,0.5809061527252197,0.7818772196769714,0.7818772196769714,-3.2999999999992724,timeout,False,10,False
2026-06-03 11:09:00+00:00,1,0.6409834623336792,0.3446713984012604,0.6409834623336792,1.6199999999998909,timeout,False,10,True
2026-06-03 13:30:00+00:00,-1,0.5284234285354614,0.581985592842102,0.581985592842102,5.0,trail_stop,True,4,True
2026-06-03 14:51:00+00:00,-1,0.4711608588695526,0.5955895185470581,0.5955895185470581,0.08000000000083674,timeout,False,10,True
2026-06-04 07:04:00+00:00,1,0.6041424870491028,0.3234803378582001,0.6041424870491028,-5.520000000000437,timeout,False,10,False
2026-06-05 12:20:00+00:00,1,0.676972508430481,0.28258880972862244,0.676972508430481,-20.0,stop_loss,False,9,False
2026-06-05 12:35:00+00:00,-1,0.47922274470329285,0.6509942412376404,0.6509942412376404,5.0,trail_stop,True,2,True
2026-06-05 13:02:00+00:00,-1,0.5551133155822754,0.7230628132820129,0.7230628132820129,-3.7100000000000364,timeout,False,10,False
2026-06-05 15:38:00+00:00,1,0.6610020399093628,0.5884033441543579,0.6610020399093628,1.9299999999993815,timeout,False,10,True
2026-06-08 08:00:00+00:00,1,0.6983516216278076,0.35912320017814636,0.6983516216278076,1.9200000000000728,timeout,False,10,True
2026-06-08 11:15:00+00:00,1,0.5970990657806396,0.41084223985671997,0.5970990657806396,7.5,target_full,True,3,True
2026-06-08 11:21:00+00:00,-1,0.2756958305835724,0.7895430326461792,0.7895430326461792,5.0,trail_stop,True,2,True
2026-06-08 12:42:00+00:00,1,0.6359912157058716,0.5280979871749878,0.6359912157058716,-6.719999999999345,timeout,False,10,False
2026-06-09 08:13:00+00:00,-1,0.4276130199432373,0.5935356616973877,0.5935356616973877,-0.22000000000025466,timeout,False,10,False
2026-06-09 15:31:00+00:00,-1,0.5456605553627014,0.7854424715042114,0.7854424715042114,-15.69000000000051,timeout,False,10,False
2026-06-11 12:24:00+00:00,-1,0.5282205939292908,0.7074641585350037,0.7074641585350037,5.0,trail_stop,True,2,True
2026-06-11 16:15:00+00:00,-1,0.43031468987464905,0.6056203842163086,0.6056203842163086,7.5,target_full,True,5,True
2026-06-11 17:30:00+00:00,-1,0.5409866571426392,0.6335456371307373,0.6335456371307373,-20.0,stop_loss,False,3,False
2026-06-11 19:12:00+00:00,1,0.6034929752349854,0.49676644802093506,0.6034929752349854,5.0,trail_stop,True,2,True
2026-06-12 08:01:00+00:00,1,0.5926285982131958,0.4930149018764496,0.5926285982131958,5.0,trail_stop,True,3,True
2026-06-12 10:25:00+00:00,1,0.6271224617958069,0.46983253955841064,0.6271224617958069,5.0,trail_stop,True,6,True
2026-06-12 13:31:00+00:00,1,0.6394526958465576,0.32534974813461304,0.6394526958465576,5.0,trail_stop,True,7,True
2026-06-12 13:40:00+00:00,-1,0.662054717540741,0.7840941548347473,0.7840941548347473,5.0,trail_stop,True,2,True
2026-06-12 16:13:00+00:00,1,0.7095619440078735,0.3206389844417572,0.7095619440078735,7.5,target_full,True,2,True
2026-06-15 11:44:00+00:00,-1,0.4711979925632477,0.6361002326011658,0.6361002326011658,5.0,trail_stop,True,2,True
2026-06-15 12:14:00+00:00,1,0.7288438081741333,0.2861626446247101,0.7288438081741333,5.345000000000255,timeout,True,10,True
2026-06-15 13:32:00+00:00,1,0.5814163088798523,0.505273699760437,0.5814163088798523,5.0,trail_stop,True,9,True
2026-06-16 11:36:00+00:00,1,0.7527203559875488,0.36148345470428467,0.7527203559875488,3.0200000000004366,timeout,False,10,True
2026-06-16 13:00:00+00:00,1,0.6404111981391907,0.4256120026111603,0.6404111981391907,-6.759999999999309,timeout,False,10,False
2026-06-16 14:18:00+00:00,-1,0.363595187664032,0.6812601089477539,0.6812601089477539,5.0,trail_stop,True,9,True
2026-06-16 14:27:00+00:00,-1,0.40678468346595764,0.5819797515869141,0.5819797515869141,5.0,trail_stop,True,7,True
2026-06-17 14:25:00+00:00,-1,0.3840736150741577,0.6303887963294983,0.6303887963294983,-0.3600000000005821,timeout,False,10,False
2026-06-17 17:40:00+00:00,-1,0.34654343128204346,0.6534273028373718,0.6534273028373718,5.0,trail_stop,True,5,True
2026-06-17 18:04:00+00:00,1,0.7648900151252747,0.6622404456138611,0.7648900151252747,-20.0,stop_loss,False,3,False
2026-06-17 18:10:00+00:00,-1,0.6622189283370972,0.7291983962059021,0.7291983962059021,7.5,target_full,True,2,True
2026-06-18 08:35:00+00:00,-1,0.44090938568115234,0.5909287333488464,0.5909287333488464,4.554999999999836,timeout,True,10,True
2026-06-18 08:56:00+00:00,1,0.593874990940094,0.45876631140708923,0.593874990940094,-4.029999999999745,timeout,False,10,False
2026-06-18 10:56:00+00:00,1,0.7387489676475525,0.3451451063156128,0.7387489676475525,-7.050000000000182,timeout,False,10,False
2026-06-19 12:51:00+00:00,1,0.7372810244560242,0.41950154304504395,0.7372810244560242,5.0,trail_stop,True,2,True
2026-06-19 14:00:00+00:00,1,0.6717671751976013,0.2529374063014984,0.6717671751976013,5.0,trail_stop,True,3,True
2026-06-23 08:02:00+00:00,-1,0.5183423161506653,0.6063605546951294,0.6063605546951294,-2.950000000000273,timeout,False,10,False
2026-06-23 13:32:00+00:00,-1,0.4850119650363922,0.7092194557189941,0.7092194557189941,-6.199999999999818,timeout,False,10,False
2026-06-23 13:35:00+00:00,-1,0.48361435532569885,0.8099642992019653,0.8099642992019653,-7.329999999999927,timeout,False,10,False
2026-06-24 08:30:00+00:00,-1,0.5422207713127136,0.6565180420875549,0.6565180420875549,1.0499999999997272,timeout,False,10,True
2026-06-24 11:15:00+00:00,-1,0.512561559677124,0.6318775415420532,0.6318775415420532,1.0,timeout,False,10,True
2026-06-24 13:00:00+00:00,-1,0.660821795463562,0.7831128239631653,0.7831128239631653,5.0,trail_stop,True,2,True
2026-06-24 13:03:00+00:00,1,0.6451123952865601,0.5703617930412292,0.6451123952865601,-20.0,stop_loss,False,3,False
2026-06-24 17:24:00+00:00,-1,0.31352725625038147,0.5830512046813965,0.5830512046813965,5.0,trail_stop,True,6,True
2026-06-24 18:03:00+00:00,1,0.7507628202438354,0.49565160274505615,0.7507628202438354,7.5,target_full,True,1,True
2026-06-25 07:58:00+00:00,1,0.6037430167198181,0.5242834091186523,0.6037430167198181,5.0,trail_stop,True,3,True
2026-06-25 10:10:00+00:00,1,0.6106226444244385,0.28643712401390076,0.6106226444244385,-0.6399999999998727,timeout,False,10,False
2026-06-25 12:31:00+00:00,-1,0.6079561114311218,0.7909421920776367,0.7909421920776367,5.0,trail_stop,True,4,True
2026-06-25 12:37:00+00:00,-1,0.4030130207538605,0.8735107183456421,0.8735107183456421,7.5,target_full,True,1,True
2026-06-25 13:31:00+00:00,-1,0.5443673133850098,0.6362022161483765,0.6362022161483765,5.0,trail_stop,True,3,True
2026-06-25 15:22:00+00:00,-1,0.601265549659729,0.7309828996658325,0.7309828996658325,5.0,trail_stop,True,6,True
