ts,bar_idx,kind,price,leg_pts,leg_bars,trend,n_highs,n_lows
2025-06-02 23:30:00+00:00,97,H,3392.46,84.68000000000029,97,0,1,0
2025-06-03 12:30:00+00:00,149,L,3349.08,43.38000000000011,52,0,1,1
2025-06-03 13:15:00+00:00,152,H,3363.34,14.260000000000218,3,0,2,1
2025-06-03 14:15:00+00:00,156,L,3333.13,30.210000000000036,4,-1,2,2
2025-06-03 23:15:00+00:00,188,H,3361.9,28.769999999999982,32,-1,3,2
2025-06-04 01:15:00+00:00,196,L,3346.61,15.289999999999964,8,0,3,3
2025-06-04 02:15:00+00:00,200,H,3372.74,26.129999999999654,4,1,4,3
2025-06-04 05:45:00+00:00,214,L,3347.95,24.789999999999964,14,1,4,4
2025-06-04 07:45:00+00:00,222,H,3365.35,17.40000000000009,8,0,5,4
2025-06-04 11:30:00+00:00,237,L,3343.78,21.56999999999971,15,-1,5,5
2025-06-04 14:45:00+00:00,250,H,3384.93,41.149999999999636,13,0,6,5
2025-06-04 20:15:00+00:00,272,L,3370.74,14.190000000000055,22,1,6,6
2025-06-05 01:15:00+00:00,288,H,3384.4,13.66000000000031,16,0,7,6
2025-06-05 06:00:00+00:00,307,L,3361.18,23.220000000000255,19,-1,7,7
2025-06-05 11:15:00+00:00,328,H,3403.59,42.41000000000031,21,0,8,7
2025-06-05 16:00:00+00:00,347,L,3339.35,64.24000000000024,19,0,8,8
2025-06-06 05:15:00+00:00,396,H,3375.83,36.48000000000002,49,-1,9,8
2025-06-06 20:15:00+00:00,456,L,3307.03,68.79999999999973,60,-1,9,9
2025-06-08 22:15:00+00:00,460,H,3321.34,14.309999999999945,4,-1,10,9
2025-06-09 02:00:00+00:00,475,L,3293.6,27.740000000000236,15,-1,10,10
2025-06-09 07:30:00+00:00,497,H,3328.7,35.09999999999991,22,0,11,10
2025-06-09 13:30:00+00:00,521,L,3310.65,18.049999999999727,24,1,11,11
2025-06-09 17:00:00+00:00,535,H,3338.37,27.7199999999998,14,1,12,11
2025-06-10 02:30:00+00:00,569,L,3301.75,36.61999999999989,34,0,12,12
2025-06-10 11:45:00+00:00,606,H,3342.73,40.98000000000002,37,0,13,12
2025-06-10 12:15:00+00:00,608,L,3328.28,14.449999999999818,2,1,13,13
2025-06-10 14:00:00+00:00,615,H,3349.33,21.049999999999727,7,1,14,13
2025-06-10 19:00:00+00:00,635,L,3319.43,29.90000000000009,20,0,14,14
2025-06-10 19:45:00+00:00,638,H,3334.73,15.300000000000182,3,-1,15,14
2025-06-10 23:30:00+00:00,649,L,3315.45,19.2800000000002,11,-1,15,15
2025-06-11 08:00:00+00:00,683,H,3348.82,33.370000000000346,34,0,16,15
2025-06-11 11:15:00+00:00,696,L,3326.03,22.789999999999964,13,1,16,16
2025-06-11 12:45:00+00:00,702,H,3360.8,34.76999999999998,6,1,17,16
2025-06-11 17:45:00+00:00,722,L,3319.32,41.48000000000002,20,0,17,17
2025-06-12 03:00:00+00:00,755,H,3378.01,58.690000000000055,33,0,18,17
2025-06-12 07:45:00+00:00,774,L,3338.73,39.2800000000002,19,1,18,18
2025-06-12 13:45:00+00:00,798,H,3398.98,60.25,24,1,19,18
2025-06-12 17:30:00+00:00,813,L,3378.1,20.88000000000011,15,1,19,19
2025-06-12 20:00:00+00:00,823,H,3389.59,11.490000000000236,10,0,20,19
2025-06-12 22:45:00+00:00,830,L,3379.73,9.860000000000127,7,0,20,20
2025-06-13 03:15:00+00:00,848,H,3444.53,64.80000000000018,18,1,21,20
2025-06-13 07:15:00+00:00,864,L,3407.93,36.600000000000364,16,1,21,21
2025-06-13 13:45:00+00:00,890,H,3447.03,39.100000000000364,26,1,22,21
2025-06-13 16:15:00+00:00,900,L,3419.18,27.850000000000364,10,1,22,22
2025-06-15 22:15:00+00:00,920,H,3452.24,33.059999999999945,20,1,23,22
2025-06-16 14:00:00+00:00,983,L,3382.78,69.45999999999958,63,0,23,23
2025-06-16 17:30:00+00:00,997,H,3399.98,17.199999999999818,14,-1,24,23
2025-06-16 19:30:00+00:00,1005,L,3382.68,17.300000000000182,8,-1,24,24
2025-06-17 00:45:00+00:00,1022,H,3403.58,20.90000000000009,17,0,25,24
2025-06-17 03:30:00+00:00,1033,L,3373.93,29.65000000000009,11,0,25,25
2025-06-17 05:00:00+00:00,1039,H,3396.38,22.450000000000273,6,-1,26,25
2025-06-17 09:15:00+00:00,1056,L,3375.67,20.710000000000036,17,0,26,26
2025-06-17 11:15:00+00:00,1064,H,3400.28,24.610000000000127,8,1,27,26
2025-06-17 14:45:00+00:00,1078,L,3366.03,34.25,14,0,27,27
2025-06-17 22:15:00+00:00,1104,H,3396.53,30.5,26,-1,28,27
2025-06-18 02:45:00+00:00,1122,L,3370.6,25.93000000000029,18,0,28,28
2025-06-18 05:00:00+00:00,1131,H,3400.21,29.610000000000127,9,1,29,28
2025-06-18 10:00:00+00:00,1151,L,3375.51,24.699999999999818,20,1,29,29
2025-06-18 13:30:00+00:00,1165,H,3397.01,21.5,14,0,30,29
2025-06-18 14:30:00+00:00,1169,L,3373.88,23.13000000000011,4,-1,30,30
2025-06-18 18:15:00+00:00,1184,H,3395.87,21.98999999999978,15,-1,31,30
2025-06-18 20:15:00+00:00,1192,L,3362.63,33.23999999999978,8,-1,31,31
2025-06-19 01:15:00+00:00,1208,H,3388.23,25.59999999999991,16,-1,32,31
2025-06-19 06:45:00+00:00,1230,L,3347.5,40.73000000000002,22,-1,32,32
2025-06-19 10:45:00+00:00,1246,H,3379.34,31.840000000000146,16,-1,33,32
2025-06-19 13:30:00+00:00,1257,L,3361.49,17.850000000000364,11,0,33,33
2025-06-19 17:30:00+00:00,1273,H,3375.58,14.090000000000146,16,0,34,33
2025-06-20 06:45:00+00:00,1312,L,3340.38,35.19999999999982,39,-1,34,34
2025-06-20 10:00:00+00:00,1325,H,3359.35,18.9699999999998,13,-1,35,34
2025-06-20 12:45:00+00:00,1336,L,3341.98,17.36999999999989,11,0,35,35
2025-06-20 14:15:00+00:00,1342,H,3374.58,32.59999999999991,6,1,36,35
2025-06-20 20:15:00+00:00,1366,L,3364.62,9.960000000000036,24,1,36,36
2025-06-22 22:15:00+00:00,1370,H,3389.9,25.2800000000002,4,1,37,36
2025-06-23 05:45:00+00:00,1400,L,3346.95,42.95000000000027,30,0,37,37
2025-06-23 11:30:00+00:00,1423,H,3382.2,35.25,23,-1,38,37
2025-06-23 12:45:00+00:00,1428,L,3355.85,26.34999999999991,5,0,38,38
2025-06-23 16:30:00+00:00,1443,H,3393.73,37.88000000000011,15,1,39,38
2025-06-24 00:15:00+00:00,1470,L,3333.03,60.69999999999982,27,0,39,39
2025-06-24 03:45:00+00:00,1484,H,3358.08,25.049999999999727,14,-1,40,39
2025-06-24 13:45:00+00:00,1524,L,3295.41,62.67000000000007,40,-1,40,40
2025-06-25 02:15:00+00:00,1570,H,3335.48,40.070000000000164,46,-1,41,40
2025-06-25 13:45:00+00:00,1616,L,3311.98,23.5,46,0,41,41
2025-06-26 00:00:00+00:00,1653,H,3340.13,28.15000000000009,37,1,42,41
2025-06-26 02:00:00+00:00,1661,L,3329.23,10.900000000000091,8,1,42,42
2025-06-26 03:15:00+00:00,1666,H,3343.33,14.099999999999909,5,1,43,42
2025-06-26 06:15:00+00:00,1678,L,3330.85,12.480000000000018,12,1,43,43
2025-06-26 09:00:00+00:00,1689,H,3350.58,19.730000000000018,11,1,44,43
2025-06-26 13:45:00+00:00,1708,L,3309.88,40.69999999999982,19,0,44,44
2025-06-26 18:00:00+00:00,1725,H,3336.58,26.699999999999818,17,-1,45,44
2025-06-27 13:30:00+00:00,1799,L,3256.02,80.55999999999995,74,-1,45,45
2025-06-27 18:00:00+00:00,1817,H,3282.96,26.940000000000055,18,-1,46,45
2025-06-29 22:30:00+00:00,1831,L,3247.38,35.57999999999993,14,-1,46,46
2025-06-30 07:30:00+00:00,1867,H,3296.98,49.59999999999991,36,0,47,46
2025-06-30 11:45:00+00:00,1884,L,3274.63,22.34999999999991,17,1,47,47
2025-07-01 12:45:00+00:00,1980,H,3358.14,83.50999999999976,96,1,48,47
2025-07-02 02:15:00+00:00,2030,L,3328.53,29.609999999999673,50,1,48,48
2025-07-02 05:30:00+00:00,2043,H,3344.09,15.559999999999945,13,0,49,48
2025-07-02 07:30:00+00:00,2051,L,3327.53,16.559999999999945,8,-1,49,49
2025-07-02 13:00:00+00:00,2073,H,3351.22,23.6899999999996,22,0,50,49
2025-07-02 14:30:00+00:00,2079,L,3333.78,17.4399999999996,6,1,50,50
2025-07-02 22:30:00+00:00,2107,H,3366.01,32.23000000000002,28,1,51,50
2025-07-03 01:15:00+00:00,2118,L,3341.82,24.190000000000055,11,1,51,51
2025-07-03 06:15:00+00:00,2138,H,3363.97,22.149999999999636,20,0,52,51
2025-07-03 09:45:00+00:00,2152,L,3343.87,20.09999999999991,14,0,52,52
2025-07-03 11:00:00+00:00,2157,H,3355.69,11.820000000000164,5,0,53,52
2025-07-03 12:45:00+00:00,2164,L,3311.59,44.09999999999991,7,-1,53,53
2025-07-03 13:45:00+00:00,2168,H,3338.66,27.06999999999971,4,-1,54,53
2025-07-03 22:15:00+00:00,2198,L,3323.5,15.159999999999854,30,0,54,54
2025-07-04 06:30:00+00:00,2231,H,3345.32,21.820000000000164,33,1,55,54
2025-07-04 15:45:00+00:00,2268,L,3330.75,14.570000000000164,37,1,55,55
2025-07-06 22:15:00+00:00,2274,H,3343.66,12.909999999999854,6,0,56,55
2025-07-07 10:45:00+00:00,2324,L,3296.46,47.19999999999982,50,-1,56,56
2025-07-07 22:30:00+00:00,2367,H,3346.08,49.61999999999989,43,0,57,56
2025-07-08 05:00:00+00:00,2393,L,3327.25,18.829999999999927,26,1,57,57
2025-07-08 07:15:00+00:00,2402,H,3339.78,12.5300000000002,9,0,58,57
2025-07-08 15:15:00+00:00,2434,L,3286.98,52.80000000000018,32,-1,58,58
2025-07-08 17:30:00+00:00,2443,H,3310.43,23.449999999999818,9,-1,59,58
2025-07-08 23:45:00+00:00,2464,L,3297.13,13.299999999999727,21,0,59,59
2025-07-09 00:15:00+00:00,2466,H,3308.2,11.069999999999709,2,0,60,59
2025-07-09 08:45:00+00:00,2500,L,3282.66,25.539999999999964,34,-1,60,60
2025-07-09 11:00:00+00:00,2509,H,3296.08,13.420000000000073,9,-1,61,60
2025-07-09 12:00:00+00:00,2513,L,3283.23,12.849999999999909,4,0,61,61
2025-07-10 01:45:00+00:00,2564,H,3326.48,43.25,51,1,62,61
2025-07-10 04:15:00+00:00,2574,L,3314.82,11.659999999999854,10,1,62,62
2025-07-10 09:15:00+00:00,2594,H,3330.45,15.629999999999654,20,1,63,62
2025-07-10 14:15:00+00:00,2614,L,3309.98,20.4699999999998,20,0,63,63
2025-07-11 00:45:00+00:00,2652,H,3336.4,26.420000000000073,38,0,64,63
2025-07-11 01:15:00+00:00,2654,L,3325.18,11.220000000000255,2,1,64,64
2025-07-11 15:30:00+00:00,2711,H,3368.66,43.48000000000002,57,1,65,64
2025-07-11 17:15:00+00:00,2718,L,3349.25,19.409999999999854,7,1,65,65
2025-07-13 23:30:00+00:00,2739,H,3374.23,24.980000000000018,21,1,66,65
2025-07-14 04:30:00+00:00,2759,L,3353.64,20.590000000000146,20,1,66,66
2025-07-14 07:30:00+00:00,2771,H,3375.05,21.41000000000031,12,1,67,66
2025-07-14 14:45:00+00:00,2800,L,3341.13,33.92000000000007,29,0,67,67
2025-07-14 18:00:00+00:00,2813,H,3352.03,10.900000000000091,13,-1,68,67
2025-07-14 22:15:00+00:00,2826,L,3341.19,10.840000000000146,13,0,68,68
2025-07-15 10:30:00+00:00,2875,H,3366.66,25.4699999999998,49,1,69,68
2025-07-15 16:30:00+00:00,2899,L,3320.17,46.48999999999978,24,0,69,69
2025-07-16 01:45:00+00:00,2932,H,3335.26,15.090000000000146,33,-1,70,69
2025-07-16 03:00:00+00:00,2937,L,3325.04,10.220000000000255,5,0,70,70
2025-07-16 09:15:00+00:00,2962,H,3343.3,18.26000000000022,25,1,71,70
2025-07-16 14:45:00+00:00,2984,L,3319.6,23.700000000000273,22,0,71,71
2025-07-16 15:30:00+00:00,2987,H,3377.59,57.99000000000024,3,0,72,71
2025-07-16 16:00:00+00:00,2989,L,3334.77,42.820000000000164,2,1,72,72
2025-07-16 22:30:00+00:00,3011,H,3352.47,17.699999999999818,22,0,73,72
2025-07-17 13:00:00+00:00,3069,L,3310.0,42.4699999999998,58,-1,73,73
2025-07-17 23:00:00+00:00,3105,H,3344.5,34.5,36,-1,74,73
2025-07-18 06:15:00+00:00,3134,L,3331.77,12.730000000000018,29,0,74,74
2025-07-18 13:00:00+00:00,3161,H,3361.54,29.769999999999982,27,1,75,74
2025-07-20 22:30:00+00:00,3195,L,3345.11,16.429999999999836,34,1,75,75
2025-07-21 06:45:00+00:00,3228,H,3370.83,25.7199999999998,33,1,76,75
2025-07-21 10:45:00+00:00,3244,L,3362.75,8.079999999999927,16,1,76,76
2025-07-21 14:45:00+00:00,3260,H,3401.85,39.09999999999991,16,1,77,76
2025-07-21 18:45:00+00:00,3276,L,3393.03,8.819999999999709,16,1,77,77
2025-07-21 23:45:00+00:00,3292,H,3402.84,9.809999999999945,16,1,78,77
2025-07-22 07:45:00+00:00,3324,L,3383.16,19.68000000000029,32,0,78,78
2025-07-23 00:30:00+00:00,3387,H,3439.18,56.01999999999998,63,0,79,78
2025-07-23 06:00:00+00:00,3409,L,3416.39,22.789999999999964,22,1,79,79
2025-07-23 09:30:00+00:00,3423,H,3433.92,17.5300000000002,14,0,80,79
2025-07-23 16:30:00+00:00,3451,L,3381.57,52.34999999999991,28,-1,80,80
2025-07-24 01:15:00+00:00,3482,H,3393.74,12.169999999999618,31,-1,81,80
2025-07-24 13:00:00+00:00,3529,L,3351.44,42.29999999999973,47,-1,81,81
2025-07-24 14:45:00+00:00,3536,H,3377.48,26.039999999999964,7,-1,82,81
2025-07-24 22:30:00+00:00,3563,L,3364.98,12.5,27,0,82,82
2025-07-25 01:00:00+00:00,3573,H,3373.76,8.7800000000002,10,0,83,82
2025-07-25 15:45:00+00:00,3632,L,3324.91,48.850000000000364,59,-1,83,83
2025-07-25 19:15:00+00:00,3646,H,3340.38,15.470000000000255,14,-1,84,83
2025-07-27 22:15:00+00:00,3654,L,3323.49,16.890000000000327,8,-1,84,84
2025-07-28 06:15:00+00:00,3686,H,3345.49,22.0,32,0,85,84
2025-07-28 14:00:00+00:00,3717,L,3301.53,43.95999999999958,31,0,85,85
2025-07-28 20:00:00+00:00,3741,H,3319.02,17.48999999999978,24,-1,86,85
2025-07-29 00:45:00+00:00,3756,L,3307.75,11.269999999999982,15,0,86,86
2025-07-29 01:45:00+00:00,3760,H,3321.18,13.429999999999836,4,1,87,86
2025-07-29 04:30:00+00:00,3771,L,3309.01,12.169999999999618,11,1,87,87
2025-07-29 08:30:00+00:00,3787,H,3330.19,21.179999999999836,16,1,88,87
2025-07-29 14:15:00+00:00,3810,L,3311.93,18.26000000000022,23,1,88,88
2025-07-29 15:15:00+00:00,3814,H,3334.27,22.340000000000146,4,1,89,88
2025-07-29 19:45:00+00:00,3832,L,3322.67,11.599999999999909,18,1,89,89
2025-07-30 01:00:00+00:00,3849,H,3333.86,11.190000000000055,17,0,90,89
2025-07-30 02:00:00+00:00,3853,L,3321.94,11.920000000000073,4,-1,90,90
2025-07-30 02:30:00+00:00,3855,H,3332.45,10.509999999999764,2,-1,91,90
2025-07-30 15:45:00+00:00,3908,L,3288.65,43.79999999999973,53,-1,91,91
2025-07-30 18:00:00+00:00,3917,H,3305.67,17.019999999999982,9,-1,92,91
2025-07-30 19:45:00+00:00,3924,L,3268.08,37.590000000000146,7,-1,92,92
2025-07-31 08:30:00+00:00,3971,H,3315.16,47.07999999999993,47,0,93,92
2025-07-31 11:00:00+00:00,3981,L,3293.75,21.409999999999854,10,1,93,93
2025-07-31 13:00:00+00:00,3989,H,3311.27,17.519999999999982,8,0,94,93
2025-08-01 02:00:00+00:00,4037,L,3281.5,29.769999999999982,48,-1,94,94
2025-08-01 06:00:00+00:00,4053,H,3300.69,19.190000000000055,16,-1,95,94
2025-08-01 08:00:00+00:00,4061,L,3285.21,15.480000000000018,8,0,95,95
2025-08-03 22:15:00+00:00,4114,H,3367.64,82.42999999999984,53,1,96,95
2025-08-04 01:30:00+00:00,4127,L,3344.99,22.65000000000009,13,1,96,96
2025-08-04 14:00:00+00:00,4177,H,3385.49,40.5,50,1,97,96
2025-08-04 17:00:00+00:00,4189,L,3370.61,14.879999999999654,12,1,97,97
2025-08-05 01:15:00+00:00,4218,H,3382.65,12.039999999999964,29,0,98,97
2025-08-05 06:45:00+00:00,4240,L,3365.68,16.970000000000255,22,-1,98,98
2025-08-05 07:45:00+00:00,4244,H,3375.62,9.940000000000055,4,-1,99,98
2025-08-05 11:45:00+00:00,4260,L,3349.79,25.829999999999927,16,-1,99,99
2025-08-05 16:15:00+00:00,4278,H,3390.57,40.7800000000002,18,0,100,99
2025-08-05 22:45:00+00:00,4300,L,3377.95,12.620000000000346,22,1,100,100
2025-08-06 00:45:00+00:00,4308,H,3385.63,7.680000000000291,8,0,101,100
2025-08-06 10:00:00+00:00,4345,L,3358.26,27.36999999999989,37,-1,101,101
2025-08-06 15:15:00+00:00,4366,H,3380.12,21.859999999999673,21,-1,102,101
2025-08-07 00:15:00+00:00,4398,L,3365.45,14.670000000000073,32,0,102,102
2025-08-07 02:15:00+00:00,4406,H,3384.36,18.91000000000031,8,1,103,102
2025-08-07 06:00:00+00:00,4421,L,3371.86,12.5,15,1,103,103
2025-08-07 08:00:00+00:00,4429,H,3397.59,25.730000000000018,8,1,104,103
2025-08-07 11:15:00+00:00,4442,L,3371.64,25.950000000000273,13,0,104,104
2025-08-07 22:15:00+00:00,4482,H,3411.4,39.76000000000022,40,0,105,104
2025-08-08 01:15:00+00:00,4494,L,3379.82,31.579999999999927,12,1,105,105
2025-08-08 08:00:00+00:00,4521,H,3404.3,24.480000000000018,27,0,106,105
2025-08-08 11:30:00+00:00,4535,L,3379.64,24.66000000000031,14,-1,106,106
2025-08-08 12:45:00+00:00,4540,H,3403.2,23.559999999999945,5,-1,107,106
2025-08-08 18:00:00+00:00,4561,L,3377.55,25.649999999999636,21,-1,107,107
2025-08-10 22:15:00+00:00,4574,H,3407.78,30.230000000000018,13,0,108,107
2025-08-11 01:15:00+00:00,4586,L,3367.43,40.350000000000364,12,0,108,108
2025-08-11 06:00:00+00:00,4605,H,3379.22,11.789999999999964,19,-1,109,108
2025-08-11 17:45:00+00:00,4652,L,3341.23,37.98999999999978,47,-1,109,109
2025-08-12 15:30:00+00:00,4735,H,3359.42,18.190000000000055,83,-1,110,109
2025-08-12 19:15:00+00:00,4750,L,3345.66,13.760000000000218,15,0,110,110
2025-08-12 22:30:00+00:00,4759,H,3354.15,8.490000000000236,9,0,111,110
2025-08-13 01:00:00+00:00,4769,L,3342.68,11.470000000000255,10,-1,111,111
2025-08-13 11:00:00+00:00,4809,H,3367.3,24.620000000000346,40,0,112,111
2025-08-13 13:30:00+00:00,4819,L,3354.22,13.080000000000382,10,1,112,112
2025-08-13 14:15:00+00:00,4822,H,3371.17,16.950000000000273,3,1,113,112
2025-08-13 18:30:00+00:00,4839,L,3349.86,21.309999999999945,17,0,113,113
2025-08-14 00:30:00+00:00,4859,H,3375.05,25.190000000000055,20,0,114,113
2025-08-14 03:45:00+00:00,4872,L,3355.74,19.3100000000004,13,1,114,114
2025-08-14 07:15:00+00:00,4886,H,3366.49,10.75,14,0,115,114
2025-08-14 08:00:00+00:00,4889,L,3341.54,24.949999999999818,3,-1,115,115
2025-08-14 12:15:00+00:00,4906,H,3358.52,16.980000000000018,17,-1,116,115
2025-08-14 16:30:00+00:00,4923,L,3329.82,28.699999999999818,17,-1,116,116
2025-08-14 19:15:00+00:00,4934,H,3341.29,11.4699999999998,11,-1,117,116
2025-08-14 23:15:00+00:00,4946,L,3332.14,9.150000000000091,12,0,117,117
2025-08-15 05:15:00+00:00,4970,H,3349.03,16.890000000000327,24,1,118,117
2025-08-15 14:00:00+00:00,5005,L,3332.83,16.200000000000273,35,1,118,118
2025-08-15 20:00:00+00:00,5029,H,3339.92,7.0900000000001455,24,0,119,118
2025-08-17 23:30:00+00:00,5039,L,3323.5,16.420000000000073,10,-1,119,119
2025-08-18 05:15:00+00:00,5062,H,3358.48,34.98000000000002,23,0,120,119
2025-08-19 00:15:00+00:00,5134,L,3325.77,32.710000000000036,72,1,120,120
2025-08-19 10:30:00+00:00,5175,H,3345.47,19.699999999999818,41,0,121,120
2025-08-19 13:15:00+00:00,5186,L,3325.75,19.7199999999998,11,-1,121,121
2025-08-19 14:00:00+00:00,5189,H,3339.45,13.699999999999818,3,-1,122,121
2025-08-20 01:30:00+00:00,5231,L,3311.39,28.059999999999945,42,-1,122,122
2025-08-20 22:15:00+00:00,5310,H,3352.48,41.090000000000146,79,0,123,122
2025-08-21 06:30:00+00:00,5343,L,3334.21,18.269999999999982,33,1,123,123
2025-08-21 10:00:00+00:00,5357,H,3342.35,8.139999999999873,14,0,124,123
2025-08-21 11:15:00+00:00,5362,L,3325.29,17.059999999999945,5,-1,124,124
2025-08-21 14:45:00+00:00,5376,H,3348.27,22.980000000000018,14,0,125,124
2025-08-22 07:00:00+00:00,5437,L,3325.76,22.509999999999764,61,1,125,125
2025-08-22 07:30:00+00:00,5439,H,3335.21,9.449999999999818,2,0,126,125
2025-08-22 12:45:00+00:00,5460,L,3321.54,13.670000000000073,21,-1,126,126
2025-08-22 15:45:00+00:00,5472,H,3378.88,57.340000000000146,12,0,127,126
2025-08-25 02:15:00+00:00,5510,L,3359.68,19.200000000000273,38,1,127,127
2025-08-25 07:15:00+00:00,5530,H,3369.99,10.309999999999945,20,0,128,127
2025-08-25 09:30:00+00:00,5539,L,3361.94,8.049999999999727,9,0,128,128
2025-08-25 12:00:00+00:00,5549,H,3371.62,9.679999999999836,10,1,129,128
2025-08-25 13:15:00+00:00,5554,L,3362.26,9.359999999999673,5,1,129,129
2025-08-25 15:30:00+00:00,5563,H,3376.36,14.099999999999909,9,1,130,129
2025-08-26 00:15:00+00:00,5594,L,3351.44,24.920000000000073,31,0,130,130
2025-08-26 01:00:00+00:00,5597,H,3386.67,35.23000000000002,3,0,131,130
2025-08-26 07:30:00+00:00,5623,L,3367.39,19.2800000000002,26,1,131,131
2025-08-26 08:45:00+00:00,5628,H,3380.15,12.760000000000218,5,0,132,131
2025-08-26 10:45:00+00:00,5636,L,3367.34,12.809999999999945,8,-1,132,132
2025-08-26 22:15:00+00:00,5678,H,3394.5,27.159999999999854,42,0,133,132
2025-08-27 05:00:00+00:00,5705,L,3373.81,20.690000000000055,27,1,133,133
2025-08-27 09:15:00+00:00,5722,H,3385.63,11.820000000000164,17,0,134,133
2025-08-27 11:45:00+00:00,5732,L,3373.81,11.820000000000164,10,0,134,134
2025-08-27 22:15:00+00:00,5770,H,3399.5,25.690000000000055,38,0,135,134
2025-08-28 02:45:00+00:00,5788,L,3384.37,15.13000000000011,18,1,135,135
2025-08-28 12:15:00+00:00,5826,H,3408.79,24.420000000000073,38,1,136,135
2025-08-28 13:15:00+00:00,5830,L,3394.39,14.400000000000091,4,1,136,136
2025-08-28 20:00:00+00:00,5857,H,3423.42,29.0300000000002,27,1,137,136
2025-08-29 07:45:00+00:00,5900,L,3406.62,16.800000000000182,43,1,137,137
2025-08-29 08:30:00+00:00,5903,H,3415.1,8.480000000000018,3,0,138,137
2025-08-29 11:15:00+00:00,5914,L,3404.34,10.759999999999764,11,-1,138,138
2025-08-29 20:00:00+00:00,5949,H,3454.3,49.960000000000036,35,0,139,138
2025-09-01 01:30:00+00:00,5967,L,3436.82,17.480000000000018,18,1,139,139
2025-09-01 06:45:00+00:00,5988,H,3490.22,53.399999999999636,21,1,140,139
2025-09-01 10:15:00+00:00,6002,L,3466.41,23.809999999999945,14,1,140,140
2025-09-02 02:00:00+00:00,6051,H,3509.18,42.76999999999998,49,1,141,140
2025-09-02 08:15:00+00:00,6076,L,3470.31,38.86999999999989,25,1,141,141
2025-09-02 12:15:00+00:00,6092,H,3494.43,24.11999999999989,16,0,142,141
2025-09-02 12:45:00+00:00,6094,L,3474.26,20.169999999999618,2,0,142,142
2025-09-02 20:00:00+00:00,6123,H,3540.15,65.88999999999987,29,1,143,142
2025-09-02 23:45:00+00:00,6134,L,3525.65,14.5,11,1,143,143
2025-09-03 00:30:00+00:00,6137,H,3548.7,23.049999999999727,3,1,144,143
2025-09-03 06:00:00+00:00,6159,L,3527.05,21.649999999999636,22,1,144,144
2025-09-03 18:15:00+00:00,6208,H,3578.6,51.54999999999973,49,1,145,144
2025-09-04 03:15:00+00:00,6240,L,3510.7,67.90000000000009,32,0,145,145
2025-09-04 13:45:00+00:00,6282,H,3558.91,48.210000000000036,42,-1,146,145
2025-09-04 14:15:00+00:00,6284,L,3535.17,23.73999999999978,2,0,146,146
2025-09-04 17:15:00+00:00,6296,H,3555.53,20.360000000000127,12,0,147,146
2025-09-04 23:00:00+00:00,6315,L,3539.68,15.850000000000364,19,0,147,147
2025-09-05 05:15:00+00:00,6340,H,3561.39,21.710000000000036,25,1,148,147
2025-09-05 09:00:00+00:00,6355,L,3544.81,16.579999999999927,15,1,148,148
2025-09-05 16:45:00+00:00,6386,H,3600.21,55.40000000000009,31,1,149,148
2025-09-08 04:15:00+00:00,6428,L,3579.47,20.740000000000236,42,1,149,149
2025-09-08 15:15:00+00:00,6472,H,3646.51,67.04000000000042,44,1,150,149
2025-09-08 23:30:00+00:00,6501,L,3627.93,18.580000000000382,29,1,150,150
2025-09-09 06:00:00+00:00,6527,H,3659.45,31.519999999999982,26,1,151,150
2025-09-09 06:30:00+00:00,6529,L,3636.76,22.6899999999996,2,1,151,151
2025-09-09 14:00:00+00:00,6559,H,3677.32,40.559999999999945,30,1,152,151
2025-09-09 15:30:00+00:00,6565,L,3626.94,50.38000000000011,6,0,152,152
2025-09-09 18:30:00+00:00,6577,H,3645.5,18.559999999999945,12,-1,153,152
2025-09-09 22:30:00+00:00,6589,L,3623.04,22.460000000000036,12,-1,153,153
2025-09-09 23:30:00+00:00,6593,H,3641.3,18.26000000000022,4,-1,154,153
2025-09-10 01:30:00+00:00,6601,L,3620.23,21.070000000000164,8,-1,154,154
2025-09-10 12:30:00+00:00,6645,H,3658.84,38.61000000000013,44,0,155,154
2025-09-10 19:45:00+00:00,6674,L,3635.02,23.820000000000164,29,1,155,155
2025-09-11 01:30:00+00:00,6693,H,3649.38,14.360000000000127,19,0,156,155
2025-09-11 06:15:00+00:00,6712,L,3622.81,26.570000000000164,19,-1,156,156
2025-09-11 07:00:00+00:00,6715,H,3638.28,15.470000000000255,3,-1,157,156
2025-09-11 12:30:00+00:00,6737,L,3611.61,26.670000000000073,22,-1,157,157
2025-09-12 05:30:00+00:00,6801,H,3656.92,45.309999999999945,64,0,158,157
2025-09-12 09:15:00+00:00,6816,L,3637.66,19.26000000000022,15,1,158,158
2025-09-12 11:00:00+00:00,6823,H,3652.36,14.700000000000273,7,0,159,158
2025-09-12 12:45:00+00:00,6830,L,3638.23,14.13000000000011,7,0,159,159
2025-09-12 14:30:00+00:00,6837,H,3654.41,16.179999999999836,7,1,160,159
2025-09-15 01:15:00+00:00,6876,L,3626.38,28.029999999999745,39,0,160,160
2025-09-15 04:15:00+00:00,6888,H,3647.05,20.670000000000073,12,-1,161,160
2025-09-15 07:30:00+00:00,6901,L,3633.76,13.289999999999964,13,0,161,161
2025-09-15 16:45:00+00:00,6938,H,3685.72,51.95999999999958,37,1,162,161
2025-09-15 22:30:00+00:00,6957,L,3675.89,9.829999999999927,19,1,162,162
2025-09-16 01:00:00+00:00,6967,H,3689.76,13.870000000000346,10,1,163,162
2025-09-16 03:00:00+00:00,6975,L,3674.5,15.260000000000218,8,0,163,163
2025-09-16 12:00:00+00:00,7011,H,3699.56,25.059999999999945,36,0,164,163
2025-09-16 13:30:00+00:00,7017,L,3685.18,14.38000000000011,6,1,164,164
2025-09-16 14:30:00+00:00,7021,H,3703.33,18.15000000000009,4,1,165,164
2025-09-16 15:45:00+00:00,7026,L,3678.7,24.63000000000011,5,0,165,165
2025-09-17 00:15:00+00:00,7056,H,3695.61,16.91000000000031,30,-1,166,165
2025-09-17 02:45:00+00:00,7066,L,3674.25,21.360000000000127,10,-1,166,166
2025-09-17 05:15:00+00:00,7076,H,3686.27,12.019999999999982,10,-1,167,166
2025-09-17 11:00:00+00:00,7099,L,3660.01,26.259999999999764,23,-1,167,167
2025-09-17 18:15:00+00:00,7128,H,3707.82,47.809999999999945,29,0,168,167
2025-09-17 19:00:00+00:00,7131,L,3646.05,61.76999999999998,3,0,168,168
2025-09-17 23:30:00+00:00,7145,H,3672.39,26.33999999999969,14,-1,169,168
2025-09-18 06:15:00+00:00,7172,L,3633.85,38.539999999999964,27,-1,169,169
2025-09-18 12:30:00+00:00,7197,H,3673.57,39.720000000000255,25,0,170,169
2025-09-18 13:45:00+00:00,7202,L,3627.85,45.720000000000255,5,0,170,170
2025-09-18 20:00:00+00:00,7227,H,3647.39,19.539999999999964,25,-1,171,170
2025-09-19 00:45:00+00:00,7242,L,3636.06,11.329999999999927,15,0,171,171
2025-09-19 01:15:00+00:00,7244,H,3651.56,15.5,2,1,172,171
2025-09-19 02:00:00+00:00,7247,L,3632.07,19.48999999999978,3,0,172,172
2025-09-19 05:15:00+00:00,7260,H,3661.49,29.419999999999618,13,0,173,172
2025-09-19 07:15:00+00:00,7268,L,3639.75,21.73999999999978,8,1,173,173
2025-09-19 10:30:00+00:00,7281,H,3659.39,19.639999999999873,13,0,174,173
2025-09-19 13:15:00+00:00,7292,L,3643.7,15.690000000000055,11,0,174,174
2025-09-22 11:00:00+00:00,7375,H,3728.52,84.82000000000016,83,1,175,174
2025-09-22 12:30:00+00:00,7381,L,3712.26,16.259999999999764,6,1,175,175
2025-09-22 19:15:00+00:00,7408,H,3749.05,36.789999999999964,27,1,176,175
2025-09-22 23:00:00+00:00,7419,L,3738.15,10.900000000000091,11,1,176,176
2025-09-23 01:45:00+00:00,7430,H,3759.53,21.38000000000011,11,1,177,176
2025-09-23 03:00:00+00:00,7435,L,3736.48,23.050000000000182,5,0,177,177
2025-09-23 09:30:00+00:00,7461,H,3791.26,54.7800000000002,26,0,178,177
2025-09-23 14:30:00+00:00,7481,L,3763.28,27.980000000000018,20,1,178,178
2025-09-23 17:30:00+00:00,7493,H,3785.85,22.56999999999971,12,0,179,178
2025-09-23 19:30:00+00:00,7501,L,3751.84,34.00999999999976,8,-1,179,179
2025-09-24 01:15:00+00:00,7520,H,3771.95,20.109999999999673,19,-1,180,179
2025-09-24 02:45:00+00:00,7526,L,3750.73,21.2199999999998,6,-1,180,180
2025-09-24 07:45:00+00:00,7546,H,3779.45,28.7199999999998,20,0,181,180
2025-09-24 19:30:00+00:00,7593,L,3717.38,62.06999999999971,47,0,181,181
2025-09-25 00:30:00+00:00,7609,H,3751.88,34.5,16,-1,182,181
2025-09-25 02:15:00+00:00,7616,L,3729.34,22.539999999999964,7,0,182,182
2025-09-25 08:30:00+00:00,7641,H,3761.53,32.190000000000055,25,1,183,182
2025-09-25 14:00:00+00:00,7663,L,3722.06,39.470000000000255,22,0,183,183
2025-09-25 19:00:00+00:00,7683,H,3758.41,36.34999999999991,20,-1,184,183
2025-09-26 03:15:00+00:00,7712,L,3734.26,24.149999999999636,29,0,184,184
2025-09-26 06:30:00+00:00,7725,H,3754.26,20.0,13,0,185,184
2025-09-26 07:15:00+00:00,7728,L,3738.99,15.270000000000437,3,0,185,185
2025-09-26 08:45:00+00:00,7734,H,3755.5,16.51000000000022,6,1,186,185
2025-09-26 11:00:00+00:00,7743,L,3742.89,12.610000000000127,9,1,186,186
2025-09-26 14:30:00+00:00,7757,H,3783.84,40.95000000000027,14,1,187,186
2025-09-26 21:00:00+00:00,7783,L,3759.63,24.210000000000036,26,1,187,187
2025-09-29 12:00:00+00:00,7839,H,3831.56,71.92999999999984,56,1,188,187
2025-09-29 13:15:00+00:00,7844,L,3809.26,22.299999999999727,5,1,188,188
2025-09-30 06:15:00+00:00,7908,H,3872.01,62.75,64,1,189,188
2025-09-30 10:00:00+00:00,7923,L,3793.02,78.99000000000024,15,0,189,189
2025-10-01 02:15:00+00:00,7984,H,3875.74,82.7199999999998,61,0,190,189
2025-10-01 06:30:00+00:00,8001,L,3853.21,22.529999999999745,17,1,190,190
2025-10-01 08:30:00+00:00,8009,H,3895.55,42.340000000000146,8,1,191,190
2025-10-01 18:15:00+00:00,8048,L,3854.95,40.600000000000364,39,1,191,191
2025-10-01 20:00:00+00:00,8055,H,3871.24,16.289999999999964,7,0,192,191
2025-10-02 01:00:00+00:00,8071,L,3852.63,18.609999999999673,16,-1,192,192
2025-10-02 06:30:00+00:00,8093,H,3874.57,21.940000000000055,22,0,193,192
2025-10-02 07:45:00+00:00,8098,L,3861.82,12.75,5,1,193,193
2025-10-02 13:45:00+00:00,8122,H,3897.15,35.32999999999993,24,1,194,193
2025-10-02 15:45:00+00:00,8130,L,3819.31,77.84000000000015,8,0,194,194
2025-10-03 00:00:00+00:00,8159,H,3863.93,44.61999999999989,29,-1,195,194
2025-10-03 03:45:00+00:00,8174,L,3838.03,25.899999999999636,15,0,195,195
2025-10-03 13:45:00+00:00,8214,H,3890.87,52.83999999999969,40,1,196,195
2025-10-03 14:15:00+00:00,8216,L,3866.32,24.549999999999727,2,1,196,196
2025-10-06 05:15:00+00:00,8272,H,3945.47,79.14999999999964,56,1,197,196
2025-10-06 06:15:00+00:00,8276,L,3922.36,23.109999999999673,4,1,197,197
2025-10-06 08:15:00+00:00,8284,H,3949.83,27.4699999999998,8,1,198,197
2025-10-06 12:45:00+00:00,8302,L,3926.53,23.299999999999727,18,1,198,198
2025-10-06 16:15:00+00:00,8316,H,3970.21,43.679999999999836,14,1,199,198
2025-10-06 20:45:00+00:00,8334,L,3957.28,12.929999999999836,18,1,199,199
2025-10-06 22:30:00+00:00,8337,H,3976.53,19.25,3,1,200,199
2025-10-07 01:15:00+00:00,8348,L,3955.81,20.720000000000255,11,0,200,200
2025-10-07 05:00:00+00:00,8363,H,3977.29,21.480000000000018,15,0,201,200
2025-10-07 08:15:00+00:00,8376,L,3940.84,36.44999999999982,13,0,201,201
2025-10-07 15:30:00+00:00,8405,H,3991.23,50.38999999999987,29,0,202,201
2025-10-07 16:00:00+00:00,8407,L,3961.76,29.4699999999998,2,1,202,202
2025-10-08 16:45:00+00:00,8502,H,4059.42,97.65999999999985,95,1,203,202
2025-10-09 00:00:00+00:00,8527,L,4001.27,58.15000000000009,25,1,203,203
2025-10-09 01:45:00+00:00,8534,H,4036.6,35.32999999999993,7,0,204,203
2025-10-09 02:30:00+00:00,8537,L,4002.47,34.13000000000011,3,0,204,204
2025-10-09 05:45:00+00:00,8550,H,4044.02,41.55000000000018,13,1,205,204
2025-10-09 07:00:00+00:00,8555,L,4022.55,21.4699999999998,5,1,205,205
2025-10-09 13:30:00+00:00,8581,H,4058.3,35.75,26,1,206,205
2025-10-09 17:30:00+00:00,8597,L,3943.9,114.40000000000009,16,0,206,206
2025-10-10 01:00:00+00:00,8623,H,3994.74,50.83999999999969,26,-1,207,206
2025-10-10 04:15:00+00:00,8636,L,3946.8,47.9399999999996,13,0,207,207
2025-10-10 10:00:00+00:00,8659,H,4006.68,59.879999999999654,23,1,208,207
2025-10-10 14:15:00+00:00,8676,L,3970.49,36.190000000000055,17,1,208,208
2025-10-10 15:45:00+00:00,8682,H,4023.05,52.5600000000004,6,1,209,208
2025-10-10 17:15:00+00:00,8688,L,3975.13,47.92000000000007,6,1,209,209
2025-10-13 16:15:00+00:00,8776,H,4117.4,142.26999999999953,88,1,210,209
2025-10-13 19:15:00+00:00,8788,L,4090.49,26.909999999999854,12,1,210,210
2025-10-14 05:15:00+00:00,8824,H,4183.17,92.68000000000029,36,1,211,210
2025-10-14 06:30:00+00:00,8829,L,4090.18,92.99000000000024,5,0,211,211
2025-10-14 10:45:00+00:00,8846,H,4144.67,54.49000000000024,17,-1,212,211
2025-10-14 13:15:00+00:00,8856,L,4097.91,46.76000000000022,10,0,212,212
2025-10-15 08:30:00+00:00,8929,H,4218.49,120.57999999999993,73,1,213,212
2025-10-15 09:30:00+00:00,8933,L,4164.0,54.48999999999978,4,1,213,213
2025-10-16 03:15:00+00:00,9000,H,4242.32,78.31999999999971,67,1,214,213
2025-10-16 06:00:00+00:00,9011,L,4203.46,38.85999999999967,11,1,214,214
2025-10-16 22:30:00+00:00,9073,H,4380.41,176.94999999999982,62,1,215,214
2025-10-17 01:45:00+00:00,9086,L,4277.97,102.4399999999996,13,1,215,215
2025-10-17 05:00:00+00:00,9099,H,4378.93,100.96000000000004,13,0,216,215
2025-10-17 17:15:00+00:00,9148,L,4184.7,194.23000000000047,49,-1,216,216
2025-10-19 22:15:00+00:00,9164,H,4276.29,91.59000000000015,16,-1,217,216
2025-10-20 00:30:00+00:00,9173,L,4218.75,57.539999999999964,9,0,217,217
2025-10-20 02:45:00+00:00,9182,H,4271.32,52.56999999999971,9,0,218,217
2025-10-20 06:30:00+00:00,9197,L,4221.29,50.029999999999745,15,0,218,218
2025-10-20 20:00:00+00:00,9251,H,4381.68,160.39000000000033,54,1,219,218
2025-10-21 06:15:00+00:00,9288,L,4316.88,64.80000000000018,37,1,219,219
2025-10-21 07:00:00+00:00,9291,H,4344.52,27.640000000000327,3,0,220,219
2025-10-21 14:45:00+00:00,9322,L,4078.4,266.12000000000035,31,-1,220,220
2025-10-21 22:15:00+00:00,9348,H,4133.36,54.95999999999958,26,-1,221,220
2025-10-22 00:15:00+00:00,9356,L,4003.45,129.90999999999985,8,-1,221,221
2025-10-22 07:00:00+00:00,9383,H,4161.63,158.1800000000003,27,0,222,221
2025-10-22 15:00:00+00:00,9415,L,4011.31,150.32000000000016,32,1,222,222
2025-10-22 22:15:00+00:00,9440,H,4117.32,106.00999999999976,25,0,223,222
2025-10-23 00:30:00+00:00,9449,L,4064.47,52.84999999999991,9,0,223,223
2025-10-23 06:15:00+00:00,9472,H,4138.25,73.7800000000002,23,1,224,223
2025-10-23 07:45:00+00:00,9478,L,4091.83,46.42000000000007,6,1,224,224
2025-10-23 14:15:00+00:00,9504,H,4155.04,63.210000000000036,26,1,225,224
2025-10-23 20:30:00+00:00,9529,L,4107.4,47.64000000000033,25,1,225,225
2025-10-24 01:15:00+00:00,9544,H,4144.65,37.25,15,0,226,225
2025-10-24 11:15:00+00:00,9584,L,4044.51,100.13999999999942,40,-1,226,226
2025-10-24 16:30:00+00:00,9605,H,4138.71,94.19999999999982,21,-1,227,226
2025-10-26 22:15:00+00:00,9624,L,4073.8,64.90999999999985,19,0,227,227
2025-11-11 04:15:00+00:00,10656,H,4149.27,75.47000000000025,1032,1,228,227
2025-11-11 05:45:00+00:00,10662,L,4124.49,24.780000000000655,6,1,228,228
2025-11-11 13:45:00+00:00,10694,H,4146.78,22.289999999999964,32,0,229,228
2025-11-11 15:45:00+00:00,10702,L,4096.82,49.960000000000036,8,-1,229,229
2025-11-12 00:15:00+00:00,10732,H,4145.73,48.909999999999854,30,-1,230,229
2025-11-12 05:45:00+00:00,10754,L,4098.68,47.04999999999927,22,0,230,230
2025-11-12 18:30:00+00:00,10805,H,4212.08,113.39999999999964,51,1,231,230
2025-11-13 00:15:00+00:00,10824,L,4186.23,25.850000000000364,19,1,231,231
2025-11-13 01:00:00+00:00,10827,H,4209.42,23.19000000000051,3,0,232,231
2025-11-13 01:30:00+00:00,10829,L,4180.1,29.31999999999971,2,-1,232,232
2025-11-13 13:00:00+00:00,10875,H,4245.31,65.21000000000004,46,0,233,232
2025-11-13 18:45:00+00:00,10898,L,4145.37,99.94000000000051,23,0,233,233
2025-11-14 03:30:00+00:00,10929,H,4211.48,66.10999999999967,31,-1,234,233
2025-11-14 14:45:00+00:00,10974,L,4032.22,179.25999999999976,45,-1,234,234
2025-11-14 16:45:00+00:00,10982,H,4111.51,79.29000000000042,8,-1,235,234
2025-11-16 23:15:00+00:00,11004,L,4069.28,42.23000000000002,22,0,235,235
2025-11-19 15:30:00+00:00,11253,H,4132.99,63.70999999999958,249,1,236,235
2025-11-19 17:15:00+00:00,11260,L,4055.62,77.36999999999989,7,0,236,236
2025-11-20 00:15:00+00:00,11284,H,4110.27,54.650000000000546,24,-1,237,236
2025-11-20 02:30:00+00:00,11293,L,4038.68,71.5900000000006,9,-1,237,237
2025-11-20 03:15:00+00:00,11296,H,4085.79,47.11000000000013,3,-1,238,237
2025-11-20 08:30:00+00:00,11317,L,4038.7,47.090000000000146,21,0,238,238
2025-11-20 15:00:00+00:00,11343,H,4107.37,68.67000000000007,26,1,239,238
2025-11-20 17:15:00+00:00,11352,L,4043.62,63.75,9,1,239,239
2025-11-20 23:45:00+00:00,11374,H,4089.13,45.51000000000022,22,0,240,239
2025-11-21 08:15:00+00:00,11408,L,4022.53,66.59999999999991,34,-1,240,240
2025-11-21 09:30:00+00:00,11413,H,4063.6,41.06999999999971,5,-1,241,240
2025-11-21 12:00:00+00:00,11423,L,4030.85,32.75,10,0,241,241
2025-11-21 17:00:00+00:00,11443,H,4101.44,70.58999999999969,20,1,242,241
2025-11-24 05:30:00+00:00,11489,L,4039.95,61.48999999999978,46,1,242,242
2025-11-25 03:00:00+00:00,11571,H,4156.01,116.0600000000004,82,1,243,242
2025-11-25 09:00:00+00:00,11595,L,4109.62,46.39000000000033,24,1,243,243
2025-11-25 13:45:00+00:00,11614,H,4151.12,41.5,19,0,244,243
2025-11-25 15:00:00+00:00,11619,L,4111.22,39.899999999999636,5,0,244,244
2025-11-25 17:45:00+00:00,11630,H,4159.47,48.25,11,1,245,244
2025-11-25 21:15:00+00:00,11644,L,4127.79,31.68000000000029,14,1,245,245
2025-11-26 04:00:00+00:00,11667,H,4169.62,41.82999999999993,23,1,246,245
2025-11-26 06:45:00+00:00,11678,L,4147.01,22.609999999999673,11,1,246,246
2025-11-26 12:15:00+00:00,11700,H,4173.51,26.5,22,1,247,246
2025-11-26 15:00:00+00:00,11711,L,4136.69,36.82000000000062,11,0,247,247
2025-11-26 18:15:00+00:00,11724,H,4171.93,35.24000000000069,13,-1,248,247
2025-11-27 04:15:00+00:00,11760,L,4142.63,29.300000000000182,36,0,248,248
2025-11-27 09:00:00+00:00,11779,H,4167.44,24.80999999999949,19,0,249,248
2025-11-27 09:30:00+00:00,11781,L,4148.36,19.079999999999927,2,0,249,249
2025-11-28 01:45:00+00:00,11832,H,4193.28,44.92000000000007,51,1,250,249
2025-11-28 05:30:00+00:00,11847,L,4148.4,44.88000000000011,15,1,250,250
2025-11-28 07:00:00+00:00,11853,H,4189.06,40.660000000000764,6,0,251,250
2025-11-28 08:15:00+00:00,11858,L,4148.21,40.850000000000364,5,-1,251,251
2025-12-01 02:15:00+00:00,11916,H,4256.77,108.5600000000004,58,0,252,251
2025-12-01 05:30:00+00:00,11929,L,4215.29,41.48000000000047,13,1,252,252
2025-12-01 13:45:00+00:00,11962,H,4264.93,49.64000000000033,33,1,253,252
2025-12-01 15:30:00+00:00,11969,L,4219.53,45.400000000000546,7,1,253,253
2025-12-01 20:45:00+00:00,11990,H,4241.63,22.100000000000364,21,0,254,253
2025-12-02 01:15:00+00:00,12004,L,4193.06,48.56999999999971,14,-1,254,254
2025-12-02 06:15:00+00:00,12024,H,4226.52,33.460000000000036,20,-1,255,254
2025-12-02 09:45:00+00:00,12038,L,4181.16,45.36000000000058,14,-1,255,255
2025-12-02 14:30:00+00:00,12057,H,4230.69,49.529999999999745,19,0,256,255
2025-12-02 16:00:00+00:00,12063,L,4163.75,66.9399999999996,6,0,256,256
2025-12-03 02:45:00+00:00,12102,H,4229.33,65.57999999999993,39,-1,257,256
2025-12-03 10:15:00+00:00,12132,L,4194.49,34.840000000000146,30,0,257,257
2025-12-03 14:45:00+00:00,12150,H,4242.05,47.5600000000004,18,1,258,257
2025-12-03 19:00:00+00:00,12167,L,4195.1,46.94999999999982,17,1,258,258
2025-12-04 01:45:00+00:00,12190,H,4217.23,22.1299999999992,23,0,259,258
2025-12-04 06:00:00+00:00,12207,L,4174.99,42.23999999999978,17,-1,259,259
2025-12-04 11:15:00+00:00,12228,H,4206.89,31.900000000000546,21,-1,260,259
2025-12-04 13:15:00+00:00,12236,L,4185.77,21.11999999999989,8,0,260,260
2025-12-04 16:30:00+00:00,12249,H,4219.45,33.67999999999938,13,1,261,260
2025-12-04 19:15:00+00:00,12260,L,4199.54,19.909999999999854,11,1,261,261
2025-12-05 00:30:00+00:00,12277,H,4210.75,11.210000000000036,17,0,262,261
2025-12-05 01:15:00+00:00,12280,L,4194.58,16.170000000000073,3,-1,262,262
2025-12-05 15:45:00+00:00,12338,H,4259.55,64.97000000000025,58,0,263,262
2025-12-05 21:30:00+00:00,12361,L,4192.14,67.40999999999985,23,0,263,263
2025-12-08 06:45:00+00:00,12394,H,4219.24,27.099999999999454,33,-1,264,263
2025-12-08 11:15:00+00:00,12412,L,4199.63,19.609999999999673,18,0,264,264
2025-12-08 13:00:00+00:00,12419,H,4215.62,15.989999999999782,7,0,265,264
2025-12-08 15:15:00+00:00,12428,L,4176.24,39.38000000000011,9,-1,265,265
2025-12-09 03:45:00+00:00,12474,H,4198.87,22.63000000000011,46,-1,266,265
2025-12-09 06:15:00+00:00,12484,L,4170.15,28.720000000000255,10,-1,266,266
2025-12-09 09:30:00+00:00,12497,H,4213.0,42.850000000000364,13,0,267,266
2025-12-09 14:30:00+00:00,12517,L,4189.34,23.659999999999854,20,1,267,267
2025-12-09 16:45:00+00:00,12526,H,4221.68,32.340000000000146,9,1,268,267
2025-12-10 00:45:00+00:00,12554,L,4206.92,14.760000000000218,28,1,268,268
2025-12-10 02:45:00+00:00,12562,H,4219.05,12.13000000000011,8,0,269,268
2025-12-10 10:45:00+00:00,12594,L,4187.52,31.529999999999745,32,-1,269,269
2025-12-10 19:15:00+00:00,12628,H,4219.99,32.469999999999345,34,0,270,269
2025-12-10 19:45:00+00:00,12630,L,4181.72,38.26999999999953,2,0,270,270
2025-12-11 01:15:00+00:00,12648,H,4248.15,66.42999999999938,18,0,271,270
2025-12-11 06:15:00+00:00,12668,L,4204.04,44.10999999999967,20,1,271,271
2025-12-11 10:15:00+00:00,12684,H,4226.19,22.149999999999636,16,0,272,271
2025-12-11 13:30:00+00:00,12697,L,4205.33,20.859999999999673,13,0,272,272
2025-12-11 18:15:00+00:00,12716,H,4286.23,80.89999999999964,19,1,273,272
2025-12-12 01:30:00+00:00,12741,L,4264.56,21.669999999999163,25,1,273,273
2025-12-12 15:00:00+00:00,12795,H,4353.89,89.32999999999993,54,1,274,273
2025-12-12 16:45:00+00:00,12802,L,4257.63,96.26000000000022,7,0,274,274
2025-12-15 09:15:00+00:00,12864,H,4350.46,92.82999999999993,62,-1,275,274
2025-12-15 16:45:00+00:00,12894,L,4285.05,65.40999999999985,30,0,275,275
2025-12-15 19:15:00+00:00,12904,H,4317.92,32.86999999999989,10,0,276,275
2025-12-16 01:15:00+00:00,12924,L,4298.87,19.050000000000182,20,0,276,276
2025-12-16 01:45:00+00:00,12926,H,4318.14,19.270000000000437,2,1,277,276
2025-12-16 05:30:00+00:00,12941,L,4271.58,46.5600000000004,15,0,277,277
2025-12-16 07:00:00+00:00,12947,H,4292.56,20.980000000000473,6,-1,278,277
2025-12-16 11:30:00+00:00,12965,L,4273.77,18.789999999999964,18,0,278,278
2025-12-16 15:15:00+00:00,12980,H,4335.57,61.79999999999927,15,1,279,278
2025-12-16 16:45:00+00:00,12986,L,4291.23,44.340000000000146,6,1,279,279
2025-12-17 06:00:00+00:00,13035,H,4342.4,51.17000000000007,49,1,280,279
2025-12-17 10:45:00+00:00,13054,L,4306.79,35.60999999999967,19,1,280,280
2025-12-17 14:15:00+00:00,13068,H,4346.39,39.600000000000364,14,1,281,280
2025-12-17 16:30:00+00:00,13077,L,4320.54,25.850000000000364,9,1,281,281
2025-12-17 21:30:00+00:00,13097,H,4346.5,25.960000000000036,20,1,282,281
2025-12-18 01:45:00+00:00,13110,L,4324.35,22.149999999999636,13,1,282,282
2025-12-18 07:45:00+00:00,13134,H,4337.91,13.55999999999949,24,0,283,282
2025-12-18 13:15:00+00:00,13156,L,4314.62,23.289999999999964,22,-1,283,283
2025-12-18 14:00:00+00:00,13159,H,4343.33,28.710000000000036,3,0,284,283
2025-12-18 15:00:00+00:00,13163,L,4308.47,34.85999999999967,4,0,284,284
2025-12-18 16:30:00+00:00,13169,H,4374.81,66.34000000000015,6,0,285,284
2025-12-18 17:30:00+00:00,13173,L,4322.07,52.74000000000069,4,1,285,285
2025-12-19 00:00:00+00:00,13195,H,4337.05,14.980000000000473,22,0,286,285
2025-12-19 01:45:00+00:00,13202,L,4309.27,27.779999999999745,7,-1,286,286
2025-12-19 09:45:00+00:00,13234,H,4333.84,24.56999999999971,32,-1,287,286
2025-12-19 12:15:00+00:00,13244,L,4320.68,13.159999999999854,10,0,287,287
2025-12-19 18:30:00+00:00,13269,H,4356.67,35.98999999999978,25,1,288,287
2025-12-19 21:45:00+00:00,13282,L,4336.61,20.0600000000004,13,1,288,288
2025-12-22 07:15:00+00:00,13316,H,4420.54,83.93000000000029,34,1,289,288
2025-12-22 12:15:00+00:00,13336,L,4406.23,14.3100000000004,20,1,289,289
2025-12-23 02:45:00+00:00,13390,H,4498.1,91.8700000000008,54,1,290,289
2025-12-23 06:15:00+00:00,13404,L,4469.39,28.710000000000036,14,1,290,290
2025-12-23 13:30:00+00:00,13433,H,4497.37,27.979999999999563,29,0,291,290
2025-12-23 15:15:00+00:00,13440,L,4430.52,66.84999999999945,7,-1,291,291
2025-12-24 01:30:00+00:00,13477,H,4526.02,95.5,37,0,292,291
2025-12-24 03:00:00+00:00,13483,L,4471.41,54.61000000000058,6,1,292,292
2025-12-24 05:00:00+00:00,13491,H,4501.7,30.289999999999964,8,0,293,292
2025-12-24 08:15:00+00:00,13504,L,4477.93,23.769999999999527,13,0,293,293
2025-12-24 10:15:00+00:00,13512,H,4500.25,22.31999999999971,8,0,294,293
2025-12-24 16:00:00+00:00,13535,L,4448.46,51.789999999999964,23,-1,294,294
2025-12-26 01:15:00+00:00,13555,H,4531.8,83.34000000000015,20,0,295,294
2025-12-26 02:45:00+00:00,13561,L,4492.17,39.63000000000011,6,1,295,295
2025-12-26 10:30:00+00:00,13592,H,4524.05,31.88000000000011,31,0,296,295
2025-12-26 12:00:00+00:00,13598,L,4502.84,21.210000000000036,6,0,296,296
2025-12-26 16:15:00+00:00,13615,H,4550.35,47.51000000000022,17,1,297,296
2025-12-26 17:45:00+00:00,13621,L,4510.05,40.30000000000018,6,1,297,297
2025-12-28 23:15:00+00:00,13639,H,4550.45,40.399999999999636,18,1,298,297
2025-12-29 00:30:00+00:00,13644,L,4471.45,79.0,5,0,298,298
2025-12-29 03:45:00+00:00,13657,H,4520.55,49.100000000000364,13,-1,299,298
2025-12-29 07:15:00+00:00,13671,L,4445.13,75.42000000000007,14,-1,299,299
2025-12-29 08:30:00+00:00,13676,H,4488.88,43.75,5,-1,300,299
2025-12-29 11:45:00+00:00,13689,L,4434.21,54.67000000000007,13,-1,300,300
2025-12-29 13:15:00+00:00,13695,H,4468.05,33.840000000000146,6,-1,301,300
2025-12-29 15:30:00+00:00,13704,L,4303.14,164.90999999999985,9,-1,301,301
2025-12-30 08:00:00+00:00,13766,H,4383.64,80.5,62,-1,302,301
2025-12-30 08:30:00+00:00,13768,L,4350.09,33.55000000000018,2,0,302,302
2025-12-30 13:15:00+00:00,13787,H,4404.47,54.38000000000011,19,1,303,302
2025-12-30 23:45:00+00:00,13825,L,4328.8,75.67000000000007,38,0,303,303
2025-12-31 02:00:00+00:00,13834,H,4373.75,44.94999999999982,9,-1,304,303
2025-12-31 06:15:00+00:00,13851,L,4274.23,99.52000000000044,17,-1,304,304
2025-12-31 09:45:00+00:00,13865,H,4337.42,63.19000000000051,14,-1,305,304
2025-12-31 12:30:00+00:00,13876,L,4303.07,34.350000000000364,11,0,305,305
2025-12-31 15:00:00+00:00,13886,H,4353.73,50.659999999999854,10,1,306,305
2025-12-31 20:15:00+00:00,13907,L,4304.41,49.31999999999971,21,1,306,306
2026-01-02 13:30:00+00:00,13973,H,4402.68,98.27000000000044,66,1,307,306
2026-01-02 18:45:00+00:00,13994,L,4309.95,92.73000000000047,21,1,307,307
2026-01-05 11:00:00+00:00,14055,H,4440.15,130.19999999999982,61,1,308,307
2026-01-05 13:30:00+00:00,14065,L,4396.13,44.01999999999953,10,1,308,308
2026-01-05 23:15:00+00:00,14100,H,4460.53,64.39999999999964,35,1,309,308
2026-01-06 01:15:00+00:00,14108,L,4427.84,32.6899999999996,8,1,309,309
2026-01-06 05:45:00+00:00,14126,H,4474.71,46.86999999999989,18,1,310,309
2026-01-06 10:15:00+00:00,14144,L,4442.6,32.10999999999967,18,1,310,310
2026-01-06 23:30:00+00:00,14193,H,4500.62,58.01999999999953,49,1,311,310
2026-01-07 07:00:00+00:00,14223,L,4441.58,59.039999999999964,30,0,311,311
2026-01-07 08:45:00+00:00,14230,H,4475.05,33.470000000000255,7,-1,312,311
2026-01-07 15:30:00+00:00,14257,L,4423.42,51.63000000000011,27,-1,312,312
2026-01-07 17:00:00+00:00,14263,H,4468.72,45.30000000000018,6,-1,313,312
2026-01-08 05:45:00+00:00,14310,L,4415.68,53.039999999999964,47,-1,313,313
2026-01-08 07:15:00+00:00,14316,H,4440.05,24.36999999999989,6,-1,314,313
2026-01-08 12:30:00+00:00,14337,L,4407.47,32.57999999999993,21,-1,314,314
2026-01-08 23:15:00+00:00,14376,H,4484.52,77.05000000000018,39,0,315,314
2026-01-09 01:15:00+00:00,14384,L,4452.7,31.82000000000062,8,1,315,315
2026-01-09 02:15:00+00:00,14388,H,4476.64,23.94000000000051,4,0,316,315
2026-01-09 05:30:00+00:00,14401,L,4458.03,18.610000000000582,13,0,316,316
2026-01-09 12:15:00+00:00,14428,H,4480.68,22.650000000000546,27,1,317,316
2026-01-09 13:30:00+00:00,14433,L,4458.34,22.340000000000146,5,1,317,317
2026-01-09 15:45:00+00:00,14442,H,4517.46,59.11999999999989,9,1,318,317
2026-01-09 18:00:00+00:00,14451,L,4481.86,35.600000000000364,9,1,318,318
2026-01-12 01:00:00+00:00,14475,H,4601.5,119.64000000000033,24,1,319,318
2026-01-12 04:45:00+00:00,14490,L,4563.26,38.23999999999978,15,1,319,319
2026-01-12 09:30:00+00:00,14509,H,4599.54,36.279999999999745,19,0,320,319
2026-01-12 12:30:00+00:00,14521,L,4578.48,21.0600000000004,12,0,320,320
2026-01-12 14:00:00+00:00,14527,H,4620.53,42.05000000000018,6,1,321,320
2026-01-12 14:30:00+00:00,14529,L,4584.85,35.67999999999938,2,1,321,321
2026-01-12 16:30:00+00:00,14537,H,4630.37,45.51999999999953,8,1,322,321
2026-01-13 01:45:00+00:00,14570,L,4575.53,54.840000000000146,33,0,322,322
2026-01-13 05:30:00+00:00,14585,H,4602.29,26.76000000000022,15,-1,323,322
2026-01-13 06:45:00+00:00,14590,L,4573.67,28.61999999999989,5,-1,323,323
2026-01-13 15:00:00+00:00,14623,H,4634.74,61.06999999999971,33,0,324,323
2026-01-13 20:45:00+00:00,14646,L,4570.14,64.59999999999945,23,0,324,324
2026-01-14 13:00:00+00:00,14707,H,4641.95,71.80999999999949,61,0,325,324
2026-01-14 15:15:00+00:00,14716,L,4599.46,42.48999999999978,9,1,325,325
2026-01-14 19:15:00+00:00,14732,H,4643.2,43.73999999999978,16,1,326,325
2026-01-15 01:45:00+00:00,14754,L,4583.57,59.63000000000011,22,0,326,326
2026-01-15 02:45:00+00:00,14758,H,4614.67,31.100000000000364,4,-1,327,326
2026-01-15 03:30:00+00:00,14761,L,4581.02,33.649999999999636,3,-1,327,327
2026-01-15 11:45:00+00:00,14794,H,4623.21,42.1899999999996,33,0,328,327
2026-01-15 14:00:00+00:00,14803,L,4582.41,40.80000000000018,9,1,328,328
2026-01-15 16:30:00+00:00,14813,H,4624.69,42.279999999999745,10,1,329,328
2026-01-15 20:30:00+00:00,14829,L,4600.8,23.889999999999418,16,1,329,329
2026-01-15 23:15:00+00:00,14836,H,4621.01,20.210000000000036,7,0,330,329
2026-01-16 02:45:00+00:00,14850,L,4591.21,29.800000000000182,14,-1,330,330
2026-01-16 06:00:00+00:00,14863,H,4616.4,25.1899999999996,13,-1,331,330
2026-01-16 07:00:00+00:00,14867,L,4594.25,22.149999999999636,4,0,331,331
2026-01-16 11:45:00+00:00,14886,H,4616.08,21.829999999999927,19,0,332,331
2026-01-16 13:30:00+00:00,14893,L,4582.64,33.4399999999996,7,-1,332,332
2026-01-16 15:15:00+00:00,14900,H,4620.49,37.849999999999454,7,0,333,332
2026-01-16 15:45:00+00:00,14902,L,4536.86,83.63000000000011,2,0,333,333
2026-01-18 23:45:00+00:00,14930,H,4691.81,154.95000000000073,28,0,334,333
2026-01-19 04:00:00+00:00,14947,L,4658.34,33.470000000000255,17,1,334,334
2026-01-19 07:00:00+00:00,14959,H,4679.25,20.909999999999854,12,0,335,334
2026-01-19 12:00:00+00:00,14979,L,4659.75,19.5,20,0,335,335
2026-01-19 18:30:00+00:00,15005,H,4680.53,20.779999999999745,26,1,336,335
2026-01-20 00:30:00+00:00,15015,L,4659.59,20.9399999999996,10,0,336,336
2026-01-20 10:00:00+00:00,15053,H,4737.64,78.05000000000018,38,0,337,336
2026-01-20 13:45:00+00:00,15068,L,4715.29,22.350000000000364,15,1,337,337
2026-01-21 06:30:00+00:00,15131,H,4888.45,173.15999999999985,63,1,338,337
2026-01-21 07:30:00+00:00,15135,L,4832.51,55.9399999999996,4,1,338,338
2026-01-21 14:00:00+00:00,15161,H,4880.99,48.47999999999956,26,0,339,338
2026-01-21 17:45:00+00:00,15176,L,4802.52,78.46999999999935,15,-1,339,339
2026-01-21 19:30:00+00:00,15183,H,4854.1,51.57999999999993,7,-1,340,339
2026-01-21 20:00:00+00:00,15185,L,4756.0,98.10000000000036,2,-1,340,340
2026-01-21 22:00:00+00:00,15193,H,4840.04,84.03999999999996,8,-1,341,340
2026-01-22 01:15:00+00:00,15202,L,4772.37,67.67000000000007,9,0,341,341
2026-01-22 07:45:00+00:00,15228,H,4838.52,66.15000000000055,26,0,342,341
2026-01-22 14:00:00+00:00,15253,L,4810.56,27.960000000000036,25,0,342,342
2026-01-23 06:00:00+00:00,15313,H,4967.55,156.98999999999978,60,1,343,342
2026-01-23 09:30:00+00:00,15327,L,4899.58,67.97000000000025,14,1,343,343
2026-01-26 02:45:00+00:00,15392,H,5093.25,193.67000000000007,65,1,344,343
2026-01-26 05:30:00+00:00,15403,L,5052.51,40.73999999999978,11,1,344,344
2026-01-26 07:00:00+00:00,15409,H,5111.19,58.67999999999938,6,1,345,344
2026-01-26 13:45:00+00:00,15436,L,5054.44,56.75,27,1,345,345
2026-01-26 18:00:00+00:00,15453,H,5105.16,50.720000000000255,17,0,346,345
2026-01-26 21:45:00+00:00,15468,L,4989.71,115.44999999999982,15,-1,346,346
2026-01-27 07:45:00+00:00,15504,H,5100.94,111.22999999999956,36,-1,347,346
2026-01-27 14:30:00+00:00,15531,L,5046.75,54.1899999999996,27,0,347,347
2026-01-28 08:45:00+00:00,15600,H,5311.78,265.02999999999975,69,1,348,347
2026-01-28 11:15:00+00:00,15610,L,5238.49,73.28999999999996,10,1,348,348
2026-01-28 18:30:00+00:00,15639,H,5326.28,87.78999999999996,29,1,349,348
2026-01-29 15:30:00+00:00,15719,L,5100.59,225.6899999999996,80,0,349,349
2026-01-30 00:15:00+00:00,15750,H,5451.24,350.64999999999964,31,0,350,349
2026-01-30 10:00:00+00:00,15789,L,4940.45,510.78999999999996,39,0,350,350
2026-01-30 12:15:00+00:00,15798,H,5146.83,206.3800000000001,9,-1,351,350
2026-01-30 18:45:00+00:00,15824,L,4680.83,466.0,26,-1,351,351
2026-01-30 20:00:00+00:00,15829,H,4949.11,268.27999999999975,5,-1,352,351
2026-02-01 23:30:00+00:00,15839,L,4693.95,255.15999999999985,10,0,352,352
2026-02-02 00:30:00+00:00,15843,H,4886.2,192.25,4,0,353,352
2026-02-02 06:45:00+00:00,15868,L,4401.59,484.6099999999997,25,-1,353,353
2026-02-02 13:00:00+00:00,15893,H,4813.41,411.8199999999997,25,-1,354,353
2026-02-02 16:15:00+00:00,15906,L,4596.4,217.01000000000022,13,0,354,354
2026-02-03 16:45:00+00:00,16000,H,4994.57,398.1700000000001,94,1,355,354
2026-02-03 19:15:00+00:00,16010,L,4880.88,113.6899999999996,10,1,355,355
2026-02-04 08:15:00+00:00,16058,H,5093.01,212.1300000000001,48,1,356,355
2026-02-04 17:00:00+00:00,16093,L,4852.55,240.46000000000004,35,0,356,356
2026-02-04 23:45:00+00:00,16116,H,5024.74,172.1899999999996,23,-1,357,356
2026-02-05 03:00:00+00:00,16129,L,4788.31,236.42999999999938,13,-1,357,357
2026-02-05 08:15:00+00:00,16150,H,4944.4,156.08999999999924,21,-1,358,357
2026-02-05 16:00:00+00:00,16181,L,4799.5,144.89999999999964,31,0,358,358
2026-02-05 17:00:00+00:00,16185,H,4907.73,108.22999999999956,4,0,359,358
2026-02-06 00:30:00+00:00,16211,L,4654.55,253.17999999999938,26,-1,359,359
2026-02-09 00:00:00+00:00,16301,H,5047.87,393.3199999999997,90,0,360,359
2026-02-09 10:30:00+00:00,16343,L,4981.58,66.28999999999996,42,1,360,360
2026-02-09 20:45:00+00:00,16384,H,5087.51,105.93000000000029,41,1,361,360
2026-02-09 23:15:00+00:00,16390,L,4986.1,101.40999999999985,6,1,361,361
2026-02-10 02:30:00+00:00,16403,H,5056.91,70.80999999999949,13,0,362,361
2026-02-10 05:30:00+00:00,16415,L,5011.18,45.72999999999956,12,0,362,362
2026-02-10 09:15:00+00:00,16430,H,5063.59,52.409999999999854,15,1,363,362
2026-02-10 13:00:00+00:00,16445,L,5019.67,43.92000000000007,15,1,363,363
2026-02-10 14:45:00+00:00,16452,H,5079.01,59.340000000000146,7,1,364,363
2026-02-10 15:45:00+00:00,16456,L,4999.23,79.78000000000065,4,0,364,364
2026-02-11 12:00:00+00:00,16533,H,5119.79,120.5600000000004,77,0,365,364
2026-02-11 13:45:00+00:00,16540,L,5017.55,102.23999999999978,7,1,365,365
2026-02-11 17:45:00+00:00,16556,H,5099.7,82.14999999999964,16,0,366,365
2026-02-12 01:15:00+00:00,16582,L,5045.26,54.4399999999996,26,0,366,366
2026-02-12 10:00:00+00:00,16617,H,5080.94,35.67999999999938,35,0,367,366
2026-02-12 13:00:00+00:00,16629,L,5048.77,32.16999999999916,12,0,367,367
2026-02-12 14:00:00+00:00,16633,H,5084.43,35.659999999999854,4,1,368,367
2026-02-12 16:30:00+00:00,16643,L,4878.0,206.4300000000003,10,0,368,368
2026-02-12 17:30:00+00:00,16647,H,4982.75,104.75,4,-1,369,368
2026-02-12 23:15:00+00:00,16666,L,4882.6,100.14999999999964,19,0,369,369
2026-02-13 04:30:00+00:00,16687,H,4998.11,115.50999999999931,21,1,370,369
2026-02-13 11:30:00+00:00,16715,L,4933.85,64.25999999999931,28,1,370,370
2026-02-13 19:15:00+00:00,16746,H,5046.64,112.78999999999996,31,1,371,370
2026-02-16 05:15:00+00:00,16782,L,4965.46,81.18000000000029,36,1,371,371
2026-02-16 10:15:00+00:00,16802,H,5018.09,52.63000000000011,20,0,372,371
2026-02-16 15:15:00+00:00,16822,L,4968.52,49.56999999999971,20,0,372,372
2026-02-16 23:30:00+00:00,16841,H,5002.06,33.539999999999964,19,0,373,372
2026-02-17 01:15:00+00:00,16848,L,4922.07,79.99000000000069,7,-1,373,373
2026-02-17 02:30:00+00:00,16853,H,4971.51,49.44000000000051,5,-1,374,373
2026-02-17 05:45:00+00:00,16866,L,4856.55,114.96000000000004,13,-1,374,374
2026-02-17 12:15:00+00:00,16892,H,4945.02,88.47000000000025,26,-1,375,374
2026-02-17 14:15:00+00:00,16900,L,4840.29,104.73000000000047,8,-1,375,375
2026-02-17 19:00:00+00:00,16919,H,4911.97,71.68000000000029,19,-1,376,375
2026-02-18 00:00:00+00:00,16935,L,4853.14,58.82999999999993,16,0,376,376
2026-02-18 07:30:00+00:00,16965,H,4943.17,90.02999999999975,30,1,377,376
2026-02-18 12:00:00+00:00,16983,L,4905.99,37.18000000000029,18,1,377,377
2026-02-18 17:00:00+00:00,17003,H,5011.4,105.40999999999985,20,1,378,377
2026-02-18 23:15:00+00:00,17024,L,4955.68,55.719999999999345,21,1,378,378
2026-02-19 09:00:00+00:00,17063,H,5023.12,67.4399999999996,39,1,379,378
2026-02-19 14:45:00+00:00,17086,L,4963.18,59.9399999999996,23,1,379,379
2026-02-19 15:45:00+00:00,17090,H,5023.35,60.17000000000007,4,1,380,379
2026-02-19 18:45:00+00:00,17102,L,4974.86,48.49000000000069,12,1,380,380
2026-02-20 01:15:00+00:00,17124,H,5015.55,40.69000000000051,22,0,381,380
2026-02-20 03:45:00+00:00,17134,L,4980.61,34.94000000000051,10,0,381,381
2026-02-20 09:30:00+00:00,17157,H,5043.23,62.61999999999989,23,1,382,381
2026-02-20 12:45:00+00:00,17170,L,5006.25,36.97999999999956,13,1,382,382
2026-02-23 02:45:00+00:00,17222,H,5177.89,171.64000000000033,52,1,383,382
2026-02-23 08:45:00+00:00,17246,L,5122.32,55.57000000000062,24,1,383,383
2026-02-23 23:15:00+00:00,17300,H,5251.39,129.07000000000062,54,1,384,383
2026-02-24 01:30:00+00:00,17309,L,5144.12,107.27000000000044,9,1,384,384
2026-02-24 06:00:00+00:00,17327,H,5186.93,42.8100000000004,18,0,385,384
2026-02-24 14:15:00+00:00,17360,L,5091.11,95.82000000000062,33,-1,385,385
2026-02-24 20:45:00+00:00,17386,H,5173.54,82.43000000000029,26,-1,386,385
2026-02-24 23:15:00+00:00,17392,L,5118.06,55.47999999999956,6,0,386,386
2026-02-25 06:00:00+00:00,17419,H,5211.55,93.48999999999978,27,1,387,386
2026-02-25 11:30:00+00:00,17441,L,5155.02,56.529999999999745,22,1,387,387
2026-02-25 13:30:00+00:00,17449,H,5192.28,37.25999999999931,8,0,388,387
2026-02-25 14:45:00+00:00,17454,L,5157.96,34.31999999999971,5,0,388,388
2026-02-25 17:15:00+00:00,17464,H,5218.42,60.460000000000036,10,1,389,388
2026-02-25 21:00:00+00:00,17479,L,5143.21,75.21000000000004,15,0,389,389
2026-02-26 05:30:00+00:00,17509,H,5206.79,63.57999999999993,30,-1,390,389
2026-02-26 12:15:00+00:00,17536,L,5157.37,49.42000000000007,27,0,390,390
2026-02-26 12:45:00+00:00,17538,H,5188.44,31.06999999999971,2,0,391,390
2026-02-26 15:30:00+00:00,17549,L,5128.58,59.85999999999967,11,-1,391,391
2026-02-26 21:00:00+00:00,17571,H,5201.8,73.22000000000025,22,0,392,391
2026-02-27 10:45:00+00:00,17622,L,5168.56,33.23999999999978,51,1,392,392
2026-03-01 23:45:00+00:00,17670,H,5395.11,226.54999999999927,48,1,393,392
2026-03-02 01:30:00+00:00,17677,L,5301.54,93.56999999999971,7,1,393,393
2026-03-02 07:30:00+00:00,17701,H,5420.08,118.53999999999996,24,1,394,393
2026-03-02 16:15:00+00:00,17736,L,5259.87,160.21000000000004,35,0,394,394
2026-03-03 01:30:00+00:00,17769,H,5380.99,121.11999999999989,33,-1,395,394
2026-03-03 11:45:00+00:00,17810,L,5073.01,307.97999999999956,41,-1,395,395
2026-03-03 13:00:00+00:00,17815,H,5227.46,154.44999999999982,5,-1,396,395
2026-03-03 15:30:00+00:00,17825,L,4995.3,232.15999999999985,10,-1,396,396
2026-03-03 19:15:00+00:00,17840,H,5149.95,154.64999999999964,15,-1,397,396
2026-03-03 22:00:00+00:00,17851,L,5078.97,70.97999999999956,11,0,397,397
2026-03-04 02:15:00+00:00,17864,H,5191.83,112.85999999999967,13,1,398,397
2026-03-04 06:15:00+00:00,17880,L,5118.62,73.21000000000004,16,1,398,398
2026-03-04 12:15:00+00:00,17904,H,5207.13,88.51000000000022,24,1,399,398
2026-03-04 18:45:00+00:00,17930,L,5108.19,98.94000000000051,26,0,399,399
2026-03-05 03:15:00+00:00,17960,H,5196.06,87.8700000000008,30,-1,400,399
2026-03-05 06:15:00+00:00,17972,L,5120.08,75.98000000000047,12,0,400,400
2026-03-05 09:15:00+00:00,17984,H,5181.78,61.69999999999982,12,0,401,400
2026-03-05 13:30:00+00:00,18001,L,5076.37,105.40999999999985,17,-1,401,401
2026-03-06 02:00:00+00:00,18047,H,5144.03,67.65999999999985,46,-1,402,401
2026-03-06 12:00:00+00:00,18087,L,5062.37,81.65999999999985,40,-1,402,402
2026-03-08 22:15:00+00:00,18128,H,5198.06,135.6900000000005,41,0,403,402
2026-03-09 01:15:00+00:00,18140,L,5013.4,184.66000000000076,12,0,403,403
2026-03-09 06:00:00+00:00,18159,H,5141.79,128.39000000000033,19,-1,404,403
2026-03-09 14:15:00+00:00,18192,L,5060.23,81.5600000000004,33,0,404,404
2026-03-10 02:00:00+00:00,18235,H,5187.39,127.16000000000076,43,1,405,404
2026-03-10 07:30:00+00:00,18257,L,5158.5,28.890000000000327,22,1,405,405
2026-03-10 09:00:00+00:00,18263,H,5195.44,36.9399999999996,6,1,406,405
2026-03-10 10:45:00+00:00,18270,L,5156.6,38.839999999999236,7,0,406,406
2026-03-10 15:45:00+00:00,18290,H,5239.31,82.71000000000004,20,0,407,406
2026-03-10 18:30:00+00:00,18301,L,5159.54,79.77000000000044,11,1,407,407
2026-03-11 01:15:00+00:00,18324,H,5223.78,64.23999999999978,23,0,408,407
2026-03-11 14:00:00+00:00,18375,L,5148.64,75.13999999999942,51,-1,408,408
2026-03-11 14:30:00+00:00,18377,H,5196.36,47.719999999999345,2,-1,409,408
2026-03-11 17:45:00+00:00,18390,L,5154.12,42.23999999999978,13,0,409,409
2026-03-11 22:15:00+00:00,18404,H,5186.11,31.98999999999978,14,0,410,409
2026-03-12 00:15:00+00:00,18412,L,5125.07,61.039999999999964,8,-1,410,410
2026-03-12 02:30:00+00:00,18421,H,5175.49,50.42000000000007,9,-1,411,410
2026-03-12 05:30:00+00:00,18433,L,5136.86,38.63000000000011,12,0,411,411
2026-03-12 10:15:00+00:00,18452,H,5192.06,55.20000000000073,19,1,412,411
2026-03-12 20:30:00+00:00,18493,L,5053.85,138.21000000000004,41,0,412,412
2026-03-13 02:00:00+00:00,18511,H,5129.23,75.3799999999992,18,-1,413,412
2026-03-13 08:30:00+00:00,18537,L,5060.94,68.28999999999996,26,0,413,413
2026-03-13 13:15:00+00:00,18556,H,5122.23,61.289999999999964,19,0,414,413
2026-03-15 23:30:00+00:00,18593,L,4966.13,156.09999999999945,37,-1,414,414
2026-03-16 01:00:00+00:00,18599,H,5031.36,65.22999999999956,6,-1,415,414
2026-03-16 05:45:00+00:00,18618,L,5003.15,28.210000000000036,19,0,415,415
2026-03-16 06:30:00+00:00,18621,H,5036.34,33.19000000000051,3,1,416,415
2026-03-16 10:15:00+00:00,18636,L,4969.98,66.36000000000058,15,0,416,416
2026-03-16 14:15:00+00:00,18652,H,5038.38,68.40000000000055,16,0,417,416
2026-03-16 16:45:00+00:00,18662,L,4973.92,64.46000000000004,10,1,417,417
2026-03-17 05:30:00+00:00,18709,H,5044.66,70.73999999999978,47,1,418,417
2026-03-17 10:45:00+00:00,18730,L,4991.98,52.68000000000029,21,1,418,418
2026-03-17 13:45:00+00:00,18742,H,5031.7,39.720000000000255,12,0,419,418
2026-03-17 15:45:00+00:00,18750,L,4973.69,58.01000000000022,8,-1,419,419
2026-03-18 01:30:00+00:00,18785,H,5016.01,42.32000000000062,35,-1,420,419
2026-03-18 04:45:00+00:00,18798,L,4981.76,34.25,13,0,420,420
2026-03-18 06:45:00+00:00,18806,H,5016.58,34.81999999999971,8,1,421,420
2026-03-18 13:30:00+00:00,18833,L,4834.01,182.5699999999997,27,0,421,421
2026-03-18 18:00:00+00:00,18851,H,4899.58,65.56999999999971,18,-1,422,421
2026-03-18 22:30:00+00:00,18865,L,4803.37,96.21000000000004,14,-1,422,422
2026-03-19 01:45:00+00:00,18878,H,4867.57,64.19999999999982,13,-1,423,422
2026-03-19 13:15:00+00:00,18924,L,4501.81,365.7599999999993,46,-1,423,423
2026-03-20 03:30:00+00:00,18977,H,4737.41,235.59999999999945,53,-1,424,423
2026-03-20 06:45:00+00:00,18990,L,4661.38,76.02999999999975,13,0,424,424
2026-03-20 08:30:00+00:00,18997,H,4735.18,73.80000000000018,7,0,425,424
2026-03-20 11:15:00+00:00,19008,L,4637.1,98.07999999999993,11,-1,425,425
2026-03-20 12:15:00+00:00,19012,H,4695.93,58.82999999999993,4,-1,426,425
2026-03-22 22:15:00+00:00,19048,L,4447.56,248.3699999999999,36,-1,426,426
2026-03-25 03:00:00+00:00,19251,H,4603.55,155.98999999999978,203,-1,427,426
2026-03-25 10:00:00+00:00,19279,L,4527.46,76.09000000000015,28,0,427,427
2026-03-25 11:45:00+00:00,19286,H,4586.16,58.69999999999982,7,0,428,427
2026-03-25 12:45:00+00:00,19290,L,4521.8,64.35999999999967,4,-1,428,428
2026-03-25 15:00:00+00:00,19299,H,4579.39,57.590000000000146,9,-1,429,428
2026-03-25 19:15:00+00:00,19316,L,4486.68,92.71000000000004,17,-1,429,429
2026-03-26 01:15:00+00:00,19336,H,4544.98,58.29999999999927,20,-1,430,429
2026-03-26 08:45:00+00:00,19366,L,4411.8,133.17999999999938,30,-1,430,430
2026-03-26 14:45:00+00:00,19390,H,4479.47,67.67000000000007,24,-1,431,430
2026-03-26 20:15:00+00:00,19412,L,4351.15,128.32000000000062,22,-1,431,431
2026-03-27 05:45:00+00:00,19446,H,4475.34,124.19000000000051,34,-1,432,431
2026-03-27 11:15:00+00:00,19468,L,4403.93,71.40999999999985,22,0,432,432
2026-03-27 15:30:00+00:00,19485,H,4556.4,152.46999999999935,17,1,433,432
2026-03-30 00:15:00+00:00,19516,L,4418.12,138.27999999999975,31,1,433,433
2026-03-30 12:00:00+00:00,19563,H,4581.63,163.51000000000022,47,1,434,433
2026-03-31 00:30:00+00:00,19609,L,4482.68,98.94999999999982,46,1,434,434
2026-03-31 01:45:00+00:00,19614,H,4620.05,137.3699999999999,5,1,435,434
2026-03-31 10:45:00+00:00,19650,L,4529.36,90.69000000000051,36,1,435,435
2026-04-01 01:00:00+00:00,19703,H,4724.26,194.90000000000055,53,1,436,435
2026-04-01 04:30:00+00:00,19717,L,4666.9,57.36000000000058,14,1,436,436
2026-04-01 11:45:00+00:00,19746,H,4764.11,97.21000000000004,29,1,437,436
2026-04-01 13:15:00+00:00,19752,L,4715.62,48.48999999999978,6,1,437,437
2026-04-01 17:15:00+00:00,19768,H,4794.02,78.40000000000055,16,1,438,437
2026-04-01 18:45:00+00:00,19774,L,4742.05,51.970000000000255,6,1,438,438
2026-04-01 23:30:00+00:00,19789,H,4800.89,58.840000000000146,15,1,439,438
2026-04-02 06:15:00+00:00,19816,L,4553.19,247.70000000000073,27,0,439,439
2026-04-02 08:00:00+00:00,19823,H,4652.08,98.89000000000033,7,-1,440,439
2026-04-02 13:30:00+00:00,19845,L,4580.31,71.76999999999953,22,0,440,440
2026-04-02 14:45:00+00:00,19850,H,4699.81,119.5,5,1,441,440
2026-04-02 18:15:00+00:00,19864,L,4647.31,52.5,14,1,441,441
2026-04-02 21:00:00+00:00,19875,H,4681.58,34.26999999999953,11,0,442,441
2026-04-06 00:30:00+00:00,19885,L,4599.88,81.69999999999982,10,-1,442,442
2026-04-06 09:45:00+00:00,19922,H,4706.89,107.01000000000022,37,0,443,442
2026-04-07 01:00:00+00:00,19979,L,4625.3,81.59000000000015,57,1,443,443
2026-04-07 09:30:00+00:00,20013,H,4695.34,70.03999999999996,34,0,444,443
2026-04-07 14:15:00+00:00,20032,L,4607.15,88.19000000000051,19,-1,444,444
2026-04-08 00:15:00+00:00,20068,H,4859.54,252.39000000000033,36,0,445,444
2026-04-08 04:30:00+00:00,20085,L,4789.23,70.3100000000004,17,1,445,445
2026-04-08 06:00:00+00:00,20091,H,4843.84,54.61000000000058,6,0,446,445
2026-04-09 00:15:00+00:00,20160,L,4697.81,146.02999999999975,69,-1,446,446
2026-04-09 17:45:00+00:00,20230,H,4801.63,103.81999999999971,70,-1,447,446
2026-04-10 00:30:00+00:00,20253,L,4750.39,51.23999999999978,23,0,447,447
2026-04-10 01:45:00+00:00,20258,H,4777.83,27.4399999999996,5,0,448,447
2026-04-10 02:45:00+00:00,20262,L,4737.1,40.72999999999956,4,-1,448,448
2026-04-10 04:30:00+00:00,20269,H,4771.56,34.460000000000036,7,-1,449,448
2026-04-10 09:00:00+00:00,20287,L,4730.34,41.220000000000255,18,-1,449,449
2026-04-10 14:45:00+00:00,20310,H,4795.39,65.05000000000018,23,0,450,449
2026-04-12 22:30:00+00:00,20337,L,4643.29,152.10000000000036,27,0,450,450
2026-04-13 08:00:00+00:00,20375,H,4740.31,97.02000000000044,38,-1,451,450
2026-04-13 12:15:00+00:00,20392,L,4703.21,37.100000000000364,17,0,451,451
2026-04-13 14:00:00+00:00,20399,H,4745.47,42.26000000000022,7,1,452,451
2026-04-13 15:15:00+00:00,20404,L,4699.7,45.77000000000044,5,0,452,452
2026-04-14 07:15:00+00:00,20464,H,4797.03,97.32999999999993,60,0,453,452
2026-04-14 10:45:00+00:00,20478,L,4751.45,45.57999999999993,14,1,453,453
2026-04-14 22:15:00+00:00,20520,H,4853.9,102.44999999999982,42,1,454,453
2026-04-15 00:45:00+00:00,20530,L,4826.95,26.949999999999818,10,1,454,454
2026-04-15 01:30:00+00:00,20533,H,4871.82,44.86999999999989,3,1,455,454
2026-04-15 10:00:00+00:00,20567,L,4785.94,85.88000000000011,34,0,455,455
2026-04-15 14:30:00+00:00,20585,H,4830.6,44.660000000000764,18,-1,456,455
2026-04-15 15:45:00+00:00,20590,L,4786.73,43.8700000000008,5,0,456,456
2026-04-16 01:00:00+00:00,20623,H,4838.06,51.33000000000084,33,1,457,456
2026-04-16 01:45:00+00:00,20626,L,4811.14,26.920000000000073,3,1,457,457
2026-04-16 05:15:00+00:00,20640,H,4838.5,27.359999999999673,14,1,458,457
2026-04-16 14:45:00+00:00,20678,L,4772.89,65.60999999999967,38,0,458,458
2026-04-17 01:00:00+00:00,20715,H,4801.6,28.710000000000036,37,-1,459,458
2026-04-17 01:30:00+00:00,20717,L,4767.16,34.44000000000051,2,-1,459,459
2026-04-17 05:15:00+00:00,20732,H,4806.76,39.600000000000364,15,0,460,459
2026-04-17 08:00:00+00:00,20743,L,4778.63,28.13000000000011,11,1,460,460
2026-04-17 13:15:00+00:00,20764,H,4886.76,108.13000000000011,21,1,461,460
2026-04-20 00:00:00+00:00,20803,L,4736.48,150.28000000000065,39,0,461,461
2026-04-20 02:00:00+00:00,20811,H,4814.68,78.20000000000073,8,-1,462,461
2026-04-20 05:45:00+00:00,20826,L,4779.62,35.0600000000004,15,0,462,462
2026-04-20 22:30:00+00:00,20889,H,4833.35,53.73000000000047,63,1,463,462
2026-04-21 07:15:00+00:00,20924,L,4772.06,61.289999999999964,35,0,463,463
2026-04-21 12:00:00+00:00,20943,H,4798.4,26.339999999999236,19,-1,464,463
2026-04-21 19:45:00+00:00,20974,L,4668.13,130.26999999999953,31,-1,464,464
2026-04-22 07:15:00+00:00,21016,H,4772.74,104.60999999999967,42,-1,465,464
2026-04-22 16:30:00+00:00,21053,L,4723.85,48.88999999999942,37,0,465,465
2026-04-22 19:00:00+00:00,21063,H,4749.5,25.649999999999636,10,0,466,465
2026-04-23 00:30:00+00:00,21081,L,4693.46,56.039999999999964,18,-1,466,466
2026-04-23 01:00:00+00:00,21083,H,4754.38,60.92000000000007,2,0,467,466
2026-04-23 05:30:00+00:00,21101,L,4691.92,62.460000000000036,18,0,467,467
2026-04-23 08:00:00+00:00,21111,H,4725.27,33.350000000000364,10,-1,468,467
2026-04-23 10:30:00+00:00,21121,L,4684.1,41.17000000000007,10,-1,468,468
2026-04-23 13:00:00+00:00,21131,H,4743.56,59.460000000000036,10,0,469,468
2026-04-23 18:00:00+00:00,21151,L,4663.41,80.15000000000055,20,0,469,469
2026-04-24 14:15:00+00:00,21228,H,4740.45,77.03999999999996,77,-1,470,469
2026-04-27 00:15:00+00:00,21264,L,4672.18,68.26999999999953,36,0,470,470
2026-04-27 04:45:00+00:00,21282,H,4730.46,58.279999999999745,18,0,471,470
2026-04-27 16:15:00+00:00,21328,L,4667.2,63.26000000000022,46,-1,471,471
2026-04-28 00:15:00+00:00,21356,H,4701.59,34.39000000000033,28,-1,472,471
2026-04-28 12:15:00+00:00,21404,L,4554.39,147.19999999999982,48,-1,472,472
2026-04-29 00:15:00+00:00,21448,H,4610.63,56.23999999999978,44,-1,473,472
2026-04-29 01:15:00+00:00,21452,L,4576.68,33.94999999999982,4,0,473,473
2026-04-29 05:15:00+00:00,21468,H,4608.12,31.4399999999996,16,0,474,473
2026-04-29 14:00:00+00:00,21503,L,4510.13,97.98999999999978,35,-1,474,474
2026-04-29 16:15:00+00:00,21512,H,4565.3,55.17000000000007,9,-1,475,474
2026-04-29 18:45:00+00:00,21522,L,4517.64,47.659999999999854,10,0,475,475
2026-04-30 02:00:00+00:00,21547,H,4582.89,65.25,25,1,476,475
2026-04-30 04:45:00+00:00,21558,L,4540.48,42.410000000000764,11,1,476,476
2026-04-30 10:30:00+00:00,21581,H,4647.05,106.57000000000062,23,1,477,476
2026-04-30 17:00:00+00:00,21607,L,4604.94,42.11000000000058,26,1,477,477
2026-04-30 23:45:00+00:00,21630,H,4634.37,29.43000000000029,23,0,478,477
2026-05-01 01:30:00+00:00,21637,L,4613.15,21.220000000000255,7,0,478,478
2026-05-01 02:30:00+00:00,21641,H,4636.61,23.460000000000036,4,1,479,478
2026-05-01 10:00:00+00:00,21671,L,4559.74,76.86999999999989,30,0,479,479
2026-05-01 14:15:00+00:00,21688,H,4660.56,100.82000000000062,17,0,480,479
2026-05-04 10:30:00+00:00,21765,L,4525.97,134.59000000000015,77,0,480,480
2026-05-04 14:45:00+00:00,21782,H,4583.76,57.789999999999964,17,-1,481,480
2026-05-04 16:15:00+00:00,21788,L,4500.67,83.09000000000015,6,-1,481,481
2026-05-05 14:30:00+00:00,21873,H,4586.75,86.07999999999993,85,0,482,481
2026-05-05 22:30:00+00:00,21901,L,4546.26,40.48999999999978,28,1,482,482
2026-05-06 11:00:00+00:00,21951,H,4723.24,176.97999999999956,50,1,483,482
2026-05-06 12:30:00+00:00,21957,L,4660.22,63.01999999999953,6,1,483,483
2026-05-06 14:15:00+00:00,21964,H,4717.65,57.42999999999938,7,0,484,483
2026-05-06 17:45:00+00:00,21978,L,4678.65,39.0,14,0,484,484
2026-05-07 02:00:00+00:00,22007,H,4721.46,42.8100000000004,29,1,485,484
2026-05-07 04:45:00+00:00,22018,L,4692.0,29.460000000000036,11,1,485,485
2026-05-07 15:00:00+00:00,22059,H,4765.01,73.01000000000022,41,1,486,485
2026-05-07 23:00:00+00:00,22087,L,4681.07,83.94000000000051,28,0,486,486
2026-05-08 06:30:00+00:00,22117,H,4734.78,53.710000000000036,30,-1,487,486
2026-05-08 07:30:00+00:00,22121,L,4696.85,37.92999999999938,4,0,487,487
2026-05-08 10:45:00+00:00,22134,H,4728.04,31.1899999999996,13,0,488,487
2026-05-08 12:30:00+00:00,22141,L,4700.33,27.710000000000036,7,0,488,488
2026-05-08 14:00:00+00:00,22147,H,4750.38,50.05000000000018,6,1,489,488
2026-05-08 15:45:00+00:00,22154,L,4701.93,48.44999999999982,7,1,489,489
2026-05-08 18:15:00+00:00,22164,H,4729.12,27.1899999999996,10,0,490,489
2026-05-11 06:00:00+00:00,22207,L,4647.94,81.18000000000029,43,-1,490,490
2026-05-11 07:00:00+00:00,22211,H,4680.73,32.789999999999964,4,-1,491,490
2026-05-11 09:45:00+00:00,22222,L,4650.48,30.25,11,0,491,491
2026-05-11 14:00:00+00:00,22239,H,4748.83,98.35000000000036,17,1,492,491
2026-05-11 16:45:00+00:00,22250,L,4707.94,40.89000000000033,11,1,492,492
2026-05-12 00:30:00+00:00,22277,H,4773.99,66.05000000000018,27,1,493,492
2026-05-12 15:30:00+00:00,22337,L,4638.27,135.71999999999935,60,0,493,493
2026-05-13 00:15:00+00:00,22368,H,4727.09,88.81999999999971,31,-1,494,493
2026-05-13 03:00:00+00:00,22379,L,4687.51,39.57999999999993,11,0,494,494
2026-05-13 06:30:00+00:00,22393,H,4715.52,28.01000000000022,14,0,495,494
2026-05-13 09:30:00+00:00,22405,L,4685.79,29.730000000000473,12,-1,495,495
2026-05-13 10:15:00+00:00,22408,H,4710.9,25.109999999999673,3,-1,496,495
2026-05-13 14:00:00+00:00,22423,L,4669.52,41.3799999999992,15,-1,496,496
2026-05-13 16:30:00+00:00,22433,H,4710.09,40.56999999999971,10,-1,497,496
2026-05-13 19:00:00+00:00,22443,L,4677.71,32.38000000000011,10,0,497,497
2026-05-14 01:00:00+00:00,22463,H,4707.55,29.840000000000146,20,0,498,497
2026-05-14 04:00:00+00:00,22475,L,4667.75,39.80000000000018,12,-1,498,498
2026-05-14 07:45:00+00:00,22490,H,4719.49,51.73999999999978,15,0,499,498
2026-05-15 13:45:00+00:00,22606,L,4510.88,208.60999999999967,116,0,499,499
2026-05-15 15:00:00+00:00,22611,H,4566.89,56.01000000000022,5,-1,500,499
2026-05-18 00:45:00+00:00,22646,L,4480.11,86.78000000000065,35,-1,500,500
2026-05-18 07:45:00+00:00,22674,H,4560.33,80.22000000000025,28,-1,501,500
2026-05-18 11:15:00+00:00,22688,L,4529.81,30.519999999999527,14,0,501,501
2026-05-18 14:00:00+00:00,22699,H,4584.56,54.75,11,1,502,501
2026-05-18 15:15:00+00:00,22704,L,4531.86,52.70000000000073,5,1,502,502
2026-05-19 00:15:00+00:00,22736,H,4590.22,58.36000000000058,32,1,503,502
2026-05-19 05:30:00+00:00,22757,L,4531.21,59.01000000000022,21,0,503,503
2026-05-19 08:00:00+00:00,22767,H,4559.58,28.36999999999989,10,-1,504,503
2026-05-19 13:45:00+00:00,22790,L,4464.54,95.03999999999996,23,-1,504,504
2026-05-19 17:30:00+00:00,22805,H,4511.29,46.75,15,-1,505,504
2026-05-19 22:30:00+00:00,22821,L,4477.31,33.97999999999956,16,0,505,505
2026-05-20 01:00:00+00:00,22831,H,4509.26,31.949999999999818,10,0,506,505
2026-05-20 03:15:00+00:00,22840,L,4453.6,55.659999999999854,9,-1,506,506
2026-05-20 13:15:00+00:00,22880,H,4506.45,52.849999999999454,40,-1,507,506
2026-05-20 14:15:00+00:00,22884,L,4467.13,39.31999999999971,4,0,507,507
2026-05-20 15:30:00+00:00,22889,H,4553.04,85.90999999999985,5,1,508,507
2026-05-20 23:30:00+00:00,22917,L,4534.55,18.48999999999978,28,1,508,508
2026-05-21 01:45:00+00:00,22926,H,4571.31,36.76000000000022,9,1,509,508
2026-05-21 15:45:00+00:00,22949,L,4506.5,64.8100000000004,23,0,509,509
2026-05-21 18:00:00+00:00,22958,H,4559.35,52.850000000000364,9,-1,510,509
2026-05-21 19:00:00+00:00,22962,L,4527.37,31.980000000000473,4,0,510,510
2026-05-21 23:15:00+00:00,22975,H,4545.76,18.390000000000327,13,0,511,510
2026-05-22 06:00:00+00:00,23002,L,4507.25,38.51000000000022,27,-1,511,511
2026-05-22 10:15:00+00:00,23019,H,4537.23,29.979999999999563,17,-1,512,511
2026-05-22 14:30:00+00:00,23036,L,4491.12,46.10999999999967,17,-1,512,512
2026-05-22 17:30:00+00:00,23048,H,4528.21,37.090000000000146,12,-1,513,512
2026-05-22 21:00:00+00:00,23062,L,4502.4,25.8100000000004,14,0,513,513
2026-05-24 23:45:00+00:00,23069,H,4580.08,77.68000000000029,7,1,514,513
2026-05-25 06:15:00+00:00,23095,L,4550.36,29.720000000000255,26,1,514,514
2026-05-25 11:45:00+00:00,23117,H,4577.18,26.82000000000062,22,0,515,514
2026-05-25 12:30:00+00:00,23120,L,4552.91,24.270000000000437,3,0,515,515
2026-05-25 17:15:00+00:00,23139,H,4577.84,24.93000000000029,19,1,516,515
2026-05-25 18:00:00+00:00,23142,L,4563.45,14.390000000000327,3,1,516,516
2026-05-25 23:30:00+00:00,23150,H,4580.7,17.25,8,1,517,516
2026-05-26 09:45:00+00:00,23191,L,4512.11,68.59000000000015,41,0,517,517
2026-05-26 11:00:00+00:00,23196,H,4540.89,28.780000000000655,5,-1,518,517
2026-05-26 18:15:00+00:00,23225,L,4482.31,58.57999999999993,29,-1,518,518
2026-05-26 22:15:00+00:00,23237,H,4519.16,36.849999999999454,12,-1,519,518
2026-05-26 22:45:00+00:00,23239,L,4498.09,21.06999999999971,2,0,519,519
2026-05-26 23:45:00+00:00,23243,H,4527.87,29.779999999999745,4,1,520,519
2026-05-27 12:00:00+00:00,23292,L,4424.67,103.19999999999982,49,0,520,520
2026-05-27 12:30:00+00:00,23294,H,4467.45,42.779999999999745,2,-1,521,520
2026-05-27 13:30:00+00:00,23298,L,4401.3,66.14999999999964,4,-1,521,521
2026-05-27 22:15:00+00:00,23329,H,4470.9,69.59999999999945,31,0,522,521
2026-05-28 04:30:00+00:00,23354,L,4366.56,104.33999999999924,25,0,522,522
2026-05-28 10:15:00+00:00,23377,H,4405.11,38.54999999999927,23,-1,523,522
2026-05-28 11:00:00+00:00,23380,L,4375.29,29.81999999999971,3,0,523,523
2026-05-28 18:15:00+00:00,23409,H,4516.92,141.6300000000001,29,1,524,523
2026-05-28 23:45:00+00:00,23427,L,4488.5,28.420000000000073,18,1,524,524
2026-05-29 10:45:00+00:00,23471,H,4543.61,55.10999999999967,44,1,525,524
2026-05-29 12:45:00+00:00,23479,L,4512.32,31.289999999999964,8,1,525,525
2026-05-29 15:15:00+00:00,23489,H,4595.45,83.13000000000011,10,1,526,525
2026-05-31 22:15:00+00:00,23513,L,4517.01,78.4399999999996,24,1,526,526
2026-06-01 00:15:00+00:00,23521,H,4546.49,29.479999999999563,8,0,527,526
2026-06-01 09:45:00+00:00,23559,L,4489.3,57.1899999999996,38,-1,527,527
2026-06-01 11:30:00+00:00,23566,H,4513.28,23.979999999999563,7,-1,528,527
2026-06-01 14:00:00+00:00,23576,L,4447.68,65.59999999999945,10,-1,528,528
2026-06-01 18:00:00+00:00,23592,H,4495.7,48.01999999999953,16,-1,529,528
2026-06-02 00:15:00+00:00,23613,L,4476.67,19.029999999999745,21,0,529,529
2026-06-02 00:45:00+00:00,23615,H,4497.53,20.859999999999673,2,1,530,529
2026-06-02 02:00:00+00:00,23620,L,4462.85,34.67999999999938,5,0,530,530
2026-06-02 07:15:00+00:00,23641,H,4541.75,78.89999999999964,21,0,531,530
2026-06-02 23:30:00+00:00,23702,L,4462.12,79.63000000000011,61,0,531,531
2026-06-03 00:45:00+00:00,23707,H,4496.96,34.840000000000146,5,-1,532,531
2026-06-03 01:30:00+00:00,23710,L,4463.44,33.52000000000044,3,0,532,532
2026-06-03 04:15:00+00:00,23721,H,4488.94,25.5,11,0,533,532
2026-06-03 13:45:00+00:00,23759,L,4426.23,62.710000000000036,38,-1,533,533
2026-06-03 19:30:00+00:00,23782,H,4452.44,26.210000000000036,23,-1,534,533
2026-06-03 22:30:00+00:00,23790,L,4423.46,28.979999999999563,8,-1,534,534
2026-06-04 04:45:00+00:00,23815,H,4484.49,61.029999999999745,25,0,535,534
2026-06-04 08:30:00+00:00,23830,L,4458.48,26.01000000000022,15,1,535,535
2026-06-04 13:45:00+00:00,23851,H,4515.72,57.24000000000069,21,1,536,535
2026-06-04 15:00:00+00:00,23856,L,4457.27,58.44999999999982,5,0,536,536
2026-06-04 19:15:00+00:00,23873,H,4483.8,26.529999999999745,17,-1,537,536
2026-06-05 06:30:00+00:00,23914,L,4428.75,55.05000000000018,41,-1,537,537
2026-06-05 12:30:00+00:00,23938,H,4476.09,47.340000000000146,24,-1,538,537
2026-06-07 22:15:00+00:00,23973,L,4309.85,166.23999999999978,35,-1,538,538
2026-06-08 00:30:00+00:00,23982,H,4353.78,43.92999999999938,9,-1,539,538
2026-06-08 05:45:00+00:00,24003,L,4268.68,85.09999999999945,21,-1,539,539
2026-06-08 07:30:00+00:00,24010,H,4317.37,48.6899999999996,7,-1,540,539
2026-06-08 09:45:00+00:00,24019,L,4272.85,44.51999999999953,9,0,540,540
2026-06-08 13:45:00+00:00,24035,H,4347.1,74.25,16,1,541,540
2026-06-09 00:00:00+00:00,24072,L,4312.07,35.030000000000655,37,1,541,541
2026-06-09 05:45:00+00:00,24095,H,4351.61,39.539999999999964,23,1,542,541
2026-06-09 08:15:00+00:00,24105,L,4321.03,30.579999999999927,10,1,542,542
2026-06-09 14:00:00+00:00,24128,H,4364.15,43.11999999999989,23,1,543,542
2026-06-09 16:45:00+00:00,24139,L,4236.51,127.63999999999942,11,0,543,543
2026-06-09 20:45:00+00:00,24155,H,4262.47,25.960000000000036,16,-1,544,543
2026-06-10 04:45:00+00:00,24183,L,4172.34,90.13000000000011,28,-1,544,544
2026-06-10 06:15:00+00:00,24189,H,4221.99,49.649999999999636,6,-1,545,544
2026-06-10 23:15:00+00:00,24253,L,4023.91,198.07999999999993,64,-1,545,545
2026-06-11 01:45:00+00:00,24263,H,4118.47,94.5600000000004,10,-1,546,545
2026-06-11 03:00:00+00:00,24268,L,4052.14,66.33000000000038,5,0,546,546
2026-06-11 08:15:00+00:00,24289,H,4112.93,60.79000000000042,21,0,547,546
2026-06-11 14:15:00+00:00,24313,L,4052.7,60.23000000000047,24,0,547,547
2026-06-11 23:00:00+00:00,24344,H,4246.68,193.98000000000047,31,1,548,547
2026-06-12 07:45:00+00:00,24379,L,4170.1,76.57999999999993,35,1,548,548
2026-06-12 10:00:00+00:00,24388,H,4228.17,58.06999999999971,9,0,549,548
2026-06-12 15:00:00+00:00,24408,L,4177.0,51.17000000000007,20,0,549,549
2026-06-12 15:30:00+00:00,24410,H,4235.94,58.9399999999996,2,1,550,549
2026-06-12 19:45:00+00:00,24427,L,4201.89,34.04999999999927,17,1,550,550
2026-06-15 03:00:00+00:00,24452,H,4335.6,133.71000000000004,25,1,551,550
2026-06-15 06:45:00+00:00,24467,L,4300.56,35.039999999999964,15,1,551,551
2026-06-15 11:45:00+00:00,24487,H,4347.75,47.1899999999996,20,1,552,551
2026-06-15 12:30:00+00:00,24490,L,4324.58,23.170000000000073,3,1,552,552
2026-06-15 14:15:00+00:00,24497,H,4369.5,44.92000000000007,7,1,553,552
2026-06-15 22:30:00+00:00,24526,L,4305.74,63.76000000000022,29,0,553,553
2026-06-16 13:00:00+00:00,24584,H,4355.15,49.409999999999854,58,-1,554,553
2026-06-16 14:45:00+00:00,24591,L,4312.99,42.159999999999854,7,0,554,554
2026-06-16 16:15:00+00:00,24597,H,4347.36,34.36999999999989,6,0,555,554
2026-06-17 00:00:00+00:00,24624,L,4328.66,18.699999999999818,27,0,555,555
2026-06-17 01:15:00+00:00,24629,H,4349.93,21.270000000000437,5,1,556,555
2026-06-17 08:45:00+00:00,24659,L,4317.18,32.75,30,0,556,556
2026-06-17 14:30:00+00:00,24682,H,4364.31,47.13000000000011,23,0,557,556
2026-06-17 15:00:00+00:00,24684,L,4330.78,33.530000000000655,2,1,557,557
2026-06-17 17:45:00+00:00,24695,H,4382.63,51.850000000000364,11,1,558,557
2026-06-17 19:45:00+00:00,24703,L,4218.89,163.73999999999978,8,0,558,558
2026-06-18 02:15:00+00:00,24725,H,4330.19,111.29999999999927,22,-1,559,558
2026-06-19 05:15:00+00:00,24829,L,4121.37,208.8199999999997,104,-1,559,559
2026-06-19 08:30:00+00:00,24842,H,4179.05,57.68000000000029,13,-1,560,559
2026-06-19 11:45:00+00:00,24855,L,4141.8,37.25,13,0,560,560
2026-06-19 13:15:00+00:00,24861,H,4183.22,41.42000000000007,6,1,561,560
2026-06-19 15:00:00+00:00,24868,L,4142.45,40.77000000000044,7,1,561,561
2026-06-21 23:15:00+00:00,24881,H,4165.07,22.61999999999989,13,0,562,561
2026-06-22 00:00:00+00:00,24884,L,4136.4,28.670000000000073,3,-1,562,562
2026-06-22 01:00:00+00:00,24888,H,4221.38,84.98000000000047,4,0,563,562
2026-06-22 04:15:00+00:00,24901,L,4170.69,50.69000000000051,13,1,563,563
2026-06-22 11:15:00+00:00,24929,H,4215.59,44.900000000000546,28,0,564,563
2026-06-22 16:00:00+00:00,24948,L,4169.74,45.850000000000364,19,-1,564,564
2026-06-22 23:45:00+00:00,24975,H,4195.59,25.850000000000364,27,-1,565,564
2026-06-23 00:15:00+00:00,24977,L,4178.32,17.270000000000437,2,0,565,565
2026-06-23 01:00:00+00:00,24980,H,4198.97,20.650000000000546,3,1,566,565
2026-06-23 08:15:00+00:00,25009,L,4091.02,107.95000000000027,29,0,566,566
2026-06-23 14:15:00+00:00,25033,H,4145.47,54.45000000000027,24,-1,567,566
2026-06-23 23:45:00+00:00,25067,L,4080.87,64.60000000000036,34,-1,567,567
2026-06-24 00:15:00+00:00,25069,H,4112.44,31.56999999999971,2,-1,568,567
2026-06-24 03:30:00+00:00,25082,L,4050.11,62.32999999999947,13,-1,568,568
2026-06-24 06:15:00+00:00,25093,H,4097.9,47.78999999999951,11,-1,569,568
2026-06-24 13:30:00+00:00,25122,L,3964.34,133.5599999999995,29,-1,569,569
2026-06-24 14:00:00+00:00,25124,H,4042.44,78.09999999999991,2,-1,570,569
2026-06-24 18:15:00+00:00,25141,L,3959.19,83.25,17,-1,570,570
2026-06-24 23:45:00+00:00,25159,H,4018.87,59.679999999999836,18,-1,571,570
2026-06-25 02:15:00+00:00,25169,L,3963.15,55.7199999999998,10,0,571,571
2026-06-25 08:45:00+00:00,25195,H,4002.44,39.289999999999964,26,0,572,571
2026-06-25 11:45:00+00:00,25207,L,3973.57,28.86999999999989,12,0,572,572
