side,signal_ts,entry_time,entry_price,entry_style,stop,target,sl,tp,horizon,timeout,impulse_low,impulse_high,target_updates,exit_time,exit_price,exit_reason,pnl,win
-1,2025-11-14 15:15:00+00:00,2025-11-14 15:17:00+00:00,4077.17,breakout_next_open,4083.04,4059.5600000000004,5.869999999999891,17.609999999999673,120,2025-11-14 17:30:00+00:00,4077.58,4083.04,1,2025-11-14 15:40:00+00:00,4083.04,stop_loss,-5.869999999999891,False
-1,2025-11-14 17:00:00+00:00,2025-11-14 17:02:00+00:00,4104.2,breakout_next_open,4109.2,4089.2,5.0,15.0,120,2025-11-14 19:02:00+00:00,4104.53,4109.2,0,2025-11-14 17:04:00+00:00,4109.2,stop_loss,-5.0,False
-1,2025-11-14 18:00:00+00:00,2025-11-14 18:02:00+00:00,4093.7,breakout_next_open,4103.87,4063.1899999999996,10.170000000000073,30.51000000000022,120,2025-11-14 20:15:00+00:00,4100.37,4103.87,1,2025-11-14 18:38:00+00:00,4103.87,stop_loss,-10.170000000000073,False
1,2025-11-20 17:30:00+00:00,2025-11-20 17:32:00+00:00,4055.72,breakout_next_open,4050.48,4071.439999999999,5.239999999999782,15.719999999999345,120,2025-11-20 19:32:00+00:00,4050.48,4056.48,0,2025-11-20 17:35:00+00:00,4050.48,stop_loss,-5.239999999999782,False
1,2025-11-20 17:45:00+00:00,2025-11-20 17:49:00+00:00,4059.98,breakout_next_open,4055.88,4072.2799999999997,4.099999999999909,12.299999999999727,120,2025-11-20 20:00:00+00:00,4055.88,4060.29,1,2025-11-20 18:06:00+00:00,4072.2799999999997,target_hit,12.299999999999727,True
-1,2025-11-21 09:45:00+00:00,2025-11-21 09:47:00+00:00,4052.74,breakout_next_open,4057.07,4039.7499999999986,4.330000000000382,12.990000000001146,120,2025-11-21 11:47:00+00:00,4052.56,4057.07,0,2025-11-21 10:13:00+00:00,4039.7499999999986,target_hit,12.990000000001146,True
1,2025-11-24 15:00:00+00:00,2025-11-24 15:02:00+00:00,4083.96,breakout_next_open,4074.87,4111.2300000000005,9.090000000000146,27.270000000000437,120,2025-11-24 18:45:00+00:00,4074.87,4078.48,1,2025-11-24 18:39:00+00:00,4111.2300000000005,target_hit,27.270000000000437,True
1,2025-11-24 18:45:00+00:00,2025-11-24 18:47:00+00:00,4112.9,breakout_next_open,4098.86,4155.0199999999995,14.039999999999964,42.11999999999989,120,2025-11-24 22:15:00+00:00,4098.86,4103.97,1,2025-11-24 23:01:00+00:00,4133.46,timeout,20.5600000000004,True
1,2025-11-25 10:15:00+00:00,2025-11-25 10:17:00+00:00,4138.12,breakout_next_open,4129.29,4164.61,8.829999999999927,26.48999999999978,120,2025-11-25 12:17:00+00:00,4129.29,4133.82,0,2025-11-25 10:25:00+00:00,4129.29,stop_loss,-8.829999999999927,False
1,2025-11-25 11:15:00+00:00,2025-11-25 11:17:00+00:00,4136.29,breakout_next_open,4127.81,4161.729999999999,8.479999999999563,25.43999999999869,120,2025-11-25 14:00:00+00:00,4127.81,4132.11,1,2025-11-25 12:44:00+00:00,4127.81,stop_loss,-8.479999999999563,False
1,2025-11-25 13:00:00+00:00,2025-11-25 13:02:00+00:00,4130.52,breakout_next_open,4120.61,4160.250000000003,9.910000000000764,29.730000000002292,120,2025-11-25 15:30:00+00:00,4120.61,4126.57,1,2025-11-25 14:39:00+00:00,4120.61,stop_loss,-9.910000000000764,False
1,2025-12-12 10:30:00+00:00,2025-12-12 10:35:00+00:00,4323.45,breakout_next_open,4318.32,4338.84,5.130000000000109,15.390000000000327,120,2025-12-12 12:45:00+00:00,4318.32,4322.09,1,2025-12-12 11:11:00+00:00,4338.84,target_hit,15.390000000000327,True
-1,2025-12-15 14:00:00+00:00,2025-12-15 14:02:00+00:00,4335.52,breakout_next_open,4339.68,4323.040000000001,4.1599999999998545,12.479999999999563,120,2025-12-15 16:02:00+00:00,4336.01,4339.68,0,2025-12-15 14:25:00+00:00,4323.040000000001,target_hit,12.479999999999563,True
-1,2025-12-15 15:15:00+00:00,2025-12-15 15:20:00+00:00,4314.6,breakout_next_open,4325.53,4281.810000000002,10.929999999999382,32.789999999998145,120,2025-12-15 17:20:00+00:00,4318.67,4325.53,0,2025-12-15 15:22:00+00:00,4325.53,stop_loss,-10.929999999999382,False
-1,2025-12-15 16:00:00+00:00,2025-12-15 16:02:00+00:00,4312.98,breakout_next_open,4323.84,4280.399999999998,10.860000000000582,32.580000000001746,120,2025-12-15 18:15:00+00:00,4319.54,4323.84,1,2025-12-15 18:15:00+00:00,4302.64,timeout,10.339999999999236,True
1,2025-12-16 17:00:00+00:00,2025-12-16 17:02:00+00:00,4305.32,breakout_next_open,4298.11,4326.95,7.210000000000036,21.63000000000011,120,2025-12-16 19:02:00+00:00,4298.11,4301.54,0,2025-12-16 18:22:00+00:00,4298.11,stop_loss,-7.210000000000036,False
1,2025-12-26 18:45:00+00:00,2025-12-26 18:47:00+00:00,4528.15,breakout_next_open,4517.52,4560.039999999997,10.6299999999992,31.8899999999976,120,2025-12-26 20:47:00+00:00,4517.52,4521.41,0,2025-12-26 20:47:00+00:00,4530.71,timeout,2.5600000000004,True
-1,2025-12-29 08:45:00+00:00,2025-12-29 08:47:00+00:00,4468.9,breakout_next_open,4480.82,4433.139999999999,11.920000000000073,35.76000000000022,120,2025-12-29 10:47:00+00:00,4474.9,4480.82,0,2025-12-29 10:47:00+00:00,4462.78,timeout,6.119999999999891,True
-1,2025-12-29 13:15:00+00:00,2025-12-29 13:17:00+00:00,4457.07,breakout_next_open,4466.07,4430.07,9.0,27.0,120,2025-12-29 15:17:00+00:00,4459.46,4466.07,0,2025-12-29 13:42:00+00:00,4430.07,target_hit,27.0,True
-1,2025-12-29 14:15:00+00:00,2025-12-29 14:17:00+00:00,4401.32,breakout_next_open,4421.58,4340.539999999999,20.26000000000022,60.780000000000655,120,2025-12-29 16:17:00+00:00,4411.72,4421.58,0,2025-12-29 15:02:00+00:00,4340.539999999999,target_hit,60.780000000000655,True
-1,2025-12-31 10:00:00+00:00,2025-12-31 10:02:00+00:00,4328.78,breakout_next_open,4336.41,4305.889999999999,7.630000000000109,22.890000000000327,120,2025-12-31 12:02:00+00:00,4332.29,4336.41,0,2025-12-31 10:42:00+00:00,4305.889999999999,target_hit,22.890000000000327,True
1,2025-12-31 20:45:00+00:00,2025-12-31 20:47:00+00:00,4317.68,breakout_next_open,4314.43,4327.43,3.25,9.75,120,2025-12-31 22:47:00+00:00,4314.43,4318.6,0,2025-12-31 20:50:00+00:00,4314.43,stop_loss,-3.25,False
1,2026-01-05 13:45:00+00:00,2026-01-05 13:47:00+00:00,4414.29,breakout_next_open,4397.51,4464.629999999999,16.779999999999745,50.339999999999236,120,2026-01-05 18:45:00+00:00,4397.51,4404.79,2,2026-01-05 18:45:00+00:00,4443.41,timeout,29.11999999999989,True
1,2026-01-06 14:45:00+00:00,2026-01-06 14:47:00+00:00,4485.11,breakout_next_open,4465.05,4545.289999999998,20.05999999999949,60.17999999999847,120,2026-01-06 16:47:00+00:00,4465.05,4471.22,0,2026-01-06 15:37:00+00:00,4465.05,stop_loss,-20.05999999999949,False
-1,2026-01-07 15:15:00+00:00,2026-01-07 15:17:00+00:00,4426.06,breakout_next_open,4447.1,4362.9400000000005,21.039999999999964,63.11999999999989,120,2026-01-07 17:17:00+00:00,4439.57,4447.1,0,2026-01-07 15:31:00+00:00,4447.1,stop_loss,-21.039999999999964,False
-1,2026-01-07 17:45:00+00:00,2026-01-07 17:51:00+00:00,4455.25,breakout_next_open,4460.05,4440.849999999999,4.800000000000182,14.400000000000546,120,2026-01-07 21:00:00+00:00,4456.21,4460.05,2,2026-01-07 20:15:00+00:00,4460.05,stop_loss,-4.800000000000182,False
-1,2026-01-08 08:00:00+00:00,2026-01-08 08:02:00+00:00,4429.7,breakout_next_open,4432.08,4422.5599999999995,2.380000000000109,7.140000000000327,120,2026-01-08 10:02:00+00:00,4428.5,4432.08,0,2026-01-08 08:09:00+00:00,4432.08,stop_loss,-2.380000000000109,False
1,2026-01-09 13:45:00+00:00,2026-01-09 13:47:00+00:00,4487.76,breakout_next_open,4470.22,4540.38,17.539999999999964,52.61999999999989,120,2026-01-09 15:47:00+00:00,4470.22,4479.44,0,2026-01-09 15:47:00+00:00,4510.92,timeout,23.159999999999854,True
1,2026-01-09 16:30:00+00:00,2026-01-09 16:38:00+00:00,4507.19,breakout_next_open,4502.79,4520.3899999999985,4.399999999999636,13.199999999998909,120,2026-01-09 18:38:00+00:00,4502.79,4506.8,0,2026-01-09 16:41:00+00:00,4502.79,stop_loss,-4.399999999999636,False
1,2026-01-09 18:15:00+00:00,2026-01-09 18:17:00+00:00,4492.48,breakout_next_open,4483.02,4520.859999999997,9.459999999999127,28.37999999999738,120,2026-01-09 20:17:00+00:00,4483.02,4488.18,0,2026-01-09 20:17:00+00:00,4508.98,timeout,16.5,True
-1,2026-01-13 14:00:00+00:00,2026-01-13 14:02:00+00:00,4611.84,breakout_next_open,4620.93,4584.57,9.090000000000146,27.270000000000437,120,2026-01-13 16:02:00+00:00,4616.46,4620.93,0,2026-01-13 14:22:00+00:00,4620.93,stop_loss,-9.090000000000146,False
1,2026-01-20 13:45:00+00:00,2026-01-20 13:47:00+00:00,4730.25,breakout_next_open,4715.98,4773.060000000001,14.270000000000437,42.81000000000131,120,2026-01-20 19:45:00+00:00,4715.98,4728.49,3,2026-01-20 19:45:00+00:00,4763.14,timeout,32.89000000000033,True
1,2026-01-21 08:15:00+00:00,2026-01-21 08:19:00+00:00,4866.45,breakout_next_open,4859.6,4886.999999999998,6.849999999999454,20.549999999998363,120,2026-01-21 10:30:00+00:00,4859.6,4864.14,1,2026-01-21 08:42:00+00:00,4859.6,stop_loss,-6.849999999999454,False
1,2026-01-21 09:30:00+00:00,2026-01-21 09:32:00+00:00,4875.56,breakout_next_open,4859.27,4924.43,16.289999999999964,48.86999999999989,120,2026-01-21 11:32:00+00:00,4859.27,4862.84,0,2026-01-21 09:59:00+00:00,4859.27,stop_loss,-16.289999999999964,False
1,2026-01-21 10:15:00+00:00,2026-01-21 10:21:00+00:00,4864.29,breakout_next_open,4860.32,4876.200000000001,3.9700000000002547,11.910000000000764,120,2026-01-21 12:21:00+00:00,4860.32,4864.34,0,2026-01-21 10:29:00+00:00,4860.32,stop_loss,-3.9700000000002547,False
1,2026-01-21 13:45:00+00:00,2026-01-21 13:54:00+00:00,4877.44,breakout_next_open,4872.94,4890.94,4.5,13.5,120,2026-01-21 15:54:00+00:00,4872.94,4877.44,0,2026-01-21 14:02:00+00:00,4872.94,stop_loss,-4.5,False
-1,2026-01-21 19:30:00+00:00,2026-01-21 19:32:00+00:00,4804.8,breakout_next_open,4853.5,4658.700000000001,48.69999999999982,146.09999999999945,120,2026-01-21 21:45:00+00:00,4812.45,4853.5,1,2026-01-21 21:45:00+00:00,4837.19,timeout,-32.38999999999942,False
1,2026-01-23 11:45:00+00:00,2026-01-23 11:50:00+00:00,4926.3,breakout_next_open,4921.47,4940.79,4.829999999999927,14.489999999999782,120,2026-01-23 13:50:00+00:00,4921.47,4924.98,0,2026-01-23 11:58:00+00:00,4921.47,stop_loss,-4.829999999999927,False
1,2026-01-23 12:15:00+00:00,2026-01-23 12:17:00+00:00,4935.56,breakout_next_open,4923.37,4972.130000000002,12.19000000000051,36.57000000000153,120,2026-01-23 17:45:00+00:00,4923.37,4927.27,6,2026-01-23 16:09:00+00:00,4972.130000000002,target_hit,36.57000000000153,True
1,2026-01-23 16:30:00+00:00,2026-01-23 16:32:00+00:00,4986.68,breakout_next_open,4969.47,5038.31,17.210000000000036,51.63000000000011,120,2026-01-23 19:15:00+00:00,4969.47,4975.96,1,2026-01-23 17:55:00+00:00,4969.47,stop_loss,-17.210000000000036,False
1,2026-01-23 18:15:00+00:00,2026-01-23 18:17:00+00:00,4982.08,breakout_next_open,4965.45,5031.97,16.63000000000011,49.89000000000033,120,2026-01-23 20:17:00+00:00,4965.45,4972.54,0,2026-01-23 18:44:00+00:00,4965.45,stop_loss,-16.63000000000011,False
1,2026-01-26 16:00:00+00:00,2026-01-26 16:02:00+00:00,5092.17,breakout_next_open,5079.12,5131.320000000001,13.050000000000182,39.150000000000546,120,2026-01-26 18:02:00+00:00,5079.12,5084.97,0,2026-01-26 16:28:00+00:00,5079.12,stop_loss,-13.050000000000182,False
-1,2026-01-27 13:30:00+00:00,2026-01-27 13:32:00+00:00,5083.14,breakout_next_open,5092.86,5053.980000000002,9.719999999999345,29.159999999998035,120,2026-01-27 16:15:00+00:00,5085.85,5092.86,2,2026-01-27 14:16:00+00:00,5053.980000000002,target_hit,29.159999999998035,True
-1,2026-01-27 14:15:00+00:00,2026-01-27 14:17:00+00:00,5051.25,breakout_next_open,5077.62,4972.14,26.36999999999989,79.10999999999967,120,2026-01-27 16:17:00+00:00,5070.88,5077.62,0,2026-01-27 14:41:00+00:00,5077.62,stop_loss,-26.36999999999989,False
1,2026-01-28 10:00:00+00:00,2026-01-28 10:02:00+00:00,5277.86,breakout_next_open,5266.61,5311.61,11.25,33.75,120,2026-01-28 12:02:00+00:00,5266.61,5271.91,0,2026-01-28 11:00:00+00:00,5266.61,stop_loss,-11.25,False
1,2026-01-28 12:30:00+00:00,2026-01-28 12:33:00+00:00,5264.91,breakout_next_open,5260.54,5278.0199999999995,4.369999999999891,13.109999999999673,120,2026-01-28 14:45:00+00:00,5260.54,5264.32,1,2026-01-28 12:59:00+00:00,5278.0199999999995,target_hit,13.109999999999673,True
1,2026-01-28 13:30:00+00:00,2026-01-28 13:32:00+00:00,5282.39,breakout_next_open,5274.03,5307.470000000002,8.360000000000582,25.080000000001746,120,2026-01-28 15:32:00+00:00,5274.03,5278.11,0,2026-01-28 13:35:00+00:00,5274.03,stop_loss,-8.360000000000582,False
1,2026-01-28 15:30:00+00:00,2026-01-28 15:32:00+00:00,5274.01,breakout_next_open,5256.49,5326.5700000000015,17.520000000000437,52.56000000000131,120,2026-01-28 21:45:00+00:00,5256.49,5266.28,6,2026-01-28 19:57:00+00:00,5326.5700000000015,target_hit,52.56000000000131,True
1,2026-01-28 20:00:00+00:00,2026-01-28 20:02:00+00:00,5332.91,breakout_next_open,5307.32,5409.68,25.590000000000146,76.77000000000044,120,2026-01-28 22:45:00+00:00,5307.32,5317.61,2,2026-01-28 21:53:00+00:00,5409.68,target_hit,76.77000000000044,True
1,2026-01-29 09:00:00+00:00,2026-01-29 09:02:00+00:00,5505.95,breakout_next_open,5479.02,5586.739999999998,26.92999999999938,80.78999999999814,120,2026-01-29 11:02:00+00:00,5479.02,5499.11,0,2026-01-29 11:02:00+00:00,5480.16,timeout,-25.789999999999964,False
1,2026-01-29 11:30:00+00:00,2026-01-29 11:32:00+00:00,5516.24,breakout_next_open,5507.39,5542.789999999998,8.849999999999454,26.549999999998363,120,2026-01-29 14:15:00+00:00,5507.39,5513.17,2,2026-01-29 12:28:00+00:00,5542.789999999998,target_hit,26.549999999998363,True
1,2026-01-29 13:00:00+00:00,2026-01-29 13:02:00+00:00,5540.1,breakout_next_open,5527.95,5576.550000000002,12.150000000000546,36.45000000000164,120,2026-01-29 15:02:00+00:00,5527.95,5535.15,0,2026-01-29 13:10:00+00:00,5527.95,stop_loss,-12.150000000000546,False
-1,2026-01-30 13:00:00+00:00,2026-01-30 13:02:00+00:00,5063.15,breakout_next_open,5116.78,4902.259999999999,53.63000000000011,160.89000000000033,120,2026-01-30 15:45:00+00:00,5093.76,5116.78,3,2026-01-30 15:45:00+00:00,5061.84,timeout,1.3099999999994907,True
-1,2026-01-30 16:15:00+00:00,2026-01-30 16:17:00+00:00,5025.89,breakout_next_open,5051.95,4947.710000000002,26.05999999999949,78.17999999999847,120,2026-01-30 18:30:00+00:00,5043.02,5051.95,1,2026-01-30 16:52:00+00:00,4947.710000000002,target_hit,78.17999999999847,True
-1,2026-01-30 17:00:00+00:00,2026-01-30 17:02:00+00:00,4974.55,breakout_next_open,5015.75,4850.950000000001,41.19999999999982,123.59999999999945,120,2026-01-30 19:15:00+00:00,4997.25,5015.75,1,2026-01-30 17:44:00+00:00,4850.950000000001,target_hit,123.59999999999945,True
-1,2026-01-30 17:45:00+00:00,2026-01-30 17:47:00+00:00,4867.75,breakout_next_open,4927.25,4689.25,59.5,178.5,120,2026-01-30 20:30:00+00:00,4910.4,4927.25,1,2026-01-30 18:39:00+00:00,4689.25,target_hit,178.5,True
-1,2026-01-30 20:00:00+00:00,2026-01-30 20:02:00+00:00,4898.01,breakout_next_open,4931.98,4796.100000000002,33.969999999999345,101.90999999999804,120,2026-01-30 22:30:00+00:00,4918.0,4931.98,2,2026-02-01 23:02:00+00:00,4853.83,timeout,44.18000000000029,True
-1,2026-02-02 09:00:00+00:00,2026-02-02 09:02:00+00:00,4629.3,breakout_next_open,4644.73,4583.010000000002,15.429999999999382,46.289999999998145,120,2026-02-02 11:02:00+00:00,4632.87,4644.73,0,2026-02-02 09:11:00+00:00,4644.73,stop_loss,-15.429999999999382,False
-1,2026-02-02 10:30:00+00:00,2026-02-02 10:32:00+00:00,4684.65,breakout_next_open,4732.1,4542.299999999997,47.45000000000073,142.35000000000218,120,2026-02-02 12:45:00+00:00,4721.01,4732.1,1,2026-02-02 11:13:00+00:00,4732.1,stop_loss,-47.45000000000073,False
-1,2026-02-02 13:15:00+00:00,2026-02-02 13:21:00+00:00,4746.8,breakout_next_open,4796.24,4598.480000000001,49.4399999999996,148.3199999999988,120,2026-02-02 18:00:00+00:00,4743.92,4796.24,7,2026-02-02 16:01:00+00:00,4598.480000000001,target_hit,148.3199999999988,True
-1,2026-02-02 16:00:00+00:00,2026-02-02 16:02:00+00:00,4599.75,breakout_next_open,4678.43,4363.709999999999,78.68000000000029,236.04000000000087,120,2026-02-02 18:02:00+00:00,4656.26,4678.43,0,2026-02-02 16:09:00+00:00,4678.43,stop_loss,-78.68000000000029,False
1,2026-02-03 17:30:00+00:00,2026-02-03 17:32:00+00:00,4956.5,breakout_next_open,4941.66,5001.02,14.840000000000146,44.52000000000044,120,2026-02-03 19:32:00+00:00,4941.66,4953.48,0,2026-02-03 17:40:00+00:00,4941.66,stop_loss,-14.840000000000146,False
1,2026-02-03 18:15:00+00:00,2026-02-03 18:17:00+00:00,4946.1,breakout_next_open,4926.05,5006.250000000001,20.050000000000182,60.150000000000546,120,2026-02-03 20:17:00+00:00,4926.05,4933.55,0,2026-02-03 18:24:00+00:00,4926.05,stop_loss,-20.050000000000182,False
1,2026-02-03 19:30:00+00:00,2026-02-03 19:32:00+00:00,4924.64,breakout_next_open,4914.49,4955.090000000002,10.150000000000546,30.450000000001637,120,2026-02-03 21:32:00+00:00,4914.49,4923.23,0,2026-02-03 20:01:00+00:00,4914.49,stop_loss,-10.150000000000546,False
1,2026-02-03 20:45:00+00:00,2026-02-03 20:47:00+00:00,4952.36,breakout_next_open,4938.0,4995.439999999999,14.359999999999673,43.07999999999902,120,2026-02-03 22:47:00+00:00,4938.0,4944.1,0,2026-02-03 20:49:00+00:00,4938.0,stop_loss,-14.359999999999673,False
1,2026-02-04 10:45:00+00:00,2026-02-04 10:47:00+00:00,5061.33,breakout_next_open,5044.24,5112.6,17.090000000000146,51.27000000000044,120,2026-02-04 12:47:00+00:00,5044.24,5054.65,0,2026-02-04 11:12:00+00:00,5044.24,stop_loss,-17.090000000000146,False
1,2026-02-04 11:45:00+00:00,2026-02-04 11:50:00+00:00,5039.36,breakout_next_open,5025.51,5080.909999999998,13.849999999999454,41.54999999999836,120,2026-02-04 14:00:00+00:00,5025.51,5036.41,1,2026-02-04 13:10:00+00:00,5025.51,stop_loss,-13.849999999999454,False
1,2026-02-04 13:30:00+00:00,2026-02-04 13:32:00+00:00,5056.26,breakout_next_open,5028.15,5140.590000000002,28.110000000000582,84.33000000000175,120,2026-02-04 16:00:00+00:00,5028.15,5043.85,2,2026-02-04 14:30:00+00:00,5028.15,stop_loss,-28.110000000000582,False
-1,2026-02-05 08:30:00+00:00,2026-02-05 08:32:00+00:00,4919.6,breakout_next_open,4940.15,4857.950000000003,20.549999999999272,61.64999999999782,120,2026-02-05 11:15:00+00:00,4934.04,4940.15,2,2026-02-05 09:20:00+00:00,4857.950000000003,target_hit,61.64999999999782,True
-1,2026-02-05 10:00:00+00:00,2026-02-05 10:02:00+00:00,4857.83,breakout_next_open,4894.42,4748.0599999999995,36.590000000000146,109.77000000000044,120,2026-02-05 12:30:00+00:00,4887.65,4894.42,1,2026-02-05 11:23:00+00:00,4894.42,stop_loss,-36.590000000000146,False
-1,2026-02-05 11:45:00+00:00,2026-02-05 11:47:00+00:00,4879.45,breakout_next_open,4893.53,4837.21,14.079999999999927,42.23999999999978,120,2026-02-05 13:47:00+00:00,4884.42,4893.53,0,2026-02-05 12:11:00+00:00,4837.21,target_hit,42.23999999999978,True
-1,2026-02-05 14:15:00+00:00,2026-02-05 14:17:00+00:00,4815.33,breakout_next_open,4836.34,4752.299999999999,21.01000000000022,63.030000000000655,120,2026-02-05 16:17:00+00:00,4822.51,4836.34,0,2026-02-05 14:26:00+00:00,4836.34,stop_loss,-21.01000000000022,False
-1,2026-02-05 15:00:00+00:00,2026-02-05 15:02:00+00:00,4830.13,breakout_next_open,4859.91,4740.790000000001,29.779999999999745,89.33999999999924,120,2026-02-05 17:45:00+00:00,4847.35,4859.91,2,2026-02-05 16:38:00+00:00,4859.91,stop_loss,-29.779999999999745,False
-1,2026-02-06 08:00:00+00:00,2026-02-06 08:02:00+00:00,4830.53,breakout_next_open,4854.18,4759.579999999998,23.650000000000546,70.95000000000164,120,2026-02-06 10:02:00+00:00,4847.22,4854.18,0,2026-02-06 08:15:00+00:00,4854.18,stop_loss,-23.650000000000546,False
-1,2026-02-06 16:30:00+00:00,2026-02-06 16:32:00+00:00,4935.09,breakout_next_open,4942.09,4914.09,7.0,21.0,120,2026-02-06 18:32:00+00:00,4937.24,4942.09,0,2026-02-06 16:40:00+00:00,4942.09,stop_loss,-7.0,False
1,2026-02-09 10:45:00+00:00,2026-02-09 10:48:00+00:00,4995.16,breakout_next_open,4990.4,5009.4400000000005,4.760000000000218,14.280000000000655,120,2026-02-09 12:48:00+00:00,4990.4,4998.34,0,2026-02-09 10:58:00+00:00,4990.4,stop_loss,-4.760000000000218,False
1,2026-02-09 11:00:00+00:00,2026-02-09 11:02:00+00:00,4994.77,breakout_next_open,4982.72,5030.920000000001,12.050000000000182,36.150000000000546,120,2026-02-09 13:02:00+00:00,4982.72,4992.98,0,2026-02-09 13:02:00+00:00,5013.43,timeout,18.659999999999854,True
1,2026-02-09 14:00:00+00:00,2026-02-09 14:02:00+00:00,5012.73,breakout_next_open,4999.04,5053.799999999998,13.6899999999996,41.0699999999988,120,2026-02-09 16:45:00+00:00,4999.04,5003.53,2,2026-02-09 15:34:00+00:00,5053.799999999998,target_hit,41.0699999999988,True
1,2026-02-09 15:45:00+00:00,2026-02-09 15:47:00+00:00,5054.06,breakout_next_open,5033.51,5115.710000000001,20.550000000000182,61.650000000000546,120,2026-02-09 17:47:00+00:00,5033.51,5040.29,0,2026-02-09 17:47:00+00:00,5059.43,timeout,5.369999999999891,True
1,2026-02-09 19:30:00+00:00,2026-02-09 19:32:00+00:00,5074.66,breakout_next_open,5064.57,5104.93,10.090000000000146,30.270000000000437,120,2026-02-09 21:32:00+00:00,5064.57,5068.42,0,2026-02-09 21:14:00+00:00,5064.57,stop_loss,-10.090000000000146,False
1,2026-02-10 13:15:00+00:00,2026-02-10 13:17:00+00:00,5042.38,breakout_next_open,5029.78,5080.180000000001,12.600000000000364,37.80000000000109,120,2026-02-10 16:15:00+00:00,5029.78,5036.66,2,2026-02-10 14:48:00+00:00,5029.78,stop_loss,-12.600000000000364,False
1,2026-02-11 15:00:00+00:00,2026-02-11 15:02:00+00:00,5060.58,breakout_next_open,5040.51,5120.789999999999,20.06999999999971,60.20999999999913,120,2026-02-11 17:02:00+00:00,5040.51,5050.17,0,2026-02-11 15:37:00+00:00,5040.51,stop_loss,-20.06999999999971,False
1,2026-02-11 16:00:00+00:00,2026-02-11 16:02:00+00:00,5062.83,breakout_next_open,5048.23,5106.630000000001,14.600000000000364,43.80000000000109,120,2026-02-11 18:02:00+00:00,5048.23,5055.7,0,2026-02-11 16:17:00+00:00,5048.23,stop_loss,-14.600000000000364,False
-1,2026-02-12 17:45:00+00:00,2026-02-12 17:47:00+00:00,4953.95,breakout_next_open,4965.78,4918.46,11.829999999999927,35.48999999999978,120,2026-02-12 20:15:00+00:00,4958.68,4965.78,1,2026-02-12 18:18:00+00:00,4918.46,target_hit,35.48999999999978,True
-1,2026-02-12 20:30:00+00:00,2026-02-12 20:32:00+00:00,4914.14,breakout_next_open,4941.25,4832.810000000001,27.109999999999673,81.32999999999902,120,2026-02-12 22:32:00+00:00,4936.25,4941.25,0,2026-02-12 23:01:00+00:00,4903.85,timeout,10.289999999999964,True
1,2026-02-13 12:15:00+00:00,2026-02-13 12:17:00+00:00,4967.09,breakout_next_open,4953.44,5008.040000000002,13.650000000000546,40.95000000000164,120,2026-02-13 14:17:00+00:00,4953.44,4959.15,0,2026-02-13 14:17:00+00:00,5001.19,timeout,34.099999999999454,True
1,2026-02-13 15:00:00+00:00,2026-02-13 15:02:00+00:00,5002.72,breakout_next_open,4989.76,5041.6,12.960000000000036,38.88000000000011,120,2026-02-13 17:02:00+00:00,4989.76,4999.71,0,2026-02-13 15:53:00+00:00,4989.76,stop_loss,-12.960000000000036,False
1,2026-02-13 16:15:00+00:00,2026-02-13 16:17:00+00:00,4999.22,breakout_next_open,4975.76,5069.6,23.460000000000036,70.38000000000011,120,2026-02-13 18:30:00+00:00,4975.76,4982.39,1,2026-02-13 18:30:00+00:00,5023.36,timeout,24.139999999999418,True
1,2026-02-13 19:15:00+00:00,2026-02-13 19:17:00+00:00,5039.5,breakout_next_open,5033.46,5057.62,6.039999999999964,18.11999999999989,120,2026-02-13 21:17:00+00:00,5033.46,5038.19,0,2026-02-13 19:41:00+00:00,5033.46,stop_loss,-6.039999999999964,False
-1,2026-02-17 12:45:00+00:00,2026-02-17 12:47:00+00:00,4936.07,breakout_next_open,4943.32,4914.32,7.25,21.75,120,2026-02-17 14:47:00+00:00,4937.47,4943.32,0,2026-02-17 13:16:00+00:00,4914.32,target_hit,21.75,True
-1,2026-02-17 14:00:00+00:00,2026-02-17 14:02:00+00:00,4852.09,breakout_next_open,4921.99,4642.390000000001,69.89999999999964,209.6999999999989,120,2026-02-17 16:45:00+00:00,4911.69,4921.99,1,2026-02-17 16:45:00+00:00,4880.56,timeout,-28.470000000000255,False
-1,2026-02-17 17:00:00+00:00,2026-02-17 17:02:00+00:00,4865.03,breakout_next_open,4880.84,4817.5999999999985,15.8100000000004,47.4300000000012,120,2026-02-17 19:15:00+00:00,4874.58,4880.84,1,2026-02-17 18:20:00+00:00,4880.84,stop_loss,-15.8100000000004,False
-1,2026-02-17 19:30:00+00:00,2026-02-17 19:32:00+00:00,4879.78,breakout_next_open,4896.12,4830.759999999999,16.340000000000146,49.02000000000044,120,2026-02-17 21:32:00+00:00,4889.72,4896.12,0,2026-02-17 21:32:00+00:00,4881.18,timeout,-1.4000000000005457,False
1,2026-02-18 12:15:00+00:00,2026-02-18 12:17:00+00:00,4924.51,breakout_next_open,4911.15,4964.590000000002,13.360000000000582,40.080000000001746,120,2026-02-18 15:15:00+00:00,4911.15,4918.32,1,2026-02-18 13:36:00+00:00,4964.590000000002,target_hit,40.080000000001746,True
1,2026-02-19 15:30:00+00:00,2026-02-19 15:32:00+00:00,5017.25,breakout_next_open,4996.44,5079.680000000001,20.8100000000004,62.4300000000012,120,2026-02-19 17:32:00+00:00,4996.44,5002.44,0,2026-02-19 16:27:00+00:00,4996.44,stop_loss,-20.8100000000004,False
1,2026-02-19 18:45:00+00:00,2026-02-19 18:50:00+00:00,4982.23,breakout_next_open,4979.93,4989.129999999997,2.2999999999992724,6.899999999997817,120,2026-02-19 20:50:00+00:00,4979.93,4983.49,0,2026-02-19 18:51:00+00:00,4979.93,stop_loss,-2.2999999999992724,False
1,2026-02-20 12:45:00+00:00,2026-02-20 12:47:00+00:00,5024.1,breakout_next_open,5011.24,5062.680000000002,12.860000000000582,38.580000000001746,120,2026-02-20 14:47:00+00:00,5011.24,5020.38,0,2026-02-20 14:47:00+00:00,5057.9,timeout,33.79999999999927,True
1,2026-02-20 15:30:00+00:00,2026-02-20 15:38:00+00:00,5033.99,breakout_next_open,5018.9,5079.26,15.090000000000146,45.27000000000044,120,2026-02-20 17:38:00+00:00,5018.9,5032.16,0,2026-02-20 17:38:00+00:00,5065.66,timeout,31.670000000000073,True
1,2026-02-20 18:45:00+00:00,2026-02-20 18:47:00+00:00,5072.59,breakout_next_open,5056.42,5121.1,16.170000000000073,48.51000000000022,120,2026-02-20 22:00:00+00:00,5056.42,5064.75,1,2026-02-22 23:01:00+00:00,5111.59,timeout,39.0,True
1,2026-02-23 08:45:00+00:00,2026-02-23 08:47:00+00:00,5134.73,breakout_next_open,5124.12,5166.559999999999,10.609999999999673,31.829999999999018,120,2026-02-23 11:00:00+00:00,5124.12,5131.57,1,2026-02-23 11:00:00+00:00,5161.75,timeout,27.020000000000437,True
1,2026-02-23 18:30:00+00:00,2026-02-23 18:38:00+00:00,5213.36,breakout_next_open,5208.08,5229.199999999999,5.279999999999745,15.839999999999236,120,2026-02-23 20:38:00+00:00,5208.08,5212.76,0,2026-02-23 18:42:00+00:00,5208.08,stop_loss,-5.279999999999745,False
1,2026-02-23 18:45:00+00:00,2026-02-23 18:47:00+00:00,5209.81,breakout_next_open,5205.07,5224.0300000000025,4.740000000000691,14.220000000002074,120,2026-02-23 20:47:00+00:00,5205.07,5209.96,0,2026-02-23 20:09:00+00:00,5224.0300000000025,target_hit,14.220000000002074,True
-1,2026-02-26 08:30:00+00:00,2026-02-26 08:32:00+00:00,5175.93,breakout_next_open,5190.3,5132.820000000001,14.36999999999989,43.10999999999967,120,2026-02-26 10:32:00+00:00,5185.48,5190.3,0,2026-02-26 10:05:00+00:00,5190.3,stop_loss,-14.36999999999989,False
1,2026-02-27 13:15:00+00:00,2026-02-27 13:17:00+00:00,5217.73,breakout_next_open,5186.65,5310.969999999999,31.079999999999927,93.23999999999978,120,2026-02-27 15:30:00+00:00,5186.65,5191.97,1,2026-02-27 15:30:00+00:00,5233.36,timeout,15.63000000000011,True
1,2026-02-27 18:30:00+00:00,2026-02-27 18:32:00+00:00,5231.33,breakout_next_open,5221.91,5259.59,9.420000000000073,28.26000000000022,120,2026-02-27 20:45:00+00:00,5221.91,5226.12,1,2026-02-27 20:21:00+00:00,5259.59,target_hit,28.26000000000022,True
1,2026-03-02 13:30:00+00:00,2026-03-02 13:32:00+00:00,5414.89,breakout_next_open,5382.7,5511.460000000002,32.19000000000051,96.57000000000153,120,2026-03-02 15:32:00+00:00,5382.7,5390.69,0,2026-03-02 14:01:00+00:00,5382.7,stop_loss,-32.19000000000051,False
-1,2026-03-03 20:45:00+00:00,2026-03-03 20:47:00+00:00,5104.85,breakout_next_open,5124.66,5045.420000000002,19.80999999999949,59.42999999999847,120,2026-03-03 22:47:00+00:00,5116.85,5124.66,0,2026-03-03 23:01:00+00:00,5094.43,timeout,10.420000000000073,True
1,2026-03-04 13:15:00+00:00,2026-03-04 13:17:00+00:00,5191.63,breakout_next_open,5170.29,5255.650000000001,21.340000000000146,64.02000000000044,120,2026-03-04 15:17:00+00:00,5170.29,5179.35,0,2026-03-04 13:59:00+00:00,5170.29,stop_loss,-21.340000000000146,False
1,2026-03-04 16:00:00+00:00,2026-03-04 16:02:00+00:00,5157.17,breakout_next_open,5138.27,5213.869999999999,18.899999999999636,56.69999999999891,120,2026-03-04 18:02:00+00:00,5138.27,5146.19,0,2026-03-04 17:22:00+00:00,5138.27,stop_loss,-18.899999999999636,False
-1,2026-03-05 16:15:00+00:00,2026-03-05 16:17:00+00:00,5077.04,breakout_next_open,5102.51,5000.629999999999,25.470000000000255,76.41000000000076,120,2026-03-05 18:30:00+00:00,5092.94,5102.51,1,2026-03-05 18:30:00+00:00,5077.1,timeout,-0.06000000000040018,False
-1,2026-03-05 19:00:00+00:00,2026-03-05 19:02:00+00:00,5074.06,breakout_next_open,5084.23,5043.550000000003,10.169999999999163,30.50999999999749,120,2026-03-05 21:02:00+00:00,5079.61,5084.23,0,2026-03-05 20:16:00+00:00,5084.23,stop_loss,-10.169999999999163,False
-1,2026-03-06 19:00:00+00:00,2026-03-06 19:02:00+00:00,5162.32,breakout_next_open,5167.05,5148.129999999998,4.730000000000473,14.190000000001419,120,2026-03-06 21:02:00+00:00,5161.76,5167.05,0,2026-03-06 19:04:00+00:00,5167.05,stop_loss,-4.730000000000473,False
-1,2026-03-06 20:15:00+00:00,2026-03-06 20:20:00+00:00,5154.9,breakout_next_open,5160.99,5136.629999999999,6.0900000000001455,18.270000000000437,120,2026-03-06 22:20:00+00:00,5155.01,5160.99,0,2026-03-06 20:25:00+00:00,5160.99,stop_loss,-6.0900000000001455,False
-1,2026-03-06 20:30:00+00:00,2026-03-06 20:32:00+00:00,5153.74,breakout_next_open,5161.34,5130.939999999999,7.600000000000364,22.80000000000109,120,2026-03-06 22:32:00+00:00,5154.75,5161.34,0,2026-03-06 20:40:00+00:00,5161.34,stop_loss,-7.600000000000364,False
-1,2026-03-11 14:45:00+00:00,2026-03-11 14:47:00+00:00,5180.42,breakout_next_open,5192.91,5142.950000000001,12.489999999999782,37.469999999999345,120,2026-03-11 16:47:00+00:00,5187.21,5192.91,0,2026-03-11 14:50:00+00:00,5192.91,stop_loss,-12.489999999999782,False
1,2026-03-16 16:45:00+00:00,2026-03-16 16:47:00+00:00,4986.35,breakout_next_open,4978.55,5009.750000000001,7.800000000000182,23.400000000000546,120,2026-03-16 20:15:00+00:00,4978.55,4983.74,2,2026-03-16 18:33:00+00:00,5009.750000000001,target_hit,23.400000000000546,True
1,2026-03-17 11:15:00+00:00,2026-03-17 11:17:00+00:00,5007.71,breakout_next_open,4997.8,5037.44,9.909999999999854,29.729999999999563,120,2026-03-17 14:30:00+00:00,4997.8,5001.89,1,2026-03-17 14:30:00+00:00,5007.15,timeout,-0.5600000000004002,False
-1,2026-03-18 18:30:00+00:00,2026-03-18 18:33:00+00:00,4878.55,breakout_next_open,4887.86,4850.620000000002,9.30999999999949,27.929999999998472,120,2026-03-18 20:45:00+00:00,4878.49,4887.86,1,2026-03-18 19:00:00+00:00,4850.620000000002,target_hit,27.929999999998472,True
-1,2026-03-19 08:45:00+00:00,2026-03-19 08:47:00+00:00,4700.83,breakout_next_open,4722.59,4635.549999999999,21.76000000000022,65.28000000000065,120,2026-03-19 10:47:00+00:00,4711.67,4722.59,0,2026-03-19 09:23:00+00:00,4722.59,stop_loss,-21.76000000000022,False
-1,2026-03-19 11:30:00+00:00,2026-03-19 11:36:00+00:00,4674.53,breakout_next_open,4687.1,4636.819999999998,12.570000000000618,37.710000000001855,120,2026-03-19 13:36:00+00:00,4677.37,4687.1,0,2026-03-19 12:03:00+00:00,4636.819999999998,target_hit,37.710000000001855,True
-1,2026-03-20 12:30:00+00:00,2026-03-20 12:32:00+00:00,4676.4,breakout_next_open,4688.63,4639.709999999998,12.230000000000473,36.69000000000142,120,2026-03-20 14:32:00+00:00,4678.5,4688.63,0,2026-03-20 13:35:00+00:00,4639.709999999998,target_hit,36.69000000000142,True
-1,2026-03-20 14:30:00+00:00,2026-03-20 14:32:00+00:00,4569.29,breakout_next_open,4589.45,4508.81,20.159999999999854,60.47999999999956,120,2026-03-20 16:32:00+00:00,4573.43,4589.45,0,2026-03-20 16:15:00+00:00,4589.45,stop_loss,-20.159999999999854,False
-1,2026-03-20 19:00:00+00:00,2026-03-20 19:02:00+00:00,4512.92,breakout_next_open,4529.61,4462.850000000001,16.6899999999996,50.0699999999988,120,2026-03-20 21:02:00+00:00,4521.98,4529.61,0,2026-03-22 22:01:00+00:00,4462.850000000001,target_hit,50.0699999999988,True
-1,2026-03-23 09:45:00+00:00,2026-03-23 09:47:00+00:00,4238.99,breakout_next_open,4307.49,4033.49,68.5,205.5,120,2026-03-23 12:45:00+00:00,4293.08,4307.49,1,2026-03-23 11:05:00+00:00,4307.49,stop_loss,-68.5,False
-1,2026-03-23 11:30:00+00:00,2026-03-23 11:32:00+00:00,4408.27,breakout_next_open,4463.49,4242.610000000002,55.219999999999345,165.65999999999804,120,2026-03-23 13:32:00+00:00,4417.24,4463.49,0,2026-03-23 12:49:00+00:00,4463.49,stop_loss,-55.219999999999345,False
-1,2026-03-23 13:15:00+00:00,2026-03-23 13:17:00+00:00,4445.82,breakout_next_open,4487.27,4321.4699999999975,41.45000000000073,124.35000000000218,120,2026-03-23 15:17:00+00:00,4464.4,4487.27,0,2026-03-23 14:17:00+00:00,4487.27,stop_loss,-41.45000000000073,False
-1,2026-03-23 18:00:00+00:00,2026-03-23 18:08:00+00:00,4407.29,breakout_next_open,4418.64,4373.239999999999,11.350000000000364,34.05000000000109,120,2026-03-23 20:08:00+00:00,4410.64,4418.64,0,2026-03-23 18:09:00+00:00,4418.64,stop_loss,-11.350000000000364,False
-1,2026-03-23 18:15:00+00:00,2026-03-23 18:17:00+00:00,4410.39,breakout_next_open,4427.44,4359.2400000000025,17.049999999999272,51.14999999999782,120,2026-03-23 20:17:00+00:00,4420.96,4427.44,0,2026-03-23 18:26:00+00:00,4427.44,stop_loss,-17.049999999999272,False
-1,2026-03-23 19:15:00+00:00,2026-03-23 19:17:00+00:00,4399.92,breakout_next_open,4446.32,4260.720000000001,46.399999999999636,139.1999999999989,120,2026-03-23 21:17:00+00:00,4439.36,4446.32,0,2026-03-23 22:01:00+00:00,4419.9,timeout,-19.979999999999563,False
-1,2026-03-24 11:00:00+00:00,2026-03-24 11:02:00+00:00,4387.8,breakout_next_open,4427.11,4269.870000000002,39.30999999999949,117.92999999999847,120,2026-03-24 13:02:00+00:00,4419.17,4427.11,0,2026-03-24 11:34:00+00:00,4427.11,stop_loss,-39.30999999999949,False
-1,2026-03-24 13:30:00+00:00,2026-03-24 13:32:00+00:00,4367.92,breakout_next_open,4380.75,4329.43,12.829999999999927,38.48999999999978,120,2026-03-24 15:32:00+00:00,4372.42,4380.75,0,2026-03-24 13:57:00+00:00,4380.75,stop_loss,-12.829999999999927,False
-1,2026-03-24 15:15:00+00:00,2026-03-24 15:18:00+00:00,4407.13,breakout_next_open,4421.94,4362.700000000002,14.80999999999949,44.42999999999847,120,2026-03-24 17:18:00+00:00,4407.81,4421.94,0,2026-03-24 15:37:00+00:00,4421.94,stop_loss,-14.80999999999949,False
-1,2026-03-24 17:30:00+00:00,2026-03-24 17:32:00+00:00,4390.89,breakout_next_open,4404.65,4349.610000000002,13.759999999999309,41.279999999997926,120,2026-03-24 19:45:00+00:00,4401.05,4404.65,1,2026-03-24 18:24:00+00:00,4404.65,stop_loss,-13.759999999999309,False
-1,2026-03-24 19:45:00+00:00,2026-03-24 19:52:00+00:00,4398.19,breakout_next_open,4403.96,4380.879999999998,5.770000000000437,17.31000000000131,120,2026-03-24 21:52:00+00:00,4397.03,4403.96,0,2026-03-24 19:53:00+00:00,4403.96,stop_loss,-5.770000000000437,False
-1,2026-03-25 14:00:00+00:00,2026-03-25 14:02:00+00:00,4545.38,breakout_next_open,4563.93,4489.73,18.550000000000182,55.650000000000546,120,2026-03-25 16:02:00+00:00,4555.06,4563.93,0,2026-03-25 14:30:00+00:00,4563.93,stop_loss,-18.550000000000182,False
-1,2026-03-26 12:00:00+00:00,2026-03-26 12:02:00+00:00,4422.27,breakout_next_open,4442.75,4360.830000000002,20.479999999999563,61.43999999999869,120,2026-03-26 14:02:00+00:00,4436.61,4442.75,0,2026-03-26 12:10:00+00:00,4442.75,stop_loss,-20.479999999999563,False
-1,2026-03-26 15:15:00+00:00,2026-03-26 15:17:00+00:00,4452.64,breakout_next_open,4466.76,4410.280000000001,14.11999999999989,42.35999999999967,120,2026-03-26 17:30:00+00:00,4459.82,4466.76,1,2026-03-26 16:21:00+00:00,4410.280000000001,target_hit,42.35999999999967,True
1,2026-03-27 15:30:00+00:00,2026-03-27 15:32:00+00:00,4550.94,breakout_next_open,4521.99,4637.789999999999,28.949999999999818,86.84999999999945,120,2026-03-27 17:32:00+00:00,4521.99,4531.17,0,2026-03-27 15:55:00+00:00,4521.99,stop_loss,-28.949999999999818,False
1,2026-03-27 17:00:00+00:00,2026-03-27 17:07:00+00:00,4521.57,breakout_next_open,4508.64,4560.359999999998,12.929999999999382,38.789999999998145,120,2026-03-27 19:07:00+00:00,4508.64,4515.51,0,2026-03-27 17:15:00+00:00,4508.64,stop_loss,-12.929999999999382,False
1,2026-03-27 18:00:00+00:00,2026-03-27 18:02:00+00:00,4495.69,breakout_next_open,4488.27,4517.949999999997,7.419999999999163,22.25999999999749,120,2026-03-27 20:30:00+00:00,4488.27,4495.26,2,2026-03-27 18:36:00+00:00,4517.949999999997,target_hit,22.25999999999749,True
1,2026-03-30 11:15:00+00:00,2026-03-30 11:17:00+00:00,4539.1,breakout_next_open,4531.47,4561.990000000001,7.630000000000109,22.890000000000327,120,2026-03-30 13:17:00+00:00,4531.47,4535.87,0,2026-03-30 11:44:00+00:00,4561.990000000001,target_hit,22.890000000000327,True
1,2026-03-30 11:45:00+00:00,2026-03-30 11:47:00+00:00,4570.54,breakout_next_open,4543.13,4652.7699999999995,27.409999999999854,82.22999999999956,120,2026-03-30 14:30:00+00:00,4543.13,4551.73,1,2026-03-30 13:45:00+00:00,4543.13,stop_loss,-27.409999999999854,False
1,2026-03-30 15:00:00+00:00,2026-03-30 15:02:00+00:00,4541.52,breakout_next_open,4523.22,4596.420000000001,18.300000000000182,54.900000000000546,120,2026-03-30 17:45:00+00:00,4523.22,4529.64,1,2026-03-30 17:14:00+00:00,4523.22,stop_loss,-18.300000000000182,False
1,2026-03-31 11:00:00+00:00,2026-03-31 11:02:00+00:00,4548.96,breakout_next_open,4541.43,4571.549999999999,7.529999999999745,22.589999999999236,120,2026-03-31 13:02:00+00:00,4541.43,4548.99,0,2026-03-31 11:10:00+00:00,4541.43,stop_loss,-7.529999999999745,False
1,2026-03-31 11:30:00+00:00,2026-03-31 11:32:00+00:00,4570.96,breakout_next_open,4549.63,4634.95,21.329999999999927,63.98999999999978,120,2026-03-31 13:32:00+00:00,4549.63,4559.81,0,2026-03-31 13:32:00+00:00,4567.84,timeout,-3.119999999999891,False
1,2026-03-31 15:15:00+00:00,2026-03-31 15:17:00+00:00,4619.85,breakout_next_open,4599.1,4682.1,20.75,62.25,120,2026-03-31 17:17:00+00:00,4599.1,4605.83,0,2026-03-31 17:17:00+00:00,4643.11,timeout,23.25999999999931,True
1,2026-04-01 07:00:00+00:00,2026-04-01 07:02:00+00:00,4728.19,breakout_next_open,4708.17,4788.249999999998,20.019999999999527,60.05999999999858,120,2026-04-01 09:02:00+00:00,4708.17,4718.58,0,2026-04-01 09:02:00+00:00,4729.9,timeout,1.7100000000000364,True
1,2026-04-01 15:45:00+00:00,2026-04-01 15:47:00+00:00,4784.86,breakout_next_open,4769.57,4830.73,15.289999999999964,45.86999999999989,120,2026-04-01 17:47:00+00:00,4769.57,4778.12,0,2026-04-01 17:47:00+00:00,4780.19,timeout,-4.670000000000073,False
-1,2026-04-02 11:45:00+00:00,2026-04-02 11:47:00+00:00,4600.52,breakout_next_open,4617.5,4549.580000000002,16.979999999999563,50.93999999999869,120,2026-04-02 13:47:00+00:00,4609.14,4617.5,0,2026-04-02 12:20:00+00:00,4617.5,stop_loss,-16.979999999999563,False
-1,2026-04-02 12:45:00+00:00,2026-04-02 12:47:00+00:00,4619.68,breakout_next_open,4627.66,4595.740000000002,7.979999999999563,23.93999999999869,120,2026-04-02 14:47:00+00:00,4621.28,4627.66,0,2026-04-02 13:00:00+00:00,4595.740000000002,target_hit,23.93999999999869,True
-1,2026-04-02 13:00:00+00:00,2026-04-02 13:02:00+00:00,4596.52,breakout_next_open,4620.08,4525.840000000002,23.55999999999949,70.67999999999847,120,2026-04-02 15:02:00+00:00,4613.32,4620.08,0,2026-04-02 13:47:00+00:00,4620.08,stop_loss,-23.55999999999949,False
1,2026-04-02 18:45:00+00:00,2026-04-02 18:47:00+00:00,4666.46,breakout_next_open,4651.94,4710.020000000001,14.520000000000437,43.56000000000131,120,2026-04-02 21:15:00+00:00,4651.94,4657.81,1,2026-04-05 22:01:00+00:00,4651.94,stop_loss,-14.520000000000437,False
1,2026-04-07 08:15:00+00:00,2026-04-07 08:17:00+00:00,4662.6,breakout_next_open,4648.46,4705.020000000001,14.140000000000327,42.42000000000098,120,2026-04-07 10:17:00+00:00,4648.46,4661.15,0,2026-04-07 10:17:00+00:00,4674.0,timeout,11.399999999999636,True
-1,2026-04-07 14:15:00+00:00,2026-04-07 14:17:00+00:00,4621.04,breakout_next_open,4645.71,4547.03,24.670000000000073,74.01000000000022,120,2026-04-07 16:17:00+00:00,4637.04,4645.71,0,2026-04-07 14:24:00+00:00,4645.71,stop_loss,-24.670000000000073,False
-1,2026-04-07 19:00:00+00:00,2026-04-07 19:02:00+00:00,4662.81,breakout_next_open,4674.95,4626.390000000002,12.139999999999418,36.419999999998254,120,2026-04-07 21:02:00+00:00,4669.68,4674.95,0,2026-04-07 19:18:00+00:00,4674.95,stop_loss,-12.139999999999418,False
-1,2026-04-09 18:15:00+00:00,2026-04-09 18:17:00+00:00,4785.15,breakout_next_open,4795.23,4754.91,10.079999999999927,30.23999999999978,120,2026-04-09 20:45:00+00:00,4789.84,4795.23,1,2026-04-09 20:45:00+00:00,4767.19,timeout,17.960000000000036,True
-1,2026-04-13 09:15:00+00:00,2026-04-13 09:17:00+00:00,4719.1,breakout_next_open,4726.94,4695.580000000003,7.839999999999236,23.519999999997708,120,2026-04-13 12:30:00+00:00,4721.77,4726.94,1,2026-04-13 11:05:00+00:00,4726.94,stop_loss,-7.839999999999236,False
-1,2026-04-13 11:45:00+00:00,2026-04-13 11:47:00+00:00,4709.19,breakout_next_open,4720.23,4676.07,11.039999999999964,33.11999999999989,120,2026-04-13 13:47:00+00:00,4715.48,4720.23,0,2026-04-13 12:13:00+00:00,4720.23,stop_loss,-11.039999999999964,False
1,2026-04-14 13:15:00+00:00,2026-04-14 13:17:00+00:00,4784.07,breakout_next_open,4770.96,4823.399999999999,13.109999999999673,39.32999999999902,120,2026-04-14 18:30:00+00:00,4770.96,4776.19,3,2026-04-14 17:05:00+00:00,4823.399999999999,target_hit,39.32999999999902,True
1,2026-04-14 17:15:00+00:00,2026-04-14 17:17:00+00:00,4827.62,breakout_next_open,4810.59,4878.709999999999,17.029999999999745,51.089999999999236,120,2026-04-14 21:15:00+00:00,4810.59,4818.28,1,2026-04-14 22:01:00+00:00,4837.66,timeout,10.039999999999964,True
-1,2026-04-15 14:45:00+00:00,2026-04-15 14:47:00+00:00,4818.59,breakout_next_open,4825.81,4796.929999999999,7.220000000000255,21.660000000000764,120,2026-04-15 17:15:00+00:00,4820.61,4825.81,1,2026-04-15 15:30:00+00:00,4796.929999999999,target_hit,21.660000000000764,True
-1,2026-04-15 15:30:00+00:00,2026-04-15 15:32:00+00:00,4793.29,breakout_next_open,4809.03,4746.070000000001,15.739999999999782,47.219999999999345,120,2026-04-15 17:32:00+00:00,4804.23,4809.03,0,2026-04-15 16:13:00+00:00,4809.03,stop_loss,-15.739999999999782,False
-1,2026-04-21 12:30:00+00:00,2026-04-21 12:32:00+00:00,4777.23,breakout_next_open,4790.57,4737.209999999999,13.340000000000146,40.02000000000044,120,2026-04-21 14:32:00+00:00,4787.02,4790.57,0,2026-04-21 13:40:00+00:00,4790.57,stop_loss,-13.340000000000146,False
-1,2026-04-22 14:15:00+00:00,2026-04-22 14:17:00+00:00,4745.96,breakout_next_open,4754.52,4720.279999999999,8.5600000000004,25.6800000000012,120,2026-04-22 17:30:00+00:00,4750.6,4754.52,2,2026-04-22 17:30:00+00:00,4736.4,timeout,9.5600000000004,True
-1,2026-04-24 15:30:00+00:00,2026-04-24 15:33:00+00:00,4720.64,breakout_next_open,4726.23,4703.870000000003,5.589999999999236,16.769999999997708,120,2026-04-24 17:33:00+00:00,4721.4,4726.23,0,2026-04-24 15:44:00+00:00,4726.23,stop_loss,-5.589999999999236,False
-1,2026-04-28 08:15:00+00:00,2026-04-28 08:17:00+00:00,4621.75,breakout_next_open,4633.69,4585.930000000001,11.9399999999996,35.8199999999988,120,2026-04-28 10:17:00+00:00,4625.27,4633.69,0,2026-04-28 08:32:00+00:00,4633.69,stop_loss,-11.9399999999996,False
-1,2026-04-28 11:45:00+00:00,2026-04-28 11:47:00+00:00,4567.07,breakout_next_open,4600.19,4467.71,33.11999999999989,99.35999999999967,120,2026-04-28 14:00:00+00:00,4596.17,4600.19,1,2026-04-28 12:52:00+00:00,4600.19,stop_loss,-33.11999999999989,False
-1,2026-04-29 16:45:00+00:00,2026-04-29 16:47:00+00:00,4550.42,breakout_next_open,4560.49,4520.210000000001,10.069999999999709,30.209999999999127,120,2026-04-29 20:15:00+00:00,4556.27,4560.49,1,2026-04-29 18:45:00+00:00,4520.210000000001,target_hit,30.209999999999127,True
1,2026-04-30 17:00:00+00:00,2026-04-30 17:03:00+00:00,4614.44,breakout_next_open,4610.21,4627.129999999998,4.229999999999563,12.68999999999869,120,2026-04-30 20:15:00+00:00,4610.21,4614.06,1,2026-04-30 19:07:00+00:00,4627.129999999998,target_hit,12.68999999999869,True
-1,2026-05-04 15:00:00+00:00,2026-05-04 15:02:00+00:00,4562.76,breakout_next_open,4577.25,4519.290000000001,14.489999999999782,43.469999999999345,120,2026-05-04 17:15:00+00:00,4572.62,4577.25,1,2026-05-04 15:21:00+00:00,4519.290000000001,target_hit,43.469999999999345,True
-1,2026-05-05 12:45:00+00:00,2026-05-05 12:47:00+00:00,4565.75,breakout_next_open,4574.75,4538.75,9.0,27.0,120,2026-05-05 14:47:00+00:00,4568.85,4574.75,0,2026-05-05 13:04:00+00:00,4574.75,stop_loss,-9.0,False
-1,2026-05-08 07:00:00+00:00,2026-05-08 07:02:00+00:00,4724.56,breakout_next_open,4729.87,4708.630000000002,5.309999999999491,15.929999999998472,120,2026-05-08 09:02:00+00:00,4723.91,4729.87,0,2026-05-08 07:22:00+00:00,4708.630000000002,target_hit,15.929999999998472,True
1,2026-05-08 16:15:00+00:00,2026-05-08 16:17:00+00:00,4714.16,breakout_next_open,4706.15,4738.1900000000005,8.010000000000218,24.030000000000655,120,2026-05-08 18:17:00+00:00,4706.15,4712.47,0,2026-05-08 18:17:00+00:00,4726.5,timeout,12.340000000000146,True
-1,2026-05-11 08:00:00+00:00,2026-05-11 08:02:00+00:00,4666.39,breakout_next_open,4672.05,4649.410000000001,5.6599999999998545,16.979999999999563,120,2026-05-11 10:02:00+00:00,4667.28,4672.05,0,2026-05-11 08:11:00+00:00,4672.05,stop_loss,-5.6599999999998545,False
-1,2026-05-11 08:45:00+00:00,2026-05-11 08:47:00+00:00,4671.32,breakout_next_open,4673.65,4664.33,2.3299999999999272,6.989999999999782,120,2026-05-11 10:47:00+00:00,4669.83,4673.65,0,2026-05-11 09:21:00+00:00,4664.33,target_hit,6.989999999999782,True
1,2026-05-11 17:00:00+00:00,2026-05-11 17:02:00+00:00,4719.09,breakout_next_open,4712.06,4740.179999999999,7.029999999999745,21.089999999999236,120,2026-05-11 19:02:00+00:00,4712.06,4716.16,0,2026-05-11 19:02:00+00:00,4724.93,timeout,5.8400000000001455,True
-1,2026-05-13 16:45:00+00:00,2026-05-13 16:47:00+00:00,4699.35,breakout_next_open,4707.78,4674.060000000002,8.429999999999382,25.289999999998145,120,2026-05-13 18:47:00+00:00,4703.59,4707.78,0,2026-05-13 18:47:00+00:00,4679.07,timeout,20.280000000000655,True
-1,2026-05-15 15:15:00+00:00,2026-05-15 15:17:00+00:00,4551.35,breakout_next_open,4564.04,4513.280000000002,12.6899999999996,38.0699999999988,120,2026-05-15 17:17:00+00:00,4559.47,4564.04,0,2026-05-15 17:17:00+00:00,4554.87,timeout,-3.519999999999527,False
-1,2026-05-18 08:00:00+00:00,2026-05-18 08:02:00+00:00,4546.01,breakout_next_open,4551.82,4528.580000000002,5.809999999999491,17.429999999998472,120,2026-05-18 10:02:00+00:00,4547.4,4551.82,0,2026-05-18 08:33:00+00:00,4551.82,stop_loss,-5.809999999999491,False
-1,2026-05-18 09:15:00+00:00,2026-05-18 09:17:00+00:00,4546.14,breakout_next_open,4550.68,4532.52,4.539999999999964,13.61999999999989,120,2026-05-18 11:45:00+00:00,4546.68,4550.68,1,2026-05-18 10:34:00+00:00,4532.52,target_hit,13.61999999999989,True
1,2026-05-18 15:45:00+00:00,2026-05-18 15:47:00+00:00,4541.03,breakout_next_open,4534.32,4561.16,6.710000000000036,20.13000000000011,120,2026-05-18 17:47:00+00:00,4534.32,4540.15,0,2026-05-18 16:28:00+00:00,4534.32,stop_loss,-6.710000000000036,False
1,2026-05-18 16:45:00+00:00,2026-05-18 16:47:00+00:00,4544.86,breakout_next_open,4536.62,4569.579999999999,8.239999999999782,24.719999999999345,120,2026-05-18 20:30:00+00:00,4536.62,4541.12,1,2026-05-18 18:58:00+00:00,4536.62,stop_loss,-8.239999999999782,False
1,2026-05-18 19:45:00+00:00,2026-05-18 19:47:00+00:00,4559.53,breakout_next_open,4551.17,4584.609999999999,8.359999999999673,25.079999999999018,120,2026-05-18 21:47:00+00:00,4551.17,4555.47,0,2026-05-18 22:01:00+00:00,4569.04,timeout,9.510000000000218,True
-1,2026-05-19 08:15:00+00:00,2026-05-19 08:17:00+00:00,4546.68,breakout_next_open,4559.53,4508.130000000002,12.849999999999454,38.54999999999836,120,2026-05-19 10:17:00+00:00,4554.17,4559.53,0,2026-05-19 10:17:00+00:00,4540.22,timeout,6.460000000000036,True
-1,2026-05-19 11:30:00+00:00,2026-05-19 11:38:00+00:00,4536.78,breakout_next_open,4540.95,4524.2699999999995,4.170000000000073,12.510000000000218,120,2026-05-19 13:38:00+00:00,4537.11,4540.95,0,2026-05-19 11:43:00+00:00,4540.95,stop_loss,-4.170000000000073,False
-1,2026-05-19 13:30:00+00:00,2026-05-19 13:32:00+00:00,4470.72,breakout_next_open,4523.39,4312.71,52.67000000000007,158.01000000000022,120,2026-05-19 15:32:00+00:00,4517.51,4523.39,0,2026-05-19 15:32:00+00:00,4505.54,timeout,-34.81999999999971,False
-1,2026-05-19 17:45:00+00:00,2026-05-19 17:47:00+00:00,4500.4,breakout_next_open,4507.01,4480.569999999998,6.610000000000582,19.830000000001746,120,2026-05-19 19:47:00+00:00,4502.95,4507.01,0,2026-05-19 19:47:00+00:00,4486.6,timeout,13.799999999999272,True
-1,2026-05-26 13:45:00+00:00,2026-05-26 13:51:00+00:00,4519.99,breakout_next_open,4527.58,4497.219999999999,7.5900000000001455,22.770000000000437,120,2026-05-26 17:30:00+00:00,4522.74,4527.58,1,2026-05-26 17:30:00+00:00,4499.1,timeout,20.889999999999418,True
-1,2026-05-26 18:00:00+00:00,2026-05-26 18:03:00+00:00,4485.67,breakout_next_open,4494.91,4457.950000000001,9.239999999999782,27.719999999999345,120,2026-05-26 20:03:00+00:00,4490.52,4494.91,0,2026-05-26 18:26:00+00:00,4494.91,stop_loss,-9.239999999999782,False
-1,2026-05-28 10:45:00+00:00,2026-05-28 10:47:00+00:00,4386.44,breakout_next_open,4396.24,4357.039999999999,9.800000000000182,29.400000000000546,120,2026-05-28 12:47:00+00:00,4391.55,4396.24,0,2026-05-28 12:36:00+00:00,4396.24,stop_loss,-9.800000000000182,False
1,2026-05-29 15:00:00+00:00,2026-05-29 15:02:00+00:00,4570.0,breakout_next_open,4540.05,4659.849999999999,29.949999999999818,89.84999999999945,120,2026-05-29 17:15:00+00:00,4540.05,4549.8,1,2026-05-29 17:15:00+00:00,4563.65,timeout,-6.350000000000364,False
-1,2026-06-01 11:30:00+00:00,2026-06-01 11:33:00+00:00,4507.85,breakout_next_open,4512.11,4495.070000000002,4.259999999999309,12.779999999997926,120,2026-06-01 13:33:00+00:00,4508.49,4512.11,0,2026-06-01 13:10:00+00:00,4495.070000000002,target_hit,12.779999999997926,True
-1,2026-06-01 13:15:00+00:00,2026-06-01 13:17:00+00:00,4481.48,breakout_next_open,4504.19,4413.349999999999,22.710000000000036,68.13000000000011,120,2026-06-01 15:45:00+00:00,4498.32,4504.19,1,2026-06-01 15:45:00+00:00,4474.12,timeout,7.359999999999673,True
1,2026-06-04 09:45:00+00:00,2026-06-04 09:47:00+00:00,4468.24,breakout_next_open,4462.21,4486.329999999999,6.029999999999745,18.089999999999236,120,2026-06-04 12:30:00+00:00,4462.21,4467.23,1,2026-06-04 11:26:00+00:00,4486.329999999999,target_hit,18.089999999999236,True
1,2026-06-04 12:00:00+00:00,2026-06-04 12:02:00+00:00,4505.95,breakout_next_open,4493.65,4542.85,12.300000000000182,36.900000000000546,120,2026-06-04 14:02:00+00:00,4493.65,4498.79,0,2026-06-04 12:11:00+00:00,4493.65,stop_loss,-12.300000000000182,False
1,2026-06-04 12:30:00+00:00,2026-06-04 12:32:00+00:00,4500.63,breakout_next_open,4492.29,4525.650000000001,8.340000000000146,25.020000000000437,120,2026-06-04 15:00:00+00:00,4492.29,4496.56,1,2026-06-04 14:08:00+00:00,4492.29,stop_loss,-8.340000000000146,False
-1,2026-06-05 13:00:00+00:00,2026-06-05 13:02:00+00:00,4416.47,breakout_next_open,4444.68,4331.84,28.210000000000036,84.63000000000011,120,2026-06-05 15:02:00+00:00,4440.18,4444.68,0,2026-06-05 15:02:00+00:00,4367.0,timeout,49.470000000000255,True
-1,2026-06-05 17:15:00+00:00,2026-06-05 17:17:00+00:00,4338.36,breakout_next_open,4344.74,4319.219999999999,6.380000000000109,19.140000000000327,120,2026-06-05 19:17:00+00:00,4340.39,4344.74,0,2026-06-05 17:39:00+00:00,4344.74,stop_loss,-6.380000000000109,False
-1,2026-06-08 07:30:00+00:00,2026-06-08 07:38:00+00:00,4306.54,breakout_next_open,4309.59,4297.389999999999,3.050000000000182,9.150000000000546,120,2026-06-08 09:38:00+00:00,4304.74,4309.59,0,2026-06-08 07:51:00+00:00,4297.389999999999,target_hit,9.150000000000546,True
-1,2026-06-08 09:00:00+00:00,2026-06-08 09:03:00+00:00,4291.27,breakout_next_open,4293.96,4283.200000000002,2.6899999999996,8.0699999999988,120,2026-06-08 11:03:00+00:00,4289.52,4293.96,0,2026-06-08 09:28:00+00:00,4283.200000000002,target_hit,8.0699999999988,True
-1,2026-06-10 07:15:00+00:00,2026-06-10 07:17:00+00:00,4200.2,breakout_next_open,4205.67,4183.789999999999,5.470000000000255,16.410000000000764,120,2026-06-10 09:17:00+00:00,4200.34,4205.67,0,2026-06-10 07:52:00+00:00,4183.789999999999,target_hit,16.410000000000764,True
-1,2026-06-10 09:15:00+00:00,2026-06-10 09:17:00+00:00,4169.8,breakout_next_open,4172.8,4160.8,3.0,9.0,120,2026-06-10 11:17:00+00:00,4168.91,4172.8,0,2026-06-10 09:18:00+00:00,4172.8,stop_loss,-3.0,False
-1,2026-06-10 11:45:00+00:00,2026-06-10 11:47:00+00:00,4153.56,breakout_next_open,4166.47,4114.830000000001,12.909999999999854,38.72999999999956,120,2026-06-10 13:47:00+00:00,4161.03,4166.47,0,2026-06-10 12:30:00+00:00,4166.47,stop_loss,-12.909999999999854,False
-1,2026-06-10 14:30:00+00:00,2026-06-10 14:32:00+00:00,4155.65,breakout_next_open,4175.51,4096.069999999998,19.860000000000582,59.580000000001746,120,2026-06-10 17:00:00+00:00,4168.27,4175.51,1,2026-06-10 17:00:00+00:00,4125.4,timeout,30.25,True
-1,2026-06-10 17:00:00+00:00,2026-06-10 17:11:00+00:00,4116.49,breakout_next_open,4120.59,4104.189999999999,4.100000000000364,12.300000000001091,120,2026-06-10 19:11:00+00:00,4115.88,4120.59,0,2026-06-10 17:41:00+00:00,4104.189999999999,target_hit,12.300000000001091,True
1,2026-06-12 07:45:00+00:00,2026-06-12 07:47:00+00:00,4182.41,breakout_next_open,4173.83,4208.15,8.579999999999927,25.73999999999978,120,2026-06-12 10:15:00+00:00,4173.83,4177.95,1,2026-06-12 08:17:00+00:00,4208.15,target_hit,25.73999999999978,True
1,2026-06-12 08:15:00+00:00,2026-06-12 08:17:00+00:00,4206.69,breakout_next_open,4192.61,4248.929999999999,14.079999999999927,42.23999999999978,120,2026-06-12 10:17:00+00:00,4192.61,4198.78,0,2026-06-12 10:17:00+00:00,4216.12,timeout,9.430000000000291,True
1,2026-06-15 07:15:00+00:00,2026-06-15 07:17:00+00:00,4314.47,breakout_next_open,4306.42,4338.620000000001,8.050000000000182,24.150000000000546,120,2026-06-15 09:17:00+00:00,4306.42,4310.8,0,2026-06-15 08:33:00+00:00,4338.620000000001,target_hit,24.150000000000546,True
1,2026-06-15 08:45:00+00:00,2026-06-15 08:47:00+00:00,4341.72,breakout_next_open,4328.98,4379.940000000002,12.740000000000691,38.220000000002074,120,2026-06-15 10:47:00+00:00,4328.98,4332.9,0,2026-06-15 10:47:00+00:00,4339.2,timeout,-2.5200000000004366,False
-1,2026-06-16 13:15:00+00:00,2026-06-16 13:17:00+00:00,4341.1,breakout_next_open,4355.01,4299.370000000001,13.909999999999854,41.72999999999956,120,2026-06-16 15:17:00+00:00,4350.55,4355.01,0,2026-06-16 15:17:00+00:00,4326.04,timeout,15.0600000000004,True
-1,2026-06-18 11:15:00+00:00,2026-06-18 11:18:00+00:00,4246.72,breakout_next_open,4251.76,4231.6,5.039999999999964,15.11999999999989,120,2026-06-18 13:45:00+00:00,4246.69,4251.76,1,2026-06-18 12:11:00+00:00,4251.76,stop_loss,-5.039999999999964,False
-1,2026-06-18 12:45:00+00:00,2026-06-18 12:47:00+00:00,4246.22,breakout_next_open,4257.77,4211.57,11.550000000000182,34.650000000000546,120,2026-06-18 14:47:00+00:00,4250.75,4257.77,0,2026-06-18 13:13:00+00:00,4257.77,stop_loss,-11.550000000000182,False
-1,2026-06-18 14:00:00+00:00,2026-06-18 14:02:00+00:00,4243.25,breakout_next_open,4265.49,4176.530000000001,22.23999999999978,66.71999999999935,120,2026-06-18 16:15:00+00:00,4259.77,4265.49,1,2026-06-18 16:15:00+00:00,4226.46,timeout,16.789999999999964,True
-1,2026-06-19 08:45:00+00:00,2026-06-19 08:47:00+00:00,4167.19,breakout_next_open,4178.33,4133.769999999999,11.140000000000327,33.42000000000098,120,2026-06-19 10:47:00+00:00,4174.1,4178.33,0,2026-06-19 10:47:00+00:00,4151.28,timeout,15.909999999999854,True
1,2026-06-19 15:00:00+00:00,2026-06-19 15:02:00+00:00,4152.99,breakout_next_open,4145.4,4175.76,7.5900000000001455,22.770000000000437,120,2026-06-19 17:02:00+00:00,4145.4,4150.36,0,2026-06-19 16:12:00+00:00,4145.4,stop_loss,-7.5900000000001455,False
1,2026-06-22 10:00:00+00:00,2026-06-22 10:02:00+00:00,4209.3,breakout_next_open,4204.49,4223.730000000001,4.8100000000004,14.4300000000012,120,2026-06-22 12:02:00+00:00,4204.49,4208.12,0,2026-06-22 10:47:00+00:00,4204.49,stop_loss,-4.8100000000004,False
-1,2026-06-23 14:45:00+00:00,2026-06-23 14:47:00+00:00,4126.83,breakout_next_open,4133.49,4106.85,6.6599999999998545,19.979999999999563,120,2026-06-23 16:47:00+00:00,4127.98,4133.49,0,2026-06-23 15:01:00+00:00,4133.49,stop_loss,-6.6599999999998545,False
-1,2026-06-24 07:15:00+00:00,2026-06-24 07:17:00+00:00,4084.41,breakout_next_open,4089.73,4068.4499999999994,5.320000000000164,15.960000000000491,120,2026-06-24 09:17:00+00:00,4085.42,4089.73,0,2026-06-24 09:17:00+00:00,4077.11,timeout,7.299999999999727,True
