signal_ts,entry_time,entry_price,side,exit_time,exit_reason,pnl,scaled_half,win,target_updates
2025-11-04 15:45:00+00:00,2025-11-04 15:46:00+00:00,3961.69,1,2025-11-04 15:56:00+00:00,timeout,-3.4200000000000728,False,False,0
2025-11-17 20:00:00+00:00,2025-11-17 20:01:00+00:00,4012.32,1,2025-11-17 20:08:00+00:00,trail_stop,5.0,True,True,0
2025-11-20 15:00:00+00:00,2025-11-20 15:01:00+00:00,4090.4,1,2025-11-20 15:04:00+00:00,trail_stop,5.0,True,True,0
2025-11-20 16:15:00+00:00,2025-11-20 16:16:00+00:00,4075.91,1,2025-11-20 16:26:00+00:00,timeout,-11.779999999999745,False,False,0
2025-11-20 18:45:00+00:00,2025-11-20 18:46:00+00:00,4057.53,1,2025-11-20 18:56:00+00:00,timeout,1.669999999999618,False,True,0
2025-11-25 13:45:00+00:00,2025-11-25 13:46:00+00:00,4145.8,1,2025-11-25 13:56:00+00:00,timeout,0.36999999999989086,False,True,0
2025-11-25 18:45:00+00:00,2025-11-25 18:46:00+00:00,4139.68,-1,2025-11-25 18:56:00+00:00,timeout,1.7200000000002547,False,True,0
2025-12-18 14:45:00+00:00,2025-12-18 14:46:00+00:00,4310.74,-1,2025-12-18 14:56:00+00:00,timeout,-15.699999999999818,False,False,0
2025-12-26 17:15:00+00:00,2025-12-26 17:16:00+00:00,4525.12,-1,2025-12-26 17:22:00+00:00,trail_stop,5.0,True,True,0
2025-12-29 13:45:00+00:00,2025-12-29 13:46:00+00:00,4424.87,-1,2025-12-29 13:48:00+00:00,trail_stop,5.0,True,True,0
2026-01-07 15:00:00+00:00,2026-01-07 15:01:00+00:00,4440.08,1,2026-01-07 15:11:00+00:00,timeout,-7.149999999999636,False,False,0
2026-01-09 14:30:00+00:00,2026-01-09 14:31:00+00:00,4489.12,1,2026-01-09 14:40:00+00:00,trail_stop,5.0,True,True,0
2026-01-09 18:45:00+00:00,2026-01-09 18:46:00+00:00,4498.98,1,2026-01-09 18:56:00+00:00,timeout,-2.8799999999991996,False,False,0
2026-01-21 17:30:00+00:00,2026-01-21 17:31:00+00:00,4815.93,1,2026-01-21 17:41:00+00:00,timeout,-6.030000000000655,False,False,0
2026-01-23 18:45:00+00:00,2026-01-23 18:46:00+00:00,4965.24,1,2026-01-23 18:56:00+00:00,timeout,2.9000000000005457,False,True,0
2026-01-26 16:30:00+00:00,2026-01-26 16:31:00+00:00,5078.72,-1,2026-01-26 16:32:00+00:00,trail_stop,5.0,True,True,0
2026-01-28 08:45:00+00:00,2026-01-28 08:46:00+00:00,5283.8,1,2026-01-28 08:52:00+00:00,trail_stop,5.0,True,True,0
2026-01-28 18:30:00+00:00,2026-01-28 18:31:00+00:00,5290.98,1,2026-01-28 18:39:00+00:00,stop_loss,-20.0,False,False,0
2026-01-29 15:30:00+00:00,2026-01-29 15:31:00+00:00,5225.59,-1,2026-01-29 15:31:00+00:00,stop_loss,-20.0,False,False,0
2026-01-29 19:00:00+00:00,2026-01-29 19:01:00+00:00,5328.78,1,2026-01-29 19:03:00+00:00,trail_stop,5.0,True,True,0
2026-01-29 19:30:00+00:00,2026-01-29 19:31:00+00:00,5297.31,1,2026-01-29 19:33:00+00:00,trail_stop,5.0,True,True,0
2026-01-30 09:45:00+00:00,2026-01-30 09:46:00+00:00,4967.91,1,2026-01-30 09:47:00+00:00,trail_stop,5.0,True,True,0
2026-01-30 11:45:00+00:00,2026-01-30 11:46:00+00:00,5109.6,1,2026-01-30 11:47:00+00:00,trail_stop,5.0,True,True,0
2026-01-30 12:45:00+00:00,2026-01-30 12:46:00+00:00,5101.36,1,2026-01-30 12:46:00+00:00,stop_loss,-20.0,False,False,0
2026-02-03 17:45:00+00:00,2026-02-03 17:46:00+00:00,4917.2,1,2026-02-03 17:47:00+00:00,trail_stop,5.0,True,True,0
2026-02-04 13:45:00+00:00,2026-02-04 13:46:00+00:00,5036.45,1,2026-02-04 13:47:00+00:00,trail_stop,5.0,True,True,0
2026-03-02 13:45:00+00:00,2026-03-02 13:46:00+00:00,5397.2,1,2026-03-02 13:56:00+00:00,timeout,-1.2299999999995634,False,False,0
2026-03-02 16:30:00+00:00,2026-03-02 16:31:00+00:00,5308.22,-1,2026-03-02 16:33:00+00:00,trail_stop,5.0,True,True,0
2026-03-02 17:45:00+00:00,2026-03-02 17:46:00+00:00,5309.06,1,2026-03-02 17:56:00+00:00,timeout,-4.039999999999964,False,False,0
2026-03-03 10:30:00+00:00,2026-03-03 10:31:00+00:00,5273.09,-1,2026-03-03 10:34:00+00:00,trail_stop,5.0,True,True,0
2026-03-03 11:15:00+00:00,2026-03-03 11:16:00+00:00,5193.16,1,2026-03-03 11:17:00+00:00,trail_stop,5.0,True,True,0
2026-03-03 11:30:00+00:00,2026-03-03 11:31:00+00:00,5125.36,-1,2026-03-03 11:31:00+00:00,target_full,7.5,True,True,0
2026-03-03 14:15:00+00:00,2026-03-03 14:16:00+00:00,5155.53,-1,2026-03-03 14:17:00+00:00,target_full,7.5,True,True,0
2026-03-03 15:15:00+00:00,2026-03-03 15:16:00+00:00,5033.51,1,2026-03-03 15:16:00+00:00,stop_loss,-20.0,False,False,0
2026-03-03 15:45:00+00:00,2026-03-03 15:46:00+00:00,5056.19,1,2026-03-03 15:46:00+00:00,target_full,7.5,True,True,0
2026-03-03 16:45:00+00:00,2026-03-03 16:46:00+00:00,5107.39,1,2026-03-03 16:49:00+00:00,trail_stop,5.0,True,True,0
2026-03-03 17:30:00+00:00,2026-03-03 17:31:00+00:00,5080.78,-1,2026-03-03 17:32:00+00:00,trail_stop,5.0,True,True,0
2026-03-03 19:30:00+00:00,2026-03-03 19:31:00+00:00,5109.23,1,2026-03-03 19:38:00+00:00,trail_stop,5.0,True,True,0
2026-03-04 12:15:00+00:00,2026-03-04 12:16:00+00:00,5193.77,1,2026-03-04 12:26:00+00:00,timeout,-16.5,False,False,0
2026-03-04 14:15:00+00:00,2026-03-04 14:16:00+00:00,5168.37,1,2026-03-04 14:17:00+00:00,trail_stop,5.0,True,True,0
2026-03-04 16:15:00+00:00,2026-03-04 16:16:00+00:00,5145.2,1,2026-03-04 16:21:00+00:00,trail_stop,5.0,True,True,0
2026-03-05 09:00:00+00:00,2026-03-05 09:01:00+00:00,5166.85,1,2026-03-05 09:06:00+00:00,target_full,7.5,True,True,0
2026-03-05 18:00:00+00:00,2026-03-05 18:01:00+00:00,5060.67,1,2026-03-05 18:04:00+00:00,trail_stop,5.0,True,True,0
2026-03-06 10:30:00+00:00,2026-03-06 10:31:00+00:00,5089.33,1,2026-03-06 10:41:00+00:00,timeout,-1.6700000000000728,False,False,0
2026-03-06 14:30:00+00:00,2026-03-06 14:31:00+00:00,5103.98,-1,2026-03-06 14:35:00+00:00,target_full,7.5,True,True,0
2026-03-06 17:45:00+00:00,2026-03-06 17:46:00+00:00,5134.74,1,2026-03-06 17:47:00+00:00,trail_stop,5.0,True,True,0
2026-03-09 08:30:00+00:00,2026-03-09 08:31:00+00:00,5094.57,1,2026-03-09 08:41:00+00:00,timeout,-0.9799999999995634,False,False,0
2026-03-09 08:45:00+00:00,2026-03-09 08:46:00+00:00,5089.83,1,2026-03-09 08:49:00+00:00,target_full,7.5,True,True,0
2026-03-09 09:45:00+00:00,2026-03-09 09:46:00+00:00,5097.14,-1,2026-03-09 09:56:00+00:00,timeout,-8.079999999999927,False,False,0
2026-03-09 11:15:00+00:00,2026-03-09 11:16:00+00:00,5092.03,1,2026-03-09 11:26:00+00:00,timeout,-5.989999999999782,False,False,0
2026-03-09 12:45:00+00:00,2026-03-09 12:46:00+00:00,5104.22,-1,2026-03-09 12:51:00+00:00,trail_stop,5.0,True,True,0
2026-03-09 14:15:00+00:00,2026-03-09 14:16:00+00:00,5066.01,1,2026-03-09 14:17:00+00:00,target_full,7.5,True,True,0
2026-03-10 19:00:00+00:00,2026-03-10 19:01:00+00:00,5184.71,1,2026-03-10 19:02:00+00:00,target_full,7.5,True,True,0
2026-03-11 15:30:00+00:00,2026-03-11 15:31:00+00:00,5169.1,1,2026-03-11 15:38:00+00:00,trail_stop,5.0,True,True,0
2026-03-13 16:00:00+00:00,2026-03-13 16:01:00+00:00,5032.53,1,2026-03-13 16:02:00+00:00,trail_stop,5.0,True,True,0
2026-03-16 15:30:00+00:00,2026-03-16 15:31:00+00:00,4994.3,-1,2026-03-16 15:41:00+00:00,timeout,-5.630000000000109,False,False,0
2026-03-18 11:45:00+00:00,2026-03-18 11:46:00+00:00,4940.57,1,2026-03-18 11:47:00+00:00,trail_stop,5.0,True,True,0
2026-03-18 12:30:00+00:00,2026-03-18 12:31:00+00:00,4892.86,1,2026-03-18 12:32:00+00:00,trail_stop,5.0,True,True,0
2026-03-18 13:00:00+00:00,2026-03-18 13:01:00+00:00,4861.77,1,2026-03-18 13:10:00+00:00,trail_stop,5.0,True,True,0
2026-03-18 14:15:00+00:00,2026-03-18 14:16:00+00:00,4881.09,1,2026-03-18 14:26:00+00:00,timeout,-20.699999999999818,False,False,0
2026-03-18 19:30:00+00:00,2026-03-18 19:31:00+00:00,4848.95,1,2026-03-18 19:34:00+00:00,trail_stop,5.0,True,True,0
2026-03-18 19:45:00+00:00,2026-03-18 19:46:00+00:00,4850.72,1,2026-03-18 19:56:00+00:00,timeout,-9.850000000000364,False,False,0
2026-03-19 08:00:00+00:00,2026-03-19 08:01:00+00:00,4731.65,1,2026-03-19 08:04:00+00:00,trail_stop,5.0,True,True,0
2026-03-19 08:30:00+00:00,2026-03-19 08:31:00+00:00,4721.12,1,2026-03-19 08:34:00+00:00,stop_loss,-20.0,False,False,0
2026-03-19 09:15:00+00:00,2026-03-19 09:16:00+00:00,4696.14,1,2026-03-19 09:17:00+00:00,target_full,7.5,True,True,0
2026-03-19 09:45:00+00:00,2026-03-19 09:46:00+00:00,4706.91,1,2026-03-19 09:48:00+00:00,trail_stop,5.0,True,True,0
2026-03-19 10:45:00+00:00,2026-03-19 10:46:00+00:00,4678.92,1,2026-03-19 10:47:00+00:00,trail_stop,5.0,True,True,0
2026-03-19 11:15:00+00:00,2026-03-19 11:16:00+00:00,4682.22,1,2026-03-19 11:20:00+00:00,trail_stop,5.0,True,True,0
2026-03-19 12:45:00+00:00,2026-03-19 12:46:00+00:00,4551.94,1,2026-03-19 12:47:00+00:00,trail_stop,5.0,True,True,0
2026-03-19 13:30:00+00:00,2026-03-19 13:31:00+00:00,4569.3,-1,2026-03-19 13:34:00+00:00,trail_stop,5.0,True,True,0
2026-03-19 14:00:00+00:00,2026-03-19 14:01:00+00:00,4636.77,-1,2026-03-19 14:04:00+00:00,trail_stop,5.0,True,True,0
2026-03-19 14:45:00+00:00,2026-03-19 14:46:00+00:00,4606.9,1,2026-03-19 14:49:00+00:00,target_full,7.5,True,True,0
2026-03-19 15:00:00+00:00,2026-03-19 15:01:00+00:00,4601.7,-1,2026-03-19 15:03:00+00:00,trail_stop,5.0,True,True,0
2026-03-19 16:15:00+00:00,2026-03-19 16:16:00+00:00,4604.75,1,2026-03-19 16:21:00+00:00,target_full,7.5,True,True,0
2026-03-19 16:30:00+00:00,2026-03-19 16:31:00+00:00,4597.24,-1,2026-03-19 16:32:00+00:00,trail_stop,5.0,True,True,0
2026-03-19 17:15:00+00:00,2026-03-19 17:16:00+00:00,4575.94,1,2026-03-19 17:17:00+00:00,trail_stop,5.0,True,True,0
2026-03-19 19:30:00+00:00,2026-03-19 19:31:00+00:00,4641.02,1,2026-03-19 19:34:00+00:00,trail_stop,5.0,True,True,0
2026-03-20 08:30:00+00:00,2026-03-20 08:31:00+00:00,4715.66,-1,2026-03-20 08:33:00+00:00,trail_stop,5.0,True,True,0
2026-03-20 13:00:00+00:00,2026-03-20 13:01:00+00:00,4672.89,1,2026-03-20 13:02:00+00:00,trail_stop,5.0,True,True,0
2026-03-20 13:30:00+00:00,2026-03-20 13:31:00+00:00,4657.04,1,2026-03-20 13:33:00+00:00,trail_stop,5.0,True,True,0
2026-03-20 15:45:00+00:00,2026-03-20 15:46:00+00:00,4559.08,1,2026-03-20 15:56:00+00:00,timeout,-6.930000000000291,False,False,0
2026-03-20 16:30:00+00:00,2026-03-20 16:31:00+00:00,4580.5,1,2026-03-20 16:36:00+00:00,trail_stop,5.0,True,True,0
2026-03-20 18:45:00+00:00,2026-03-20 18:46:00+00:00,4525.86,-1,2026-03-20 18:47:00+00:00,target_full,7.5,True,True,0
2026-03-23 12:30:00+00:00,2026-03-23 12:31:00+00:00,4383.46,1,2026-03-23 12:32:00+00:00,trail_stop,5.0,True,True,0
2026-03-23 12:45:00+00:00,2026-03-23 12:46:00+00:00,4439.11,-1,2026-03-23 12:47:00+00:00,trail_stop,5.0,True,True,0
2026-03-23 15:15:00+00:00,2026-03-23 15:16:00+00:00,4463.08,1,2026-03-23 15:17:00+00:00,stop_loss,-20.0,False,False,0
2026-03-23 15:45:00+00:00,2026-03-23 15:46:00+00:00,4405.48,1,2026-03-23 15:52:00+00:00,stop_loss,-20.0,False,False,0
2026-03-23 17:45:00+00:00,2026-03-23 17:46:00+00:00,4420.78,1,2026-03-23 17:56:00+00:00,timeout,7.8200000000006185,False,True,0
2026-03-23 19:00:00+00:00,2026-03-23 19:01:00+00:00,4446.64,1,2026-03-23 19:10:00+00:00,stop_loss,-20.0,False,False,0
2026-03-23 19:15:00+00:00,2026-03-23 19:16:00+00:00,4405.42,-1,2026-03-23 19:17:00+00:00,trail_stop,5.0,True,True,0
2026-03-24 09:30:00+00:00,2026-03-24 09:31:00+00:00,4407.75,1,2026-03-24 09:33:00+00:00,trail_stop,5.0,True,True,0
2026-03-24 13:00:00+00:00,2026-03-24 13:01:00+00:00,4374.27,1,2026-03-24 13:02:00+00:00,trail_stop,5.0,True,True,0
2026-03-24 13:30:00+00:00,2026-03-24 13:31:00+00:00,4361.0,-1,2026-03-24 13:35:00+00:00,trail_stop,5.0,True,True,0
2026-03-24 18:45:00+00:00,2026-03-24 18:46:00+00:00,4400.27,1,2026-03-24 18:56:00+00:00,timeout,-5.780000000000655,False,False,0
2026-03-25 08:30:00+00:00,2026-03-25 08:31:00+00:00,4563.34,1,2026-03-25 08:32:00+00:00,trail_stop,5.0,True,True,0
2026-03-25 12:15:00+00:00,2026-03-25 12:16:00+00:00,4574.26,-1,2026-03-25 12:17:00+00:00,target_full,7.5,True,True,0
2026-03-25 13:15:00+00:00,2026-03-25 13:16:00+00:00,4559.04,1,2026-03-25 13:26:00+00:00,timeout,0.3400000000001455,False,True,0
2026-03-25 15:15:00+00:00,2026-03-25 15:16:00+00:00,4548.01,1,2026-03-25 15:18:00+00:00,stop_loss,-20.0,False,False,0
2026-03-26 13:30:00+00:00,2026-03-26 13:31:00+00:00,4445.18,1,2026-03-26 13:32:00+00:00,trail_stop,5.0,True,True,0
2026-03-26 15:30:00+00:00,2026-03-26 15:31:00+00:00,4450.41,-1,2026-03-26 15:32:00+00:00,trail_stop,5.0,True,True,0
2026-03-27 13:30:00+00:00,2026-03-27 13:31:00+00:00,4422.14,1,2026-03-27 13:39:00+00:00,trail_stop,5.0,True,True,0
2026-03-27 14:30:00+00:00,2026-03-27 14:31:00+00:00,4453.54,1,2026-03-27 14:32:00+00:00,trail_stop,5.0,True,True,0
2026-03-27 15:45:00+00:00,2026-03-27 15:46:00+00:00,4532.85,1,2026-03-27 15:56:00+00:00,timeout,-10.789999999999964,False,False,0
2026-03-27 17:15:00+00:00,2026-03-27 17:16:00+00:00,4504.8,1,2026-03-27 17:26:00+00:00,timeout,-15.5,False,False,0
2026-03-30 12:00:00+00:00,2026-03-30 12:01:00+00:00,4554.34,1,2026-03-30 12:06:00+00:00,trail_stop,5.0,True,True,0
2026-04-02 08:45:00+00:00,2026-04-02 08:46:00+00:00,4629.68,-1,2026-04-02 08:56:00+00:00,timeout,5.460000000000036,False,True,0
2026-04-02 09:00:00+00:00,2026-04-02 09:01:00+00:00,4621.03,-1,2026-04-02 09:04:00+00:00,trail_stop,5.0,True,True,0
2026-04-02 09:30:00+00:00,2026-04-02 09:31:00+00:00,4620.29,1,2026-04-02 09:34:00+00:00,trail_stop,5.0,True,True,0
2026-04-02 15:00:00+00:00,2026-04-02 15:01:00+00:00,4677.12,1,2026-04-02 15:05:00+00:00,trail_stop,5.0,True,True,0
2026-04-02 17:00:00+00:00,2026-04-02 17:01:00+00:00,4658.21,1,2026-04-02 17:04:00+00:00,trail_stop,5.0,True,True,0
2026-04-02 17:30:00+00:00,2026-04-02 17:31:00+00:00,4647.04,-1,2026-04-02 17:41:00+00:00,timeout,-8.510000000000218,False,False,0
2026-04-06 15:15:00+00:00,2026-04-06 15:16:00+00:00,4658.69,-1,2026-04-06 15:26:00+00:00,timeout,-5.400000000000546,False,False,0
2026-04-07 09:45:00+00:00,2026-04-07 09:46:00+00:00,4664.31,-1,2026-04-07 09:49:00+00:00,trail_stop,5.0,True,True,0
2026-04-07 10:45:00+00:00,2026-04-07 10:46:00+00:00,4659.29,-1,2026-04-07 10:48:00+00:00,trail_stop,5.0,True,True,0
2026-04-07 14:45:00+00:00,2026-04-07 14:46:00+00:00,4648.01,1,2026-04-07 14:47:00+00:00,trail_stop,5.0,True,True,0
2026-04-08 10:15:00+00:00,2026-04-08 10:16:00+00:00,4780.87,1,2026-04-08 10:26:00+00:00,timeout,-0.6099999999996726,False,False,0
2026-04-10 16:00:00+00:00,2026-04-10 16:01:00+00:00,4760.15,1,2026-04-10 16:11:00+00:00,timeout,-1.1799999999993815,False,False,0
2026-04-15 09:45:00+00:00,2026-04-15 09:46:00+00:00,4796.3,1,2026-04-15 09:56:00+00:00,timeout,-0.47000000000025466,False,False,0
2026-04-17 13:30:00+00:00,2026-04-17 13:31:00+00:00,4851.28,-1,2026-04-17 13:41:00+00:00,timeout,-17.710000000000036,False,False,0
2026-04-17 15:00:00+00:00,2026-04-17 15:01:00+00:00,4869.44,-1,2026-04-17 15:05:00+00:00,trail_stop,5.0,True,True,0
2026-04-17 15:45:00+00:00,2026-04-17 15:46:00+00:00,4860.28,-1,2026-04-17 15:56:00+00:00,timeout,-10.150000000000546,False,False,0
2026-04-23 13:00:00+00:00,2026-04-23 13:01:00+00:00,4734.38,-1,2026-04-23 13:07:00+00:00,trail_stop,5.0,True,True,0
2026-04-23 14:00:00+00:00,2026-04-23 14:01:00+00:00,4719.24,-1,2026-04-23 14:11:00+00:00,timeout,-2.5200000000004366,False,False,0
2026-04-23 17:30:00+00:00,2026-04-23 17:31:00+00:00,4707.46,1,2026-04-23 17:35:00+00:00,trail_stop,5.0,True,True,0
2026-04-30 11:15:00+00:00,2026-04-30 11:16:00+00:00,4636.89,-1,2026-04-30 11:26:00+00:00,timeout,1.0,False,True,0
2026-04-30 13:30:00+00:00,2026-04-30 13:31:00+00:00,4633.12,-1,2026-04-30 13:36:00+00:00,trail_stop,5.0,True,True,0
2026-05-01 14:30:00+00:00,2026-05-01 14:31:00+00:00,4641.74,-1,2026-05-01 14:37:00+00:00,trail_stop,5.0,True,True,0
2026-05-04 15:45:00+00:00,2026-05-04 15:46:00+00:00,4531.14,1,2026-05-04 15:56:00+00:00,timeout,-5.039999999999964,False,False,0
2026-05-04 16:30:00+00:00,2026-05-04 16:31:00+00:00,4517.56,1,2026-05-04 16:41:00+00:00,timeout,-3.4700000000002547,False,False,0
2026-05-06 09:45:00+00:00,2026-05-06 09:46:00+00:00,4695.9,1,2026-05-06 09:48:00+00:00,trail_stop,5.0,True,True,0
2026-05-06 11:15:00+00:00,2026-05-06 11:16:00+00:00,4712.15,-1,2026-05-06 11:26:00+00:00,timeout,0.23999999999978172,False,True,0
2026-05-06 14:30:00+00:00,2026-05-06 14:31:00+00:00,4707.16,1,2026-05-06 14:41:00+00:00,timeout,0.8100000000004002,False,True,0
2026-05-07 08:15:00+00:00,2026-05-07 08:16:00+00:00,4740.4,1,2026-05-07 08:26:00+00:00,timeout,-2.5399999999999636,False,False,0
2026-05-07 16:15:00+00:00,2026-05-07 16:16:00+00:00,4712.66,1,2026-05-07 16:26:00+00:00,timeout,6.974999999999909,True,True,0
2026-05-08 15:45:00+00:00,2026-05-08 15:46:00+00:00,4705.27,-1,2026-05-08 15:56:00+00:00,timeout,-1.5399999999999636,False,False,0
2026-05-12 13:00:00+00:00,2026-05-12 13:01:00+00:00,4707.25,-1,2026-05-12 13:04:00+00:00,target_full,7.5,True,True,0
2026-05-12 14:00:00+00:00,2026-05-12 14:01:00+00:00,4678.83,-1,2026-05-12 14:11:00+00:00,timeout,-10.460000000000036,False,False,0
2026-05-14 14:00:00+00:00,2026-05-14 14:01:00+00:00,4682.79,-1,2026-05-14 14:11:00+00:00,timeout,-5.300000000000182,False,False,0
2026-05-14 14:30:00+00:00,2026-05-14 14:31:00+00:00,4689.71,-1,2026-05-14 14:41:00+00:00,timeout,-1.8100000000004002,False,False,0
2026-05-14 15:00:00+00:00,2026-05-14 15:01:00+00:00,4679.38,-1,2026-05-14 15:11:00+00:00,timeout,-5.430000000000291,False,False,0
2026-05-15 10:30:00+00:00,2026-05-15 10:31:00+00:00,4554.03,-1,2026-05-15 10:41:00+00:00,timeout,1.9200000000000728,False,True,0
2026-05-15 12:30:00+00:00,2026-05-15 12:31:00+00:00,4548.65,1,2026-05-15 12:34:00+00:00,trail_stop,5.0,True,True,0
2026-05-15 13:00:00+00:00,2026-05-15 13:01:00+00:00,4543.16,1,2026-05-15 13:06:00+00:00,trail_stop,5.0,True,True,0
2026-05-15 14:00:00+00:00,2026-05-15 14:01:00+00:00,4528.93,-1,2026-05-15 14:11:00+00:00,timeout,-11.05999999999949,False,False,0
2026-05-15 15:15:00+00:00,2026-05-15 15:16:00+00:00,4551.12,-1,2026-05-15 15:25:00+00:00,trail_stop,5.0,True,True,0
2026-05-18 07:30:00+00:00,2026-05-18 07:31:00+00:00,4559.1,1,2026-05-18 07:41:00+00:00,timeout,-8.490000000000691,False,False,0
2026-05-18 14:00:00+00:00,2026-05-18 14:01:00+00:00,4573.54,1,2026-05-18 14:11:00+00:00,timeout,-5.5900000000001455,False,False,0
2026-05-18 15:30:00+00:00,2026-05-18 15:31:00+00:00,4534.69,-1,2026-05-18 15:41:00+00:00,timeout,-9.430000000000291,False,False,0
2026-05-19 12:45:00+00:00,2026-05-19 12:46:00+00:00,4537.59,-1,2026-05-19 12:56:00+00:00,timeout,-3.7100000000000364,False,False,0
2026-05-19 13:30:00+00:00,2026-05-19 13:31:00+00:00,4490.06,-1,2026-05-19 13:31:00+00:00,target_full,7.5,True,True,0
2026-05-20 14:15:00+00:00,2026-05-20 14:16:00+00:00,4483.68,1,2026-05-20 14:16:00+00:00,target_full,7.5,True,True,0
2026-05-20 14:45:00+00:00,2026-05-20 14:46:00+00:00,4517.56,1,2026-05-20 14:49:00+00:00,trail_stop,5.0,True,True,0
2026-05-20 15:30:00+00:00,2026-05-20 15:31:00+00:00,4531.24,1,2026-05-20 15:36:00+00:00,trail_stop,5.0,True,True,0
2026-05-22 14:15:00+00:00,2026-05-22 14:16:00+00:00,4497.78,-1,2026-05-22 14:17:00+00:00,trail_stop,5.0,True,True,0
2026-05-27 15:00:00+00:00,2026-05-27 15:01:00+00:00,4431.16,-1,2026-05-27 15:11:00+00:00,timeout,1.7799999999997453,False,True,0
2026-05-28 14:30:00+00:00,2026-05-28 14:31:00+00:00,4466.69,-1,2026-05-28 14:33:00+00:00,trail_stop,5.0,True,True,0
2026-05-29 14:15:00+00:00,2026-05-29 14:16:00+00:00,4543.93,1,2026-05-29 14:26:00+00:00,timeout,-14.720000000000255,False,False,0
2026-06-01 12:45:00+00:00,2026-06-01 12:46:00+00:00,4507.05,-1,2026-06-01 12:56:00+00:00,timeout,4.150000000000546,False,True,0
2026-06-01 13:30:00+00:00,2026-06-01 13:31:00+00:00,4461.52,1,2026-06-01 13:32:00+00:00,trail_stop,5.0,True,True,0
2026-06-01 17:30:00+00:00,2026-06-01 17:31:00+00:00,4484.84,1,2026-06-01 17:41:00+00:00,timeout,-0.8500000000003638,False,False,0
2026-06-05 14:15:00+00:00,2026-06-05 14:16:00+00:00,4367.47,1,2026-06-05 14:26:00+00:00,timeout,-11.260000000000218,False,False,0
2026-06-08 14:00:00+00:00,2026-06-08 14:01:00+00:00,4326.59,1,2026-06-08 14:11:00+00:00,timeout,-6.930000000000291,False,False,0
2026-06-08 14:15:00+00:00,2026-06-08 14:16:00+00:00,4318.28,1,2026-06-08 14:21:00+00:00,trail_stop,5.0,True,True,0
2026-06-08 15:00:00+00:00,2026-06-08 15:01:00+00:00,4332.51,-1,2026-06-08 15:08:00+00:00,trail_stop,5.0,True,True,0
2026-06-09 14:15:00+00:00,2026-06-09 14:16:00+00:00,4318.57,-1,2026-06-09 14:18:00+00:00,target_full,7.5,True,True,0
2026-06-09 14:30:00+00:00,2026-06-09 14:31:00+00:00,4315.51,-1,2026-06-09 14:34:00+00:00,trail_stop,5.0,True,True,0
2026-06-09 16:00:00+00:00,2026-06-09 16:01:00+00:00,4275.4,1,2026-06-09 16:03:00+00:00,trail_stop,5.0,True,True,0
2026-06-10 08:45:00+00:00,2026-06-10 08:46:00+00:00,4169.52,-1,2026-06-10 08:56:00+00:00,timeout,-2.199999999999818,False,False,0
2026-06-10 09:45:00+00:00,2026-06-10 09:46:00+00:00,4174.13,1,2026-06-10 09:56:00+00:00,timeout,-6.710000000000036,False,False,0
2026-06-10 12:30:00+00:00,2026-06-10 12:31:00+00:00,4168.24,-1,2026-06-10 12:31:00+00:00,target_full,7.5,True,True,0
2026-06-10 13:00:00+00:00,2026-06-10 13:01:00+00:00,4148.68,1,2026-06-10 13:02:00+00:00,trail_stop,5.0,True,True,0
2026-06-10 13:15:00+00:00,2026-06-10 13:16:00+00:00,4142.28,1,2026-06-10 13:26:00+00:00,timeout,5.2150000000001455,True,True,0
2026-06-10 13:30:00+00:00,2026-06-10 13:31:00+00:00,4149.19,-1,2026-06-10 13:34:00+00:00,trail_stop,5.0,True,True,0
2026-06-10 13:45:00+00:00,2026-06-10 13:46:00+00:00,4183.96,-1,2026-06-10 13:47:00+00:00,trail_stop,5.0,True,True,0
2026-06-10 14:00:00+00:00,2026-06-10 14:01:00+00:00,4175.16,1,2026-06-10 14:11:00+00:00,timeout,0.31999999999970896,False,True,0
2026-06-10 14:45:00+00:00,2026-06-10 14:46:00+00:00,4149.79,-1,2026-06-10 14:49:00+00:00,target_full,7.5,True,True,0
2026-06-10 15:15:00+00:00,2026-06-10 15:16:00+00:00,4119.46,1,2026-06-10 15:21:00+00:00,trail_stop,5.0,True,True,0
2026-06-10 16:45:00+00:00,2026-06-10 16:46:00+00:00,4120.56,1,2026-06-10 16:56:00+00:00,timeout,-0.24000000000069122,False,False,0
2026-06-10 17:15:00+00:00,2026-06-10 17:16:00+00:00,4116.99,1,2026-06-10 17:26:00+00:00,timeout,-3.369999999999891,False,False,0
2026-06-11 12:45:00+00:00,2026-06-11 12:46:00+00:00,4075.05,-1,2026-06-11 12:56:00+00:00,timeout,-3.4899999999997817,False,False,0
2026-06-11 13:15:00+00:00,2026-06-11 13:16:00+00:00,4075.42,1,2026-06-11 13:26:00+00:00,timeout,-0.6399999999998727,False,False,0
2026-06-11 14:00:00+00:00,2026-06-11 14:01:00+00:00,4081.6,1,2026-06-11 14:09:00+00:00,stop_loss,-20.0,False,False,0
2026-06-11 14:30:00+00:00,2026-06-11 14:31:00+00:00,4072.58,-1,2026-06-11 14:41:00+00:00,timeout,-9.420000000000073,False,False,0
2026-06-11 14:45:00+00:00,2026-06-11 14:46:00+00:00,4074.51,-1,2026-06-11 14:56:00+00:00,timeout,-0.7699999999999818,False,False,0
2026-06-11 17:30:00+00:00,2026-06-11 17:31:00+00:00,4124.92,1,2026-06-11 17:32:00+00:00,target_full,7.5,True,True,0
2026-06-11 18:45:00+00:00,2026-06-11 18:46:00+00:00,4165.47,-1,2026-06-11 18:56:00+00:00,timeout,4.0700000000006185,False,True,0
2026-06-12 08:45:00+00:00,2026-06-12 08:46:00+00:00,4216.07,-1,2026-06-12 08:56:00+00:00,timeout,-8.170000000000073,False,False,0
2026-06-12 15:00:00+00:00,2026-06-12 15:01:00+00:00,4206.48,-1,2026-06-12 15:04:00+00:00,trail_stop,5.0,True,True,0
2026-06-12 16:15:00+00:00,2026-06-12 16:16:00+00:00,4228.1,1,2026-06-12 16:17:00+00:00,trail_stop,5.0,True,True,0
2026-06-12 16:30:00+00:00,2026-06-12 16:31:00+00:00,4217.73,1,2026-06-12 16:41:00+00:00,timeout,1.25,False,True,0
2026-06-12 17:30:00+00:00,2026-06-12 17:31:00+00:00,4217.3,1,2026-06-12 17:41:00+00:00,timeout,2.380000000000109,False,True,0
2026-06-15 08:45:00+00:00,2026-06-15 08:46:00+00:00,4342.71,1,2026-06-15 08:56:00+00:00,timeout,-6.869999999999891,False,False,0
2026-06-17 18:30:00+00:00,2026-06-17 18:31:00+00:00,4287.16,1,2026-06-17 18:31:00+00:00,target_full,7.5,True,True,0
2026-06-17 18:45:00+00:00,2026-06-17 18:46:00+00:00,4317.88,-1,2026-06-17 18:54:00+00:00,trail_stop,5.0,True,True,0
2026-06-17 19:00:00+00:00,2026-06-17 19:01:00+00:00,4293.21,-1,2026-06-17 19:02:00+00:00,trail_stop,5.0,True,True,0
2026-06-17 19:15:00+00:00,2026-06-17 19:16:00+00:00,4255.44,1,2026-06-17 19:25:00+00:00,stop_loss,-20.0,False,False,0
2026-06-18 14:00:00+00:00,2026-06-18 14:01:00+00:00,4249.73,1,2026-06-18 14:11:00+00:00,timeout,-7.919999999999163,False,False,0
2026-06-18 14:30:00+00:00,2026-06-18 14:31:00+00:00,4242.49,1,2026-06-18 14:33:00+00:00,trail_stop,5.0,True,True,0
2026-06-18 16:15:00+00:00,2026-06-18 16:16:00+00:00,4226.49,1,2026-06-18 16:26:00+00:00,timeout,-1.5,False,False,0
2026-06-24 16:00:00+00:00,2026-06-24 16:01:00+00:00,4001.7,1,2026-06-24 16:07:00+00:00,trail_stop,5.0,True,True,0
2026-06-25 08:00:00+00:00,2026-06-25 08:01:00+00:00,3990.85,1,2026-06-25 08:11:00+00:00,timeout,-5.5099999999997635,False,False,0
2026-06-25 13:30:00+00:00,2026-06-25 13:31:00+00:00,4024.45,1,2026-06-25 13:41:00+00:00,timeout,-4.079999999999927,False,False,0
2026-06-25 16:00:00+00:00,2026-06-25 16:01:00+00:00,4039.4,-1,2026-06-25 16:10:00+00:00,trail_stop,5.0,True,True,0
