tp,sl,horizon,trades,wr,net,avg,max_dd,tp_hit,sl_hit,timeout
10.0,10.0,8,2517,44.3,-1702.3,-0.68,-1817.4,591,664,1262
10.0,10.0,10,2517,45.6,-1645.8,-0.65,-1753.3,657,748,1112
10.0,10.0,12,2517,45.7,-1610.2,-0.64,-1667.1,699,802,1016
10.0,10.0,15,2320,46.0,-1567.4,-0.68,-1663.1,745,882,693
10.0,10.0,20,2307,46.1,-1473.4,-0.64,-1674.4,821,957,529
10.0,10.0,25,2307,46.2,-1560.5,-0.68,-1817.6,865,1018,424
10.0,10.0,30,2276,45.7,-1500.3,-0.66,-1750.8,896,1038,342
10.0,10.0,45,2266,45.5,-1726.7,-0.76,-1974.9,949,1120,197
10.0,10.0,60,2260,46.1,-1628.7,-0.72,-1884.2,973,1151,136
10.0,15.0,8,2517,47.2,-1376.1,-0.55,-1543.8,637,306,1574
10.0,15.0,10,2517,48.8,-1354.3,-0.54,-1532.8,712,365,1440
10.0,15.0,12,2517,49.2,-1312.0,-0.52,-1429.0,760,403,1354
10.0,15.0,15,2178,50.8,-1304.8,-0.6,-1606.1,771,468,939
10.0,15.0,20,2153,51.9,-1217.1,-0.57,-1701.3,858,541,754
10.0,15.0,25,2153,52.6,-1355.4,-0.63,-1827.1,906,597,650
10.0,15.0,30,2077,52.6,-1414.1,-0.68,-1876.5,927,632,518
10.0,15.0,45,2042,53.8,-1604.1,-0.79,-2012.5,992,710,340
10.0,15.0,60,2022,54.7,-1496.6,-0.74,-1968.7,1026,748,248
10.0,20.0,8,2517,48.0,-1344.3,-0.53,-1533.9,654,167,1696
10.0,20.0,10,2517,49.8,-1361.3,-0.54,-1546.2,732,204,1581
10.0,20.0,12,2517,50.2,-1355.0,-0.54,-1455.7,781,234,1502
10.0,20.0,15,2081,52.4,-1370.2,-0.66,-1577.4,752,274,1055
10.0,20.0,20,2041,54.2,-1186.8,-0.58,-1591.0,839,319,883
10.0,20.0,25,2041,55.1,-1222.8,-0.6,-1668.7,895,361,785
10.0,20.0,30,1925,55.3,-1374.8,-0.71,-1756.5,901,392,632
10.0,20.0,45,1857,58.1,-1293.7,-0.7,-1667.7,970,446,441
10.0,20.0,60,1819,59.8,-1007.3,-0.55,-1551.7,1004,482,333
10.0,25.0,8,2517,48.3,-1286.1,-0.51,-1492.3,661,94,1762
10.0,25.0,10,2517,50.2,-1304.9,-0.52,-1502.7,739,117,1661
10.0,25.0,12,2517,50.7,-1329.8,-0.53,-1441.8,789,145,1583
10.0,25.0,15,2032,53.0,-1377.2,-0.68,-1629.8,738,170,1124
10.0,25.0,20,1977,55.2,-1088.1,-0.55,-1597.5,825,204,948
10.0,25.0,25,1977,56.3,-1089.0,-0.55,-1621.4,884,229,864
10.0,25.0,30,1827,56.6,-1383.9,-0.76,-1869.1,876,260,691
10.0,25.0,45,1744,60.0,-1218.5,-0.7,-1708.9,940,308,496
10.0,25.0,60,1693,62.6,-796.7,-0.47,-1468.2,971,337,385
10.0,30.0,8,2517,48.3,-1399.0,-0.56,-1601.7,662,59,1796
10.0,30.0,10,2517,50.3,-1417.4,-0.56,-1622.9,741,79,1697
10.0,30.0,12,2517,50.8,-1444.6,-0.57,-1566.2,792,96,1629
10.0,30.0,15,2001,53.3,-1341.5,-0.67,-1677.9,731,112,1158
10.0,30.0,20,1940,55.8,-938.3,-0.48,-1525.1,817,133,990
10.0,30.0,25,1940,57.1,-856.8,-0.44,-1500.2,876,151,913
10.0,30.0,30,1762,57.3,-1348.4,-0.77,-1886.5,849,180,733
10.0,30.0,45,1659,61.2,-1080.7,-0.65,-1708.9,908,216,535
10.0,30.0,60,1592,64.0,-708.7,-0.45,-1452.1,929,245,418
10.0,35.0,8,2517,48.4,-1419.9,-0.56,-1617.6,662,42,1813
10.0,35.0,10,2517,50.3,-1438.7,-0.57,-1637.6,743,51,1723
10.0,35.0,12,2517,50.9,-1401.8,-0.56,-1528.7,794,60,1663
10.0,35.0,15,1981,53.5,-1269.1,-0.64,-1630.7,724,76,1181
10.0,35.0,20,1917,56.0,-945.1,-0.49,-1550.9,808,96,1013
10.0,35.0,25,1917,57.3,-879.1,-0.46,-1536.1,867,109,941
10.0,35.0,30,1725,57.9,-1305.4,-0.76,-1896.4,836,127,762
10.0,35.0,45,1597,62.0,-1048.6,-0.66,-1799.6,882,163,552
10.0,35.0,60,1525,65.0,-768.6,-0.5,-1617.0,899,185,441
15.0,10.0,8,2517,41.6,-1916.6,-0.76,-2041.5,293,690,1534
15.0,10.0,10,2517,42.6,-1981.5,-0.79,-2087.5,343,786,1388
15.0,10.0,12,2517,42.2,-1917.8,-0.76,-1990.9,382,846,1289
15.0,10.0,15,2188,41.5,-1636.1,-0.75,-1802.4,413,900,875
15.0,10.0,20,2137,40.6,-1549.8,-0.73,-1835.2,464,975,698
15.0,10.0,25,2137,39.9,-1647.5,-0.77,-1969.7,502,1044,591
15.0,10.0,30,2077,38.7,-1519.1,-0.73,-1891.9,534,1055,488
15.0,10.0,45,2042,37.6,-1813.7,-0.89,-2179.4,585,1149,308
15.0,10.0,60,2019,37.4,-1644.9,-0.81,-1967.9,617,1185,217
15.0,15.0,8,2517,44.2,-1667.1,-0.66,-1830.4,318,327,1872
15.0,15.0,10,2517,45.6,-1750.0,-0.7,-1912.1,375,393,1749
15.0,15.0,12,2517,45.6,-1657.9,-0.66,-1789.8,424,438,1655
15.0,15.0,15,2055,46.1,-1388.6,-0.68,-1689.6,445,493,1117
15.0,15.0,20,1989,46.0,-1484.7,-0.75,-1947.9,489,567,933
15.0,15.0,25,1989,46.0,-1542.0,-0.78,-2033.4,536,625,828
15.0,15.0,30,1873,45.1,-1536.0,-0.82,-2037.0,557,659,657
15.0,15.0,45,1802,45.4,-1694.4,-0.94,-2123.1,618,733,451
15.0,15.0,60,1757,45.5,-1690.0,-0.96,-2109.3,645,779,333
15.0,20.0,8,2517,44.9,-1688.9,-0.67,-1874.1,328,181,2008
15.0,20.0,10,2517,46.4,-1845.9,-0.73,-2013.7,387,224,1906
15.0,20.0,12,2517,46.6,-1797.4,-0.71,-1919.0,437,259,1821
15.0,20.0,15,1962,47.9,-1390.3,-0.71,-1650.5,440,290,1232
15.0,20.0,20,1878,48.5,-1342.6,-0.71,-1794.4,484,340,1054
15.0,20.0,25,1878,48.9,-1213.5,-0.65,-1766.5,538,380,960
15.0,20.0,30,1730,48.7,-1122.0,-0.65,-1721.7,563,409,758
15.0,20.0,45,1630,50.6,-1013.4,-0.62,-1469.8,617,458,555
15.0,20.0,60,1563,51.2,-990.0,-0.63,-1536.3,641,501,421
15.0,25.0,8,2517,45.3,-1622.0,-0.64,-1823.8,334,105,2078
15.0,25.0,10,2517,46.8,-1755.7,-0.7,-1936.3,394,129,1994
15.0,25.0,12,2517,47.0,-1732.3,-0.69,-1865.0,445,160,1912
15.0,25.0,15,1914,48.4,-1453.4,-0.76,-1878.6,433,184,1297
15.0,25.0,20,1820,49.4,-1355.8,-0.74,-2032.8,475,224,1121
15.0,25.0,25,1820,50.1,-1278.2,-0.7,-2055.7,528,252,1040
15.0,25.0,30,1646,49.9,-1274.2,-0.77,-2087.5,547,279,820
15.0,25.0,45,1527,52.4,-1256.4,-0.82,-1974.7,597,329,601
15.0,25.0,60,1453,53.9,-982.6,-0.68,-1865.7,624,355,474
15.0,30.0,8,2517,45.3,-1778.2,-0.71,-1976.5,335,69,2113
15.0,30.0,10,2517,46.9,-1934.3,-0.77,-2122.7,395,91,2031
15.0,30.0,12,2517,47.1,-1941.6,-0.77,-2082.9,446,110,1961
15.0,30.0,15,1886,48.8,-1493.7,-0.79,-1976.7,430,126,1330
15.0,30.0,20,1782,50.1,-1175.6,-0.66,-1908.5,473,145,1164
15.0,30.0,25,1782,50.8,-1056.5,-0.59,-1925.7,524,166,1092
15.0,30.0,30,1590,50.7,-1295.3,-0.81,-2138.8,532,193,865
15.0,30.0,45,1459,54.2,-956.3,-0.66,-1758.6,588,225,646
15.0,30.0,60,1375,56.3,-514.9,-0.37,-1491.2,612,258,505
15.0,35.0,8,2517,45.4,-1784.2,-0.71,-1977.5,336,50,2131
15.0,35.0,10,2517,47.0,-1938.3,-0.77,-2116.7,398,60,2059
15.0,35.0,12,2517,47.2,-1885.3,-0.75,-2011.5,449,70,1998
15.0,35.0,15,1866,49.0,-1400.1,-0.75,-1909.0,424,84,1358
15.0,35.0,20,1755,50.3,-1163.7,-0.66,-1935.2,465,104,1186
15.0,35.0,25,1755,51.1,-1061.2,-0.6,-1956.8,516,118,1121
15.0,35.0,30,1554,51.5,-1153.3,-0.74,-2071.1,526,138,890
15.0,35.0,45,1401,55.0,-961.1,-0.69,-1739.2,567,170,664
15.0,35.0,60,1312,57.3,-512.8,-0.39,-1478.3,587,187,538
20.0,10.0,8,2517,41.0,-1992.7,-0.79,-2107.6,154,701,1662
20.0,10.0,10,2517,41.6,-2088.8,-0.83,-2199.3,192,803,1522
20.0,10.0,12,2517,41.2,-2046.0,-0.81,-2109.0,222,865,1430
20.0,10.0,15,2094,39.2,-1719.0,-0.82,-1986.4,250,888,956
20.0,10.0,20,2011,38.0,-1611.9,-0.8,-2083.6,281,958,772
20.0,10.0,25,2011,37.0,-1697.7,-0.84,-2262.9,300,1026,685
20.0,10.0,30,1927,34.8,-1517.5,-0.79,-2089.0,328,1032,567
20.0,10.0,45,1853,33.2,-1806.1,-0.97,-2320.7,356,1107,390
20.0,10.0,60,1800,32.6,-1578.5,-0.88,-2092.0,385,1134,281
20.0,15.0,8,2517,43.5,-1751.1,-0.7,-1909.8,170,335,2012
20.0,15.0,10,2517,44.6,-1888.9,-0.75,-2058.3,211,404,1902
20.0,15.0,12,2517,44.7,-1783.8,-0.71,-1903.5,245,450,1822
20.0,15.0,15,1959,43.7,-1385.6,-0.71,-1718.7,273,485,1201
20.0,15.0,20,1860,43.5,-1360.8,-0.73,-1917.4,308,547,1005
20.0,15.0,25,1860,43.4,-1336.0,-0.72,-1980.6,332,609,919
20.0,15.0,30,1729,41.6,-1275.1,-0.74,-1909.8,358,642,729
20.0,15.0,45,1624,41.2,-1471.1,-0.91,-1982.4,393,702,529
20.0,15.0,60,1546,41.3,-1250.3,-0.81,-1879.9,415,735,396
20.0,20.0,8,2517,44.2,-1763.9,-0.7,-1944.5,178,184,2155
20.0,20.0,10,2517,45.5,-1944.6,-0.77,-2119.7,221,229,2067
20.0,20.0,12,2517,45.6,-1883.7,-0.75,-1993.1,257,266,1994
20.0,20.0,15,1869,45.6,-1309.3,-0.7,-1631.3,273,285,1311
20.0,20.0,20,1754,45.6,-1405.1,-0.8,-1927.5,301,334,1119
20.0,20.0,25,1754,45.9,-1186.8,-0.68,-1879.0,332,373,1049
20.0,20.0,30,1596,44.7,-1066.8,-0.67,-1779.6,361,404,831
20.0,20.0,45,1460,45.8,-979.6,-0.67,-1452.7,392,443,625
20.0,20.0,60,1374,46.6,-779.7,-0.57,-1398.3,411,480,483
20.0,25.0,8,2517,44.5,-1682.1,-0.67,-1879.3,184,108,2225
20.0,25.0,10,2517,45.9,-1835.2,-0.73,-2023.1,228,133,2156
20.0,25.0,12,2517,46.1,-1817.6,-0.72,-1938.1,264,166,2087
20.0,25.0,15,1826,46.4,-1207.2,-0.66,-1728.5,271,177,1378
20.0,25.0,20,1701,47.0,-1145.0,-0.67,-1906.0,303,217,1181
20.0,25.0,25,1701,47.7,-985.5,-0.58,-1873.3,335,246,1120
20.0,25.0,30,1529,46.8,-956.9,-0.63,-1925.6,360,278,891
20.0,25.0,45,1373,48.3,-889.2,-0.65,-1690.9,391,314,668
20.0,25.0,60,1277,49.8,-592.7,-0.46,-1639.7,411,343,523
20.0,30.0,8,2517,44.6,-1848.2,-0.73,-2041.9,185,72,2260
20.0,30.0,10,2517,46.0,-2024.2,-0.8,-2219.9,229,94,2194
20.0,30.0,12,2517,46.2,-2022.6,-0.8,-2151.7,265,114,2138
20.0,30.0,15,1806,46.8,-1354.4,-0.75,-1933.5,270,129,1407
20.0,30.0,20,1667,47.8,-998.3,-0.6,-1813.7,302,142,1223
20.0,30.0,25,1667,48.5,-723.5,-0.43,-1718.8,334,161,1172
20.0,30.0,30,1482,47.6,-860.3,-0.58,-1851.3,353,186,943
20.0,30.0,45,1314,50.2,-477.3,-0.36,-1295.0,388,216,710
20.0,30.0,60,1211,52.4,5.4,0.0,-1101.7,407,245,559
20.0,35.0,8,2517,44.7,-1807.6,-0.72,-2011.6,186,51,2280
20.0,35.0,10,2517,46.1,-2004.9,-0.8,-2219.0,231,61,2225
20.0,35.0,12,2517,46.3,-1991.1,-0.79,-2150.1,267,72,2178
20.0,35.0,15,1788,47.0,-1258.2,-0.7,-1858.2,265,86,1437
20.0,35.0,20,1644,48.1,-933.5,-0.57,-1782.5,296,102,1246
20.0,35.0,25,1644,48.8,-690.4,-0.42,-1709.5,327,114,1203
20.0,35.0,30,1448,48.4,-612.0,-0.42,-1751.2,350,128,970
20.0,35.0,45,1268,51.2,-256.8,-0.2,-1349.2,384,161,723
20.0,35.0,60,1159,53.8,369.1,0.32,-936.2,400,173,586
25.0,10.0,8,2517,40.8,-1894.4,-0.75,-2047.0,101,705,1711
25.0,10.0,10,2517,41.4,-2014.6,-0.8,-2159.1,124,809,1584
25.0,10.0,12,2517,40.8,-1936.0,-0.77,-2043.5,147,871,1499
25.0,10.0,15,2059,38.3,-1456.5,-0.71,-1775.2,176,878,1005
25.0,10.0,20,1937,37.3,-1318.0,-0.68,-1826.0,191,928,818
25.0,10.0,25,1937,36.2,-1401.2,-0.72,-1983.0,201,994,742
25.0,10.0,30,1830,33.7,-1116.7,-0.61,-1754.9,219,991,620
25.0,10.0,45,1728,31.0,-1482.3,-0.86,-2017.7,233,1056,439
25.0,10.0,60,1648,30.5,-1144.0,-0.69,-1821.7,256,1066,326
25.0,15.0,8,2517,43.3,-1661.1,-0.66,-1862.6,113,338,2066
25.0,15.0,10,2517,44.4,-1821.7,-0.72,-2026.5,137,409,1971
25.0,15.0,12,2517,44.3,-1672.6,-0.66,-1837.2,162,455,1900
25.0,15.0,15,1922,42.6,-1271.1,-0.66,-1636.0,185,479,1258
25.0,15.0,20,1785,42.7,-1038.6,-0.58,-1686.8,206,524,1055
25.0,15.0,25,1785,42.5,-1035.4,-0.58,-1743.6,222,585,978
25.0,15.0,30,1635,40.4,-844.3,-0.52,-1558.0,238,612,785
25.0,15.0,45,1506,38.3,-1248.9,-0.83,-1663.4,255,674,577
25.0,15.0,60,1412,38.0,-1035.2,-0.73,-1605.6,278,701,433
25.0,20.0,8,2517,44.0,-1662.1,-0.66,-1885.4,119,186,2212
25.0,20.0,10,2517,45.3,-1796.9,-0.71,-2007.4,144,231,2142
25.0,20.0,12,2517,45.4,-1700.4,-0.68,-1854.8,172,269,2076
25.0,20.0,15,1840,44.3,-1088.0,-0.59,-1450.1,191,283,1366
25.0,20.0,20,1684,45.0,-963.2,-0.57,-1593.0,206,320,1158
25.0,20.0,25,1684,45.0,-798.9,-0.47,-1593.5,223,358,1103
25.0,20.0,30,1509,43.3,-645.5,-0.43,-1488.6,240,383,886
25.0,20.0,45,1344,42.6,-823.4,-0.61,-1242.5,252,420,672
25.0,20.0,60,1248,43.4,-479.2,-0.38,-1125.5,274,450,524
25.0,25.0,8,2517,44.3,-1571.7,-0.62,-1811.6,123,110,2284
25.0,25.0,10,2517,45.8,-1662.5,-0.66,-1885.9,151,135,2231
25.0,25.0,12,2517,45.8,-1614.3,-0.64,-1779.7,179,169,2169
25.0,25.0,15,1796,45.0,-1077.6,-0.6,-1585.3,191,179,1426
25.0,25.0,20,1638,46.2,-915.6,-0.56,-1630.8,207,214,1217
25.0,25.0,25,1638,46.4,-824.5,-0.5,-1636.9,224,243,1171
25.0,25.0,30,1456,44.7,-808.6,-0.56,-1793.3,241,274,941
25.0,25.0,45,1281,44.8,-854.8,-0.67,-1528.6,258,307,716
25.0,25.0,60,1171,46.3,-402.3,-0.34,-1353.4,278,329,564
25.0,30.0,8,2517,44.4,-1742.8,-0.69,-1979.2,124,74,2319
25.0,30.0,10,2517,45.8,-1856.5,-0.74,-2088.7,152,96,2269
25.0,30.0,12,2517,45.9,-1827.8,-0.73,-2017.7,180,116,2221
25.0,30.0,15,1775,45.2,-1377.1,-0.78,-1925.4,186,131,1458
25.0,30.0,20,1605,46.8,-887.6,-0.55,-1623.8,204,143,1258
25.0,30.0,25,1605,47.1,-678.0,-0.42,-1551.7,221,161,1223
25.0,30.0,30,1406,45.6,-754.8,-0.54,-1855.7,233,183,990
25.0,30.0,45,1221,46.5,-619.1,-0.51,-1346.9,249,216,756
25.0,30.0,60,1103,48.7,128.3,0.12,-985.9,275,234,594
25.0,35.0,8,2517,44.5,-1694.7,-0.67,-1949.8,125,52,2340
25.0,35.0,10,2517,46.0,-1804.5,-0.72,-2083.7,153,62,2302
25.0,35.0,12,2517,46.0,-1747.7,-0.69,-1982.9,182,73,2262
25.0,35.0,15,1758,45.5,-1270.0,-0.72,-1856.4,182,87,1489
25.0,35.0,20,1584,47.2,-789.6,-0.5,-1579.2,200,100,1284
25.0,35.0,25,1584,47.5,-592.0,-0.37,-1500.5,217,114,1253
25.0,35.0,30,1377,46.3,-628.9,-0.46,-1818.9,230,129,1018
25.0,35.0,45,1179,47.7,-376.9,-0.32,-1202.4,246,159,774
25.0,35.0,60,1059,50.1,514.3,0.49,-865.9,272,169,618
30.0,10.0,8,2517,40.5,-2103.4,-0.84,-2262.0,56,709,1752
30.0,10.0,10,2517,41.0,-2199.3,-0.87,-2348.2,75,814,1628
30.0,10.0,12,2517,40.5,-2104.8,-0.84,-2225.7,88,877,1552
30.0,10.0,15,2021,37.7,-1855.9,-0.92,-2091.2,106,869,1046
30.0,10.0,20,1876,36.4,-1722.1,-0.92,-2207.0,114,905,857
30.0,10.0,25,1876,35.3,-1775.6,-0.95,-2374.0,120,971,785
30.0,10.0,30,1755,32.5,-1417.9,-0.81,-2086.0,139,960,656
30.0,10.0,45,1622,29.4,-1848.5,-1.14,-2385.7,147,1005,470
30.0,10.0,60,1531,28.7,-1440.0,-0.94,-2189.1,163,1013,355
30.0,15.0,8,2517,43.1,-1874.6,-0.74,-2085.9,63,341,2113
30.0,15.0,10,2517,44.0,-1995.3,-0.79,-2209.5,86,413,2018
30.0,15.0,12,2517,44.1,-1845.7,-0.73,-2021.4,100,459,1958
30.0,15.0,15,1882,42.3,-1444.2,-0.77,-1792.8,114,465,1303
30.0,15.0,20,1723,41.9,-1355.9,-0.79,-2038.3,129,507,1087
30.0,15.0,25,1723,41.7,-1321.3,-0.77,-2106.9,135,566,1022
30.0,15.0,30,1559,39.3,-1144.6,-0.73,-1928.2,154,587,818
30.0,15.0,45,1408,36.6,-1691.7,-1.2,-2130.7,163,641,604
30.0,15.0,60,1306,35.9,-1369.6,-1.05,-2052.6,181,663,462
30.0,20.0,8,2517,43.8,-1822.1,-0.72,-2055.3,68,187,2262
30.0,20.0,10,2517,45.0,-1915.2,-0.76,-2135.2,93,234,2190
30.0,20.0,12,2517,45.2,-1825.2,-0.73,-1991.6,109,272,2136
30.0,20.0,15,1802,43.9,-1365.0,-0.76,-1744.8,118,279,1405
30.0,20.0,20,1625,44.2,-1228.2,-0.76,-2023.1,133,313,1179
30.0,20.0,25,1625,44.0,-1110.5,-0.68,-2086.3,138,350,1137
30.0,20.0,30,1441,42.1,-1026.2,-0.71,-1959.5,157,376,908
30.0,20.0,45,1263,40.3,-1315.9,-1.04,-1816.9,164,405,694
30.0,20.0,60,1152,41.0,-759.4,-0.66,-1542.9,181,427,544
30.0,25.0,8,2517,44.1,-1751.9,-0.7,-2001.7,70,111,2336
30.0,25.0,10,2517,45.4,-1789.2,-0.71,-2034.7,97,137,2283
30.0,25.0,12,2517,45.6,-1724.0,-0.68,-1932.8,115,171,2231
30.0,25.0,15,1762,44.7,-1312.0,-0.74,-1807.9,118,179,1465
30.0,25.0,20,1578,45.1,-1242.8,-0.79,-2041.0,131,209,1238
30.0,25.0,25,1578,45.3,-1127.6,-0.71,-2023.4,136,236,1206
30.0,25.0,30,1387,43.3,-1122.9,-0.81,-2224.0,156,263,968
30.0,25.0,45,1197,42.3,-1477.6,-1.23,-2249.5,163,300,734
30.0,25.0,60,1075,43.4,-865.2,-0.8,-1873.6,177,315,583
30.0,30.0,8,2517,44.2,-1923.0,-0.76,-2186.7,71,75,2371
30.0,30.0,10,2517,45.5,-1982.1,-0.79,-2271.3,98,97,2322
30.0,30.0,12,2517,45.7,-1942.5,-0.77,-2202.3,116,118,2283
30.0,30.0,15,1743,44.9,-1524.2,-0.87,-2044.4,115,130,1498
30.0,30.0,20,1551,45.6,-1217.3,-0.78,-1932.2,133,141,1277
30.0,30.0,25,1551,45.8,-1008.6,-0.65,-1861.0,139,159,1253
30.0,30.0,30,1347,44.1,-1016.4,-0.75,-2108.3,153,177,1017
30.0,30.0,45,1149,44.0,-1375.2,-1.2,-2052.4,160,217,772
30.0,30.0,60,1019,46.0,-423.7,-0.42,-1455.7,178,231,610
30.0,35.0,8,2517,44.3,-1874.9,-0.74,-2178.4,72,53,2392
30.0,35.0,10,2517,45.6,-1930.1,-0.77,-2266.3,99,63,2355
30.0,35.0,12,2517,45.8,-1862.4,-0.74,-2172.5,118,75,2324
30.0,35.0,15,1729,45.2,-1348.7,-0.78,-1918.7,116,87,1526
30.0,35.0,20,1531,46.1,-920.4,-0.6,-1745.4,131,94,1306
30.0,35.0,25,1531,46.4,-737.7,-0.48,-1668.0,137,109,1285
30.0,35.0,30,1320,45.2,-815.1,-0.62,-2047.5,150,124,1046
30.0,35.0,45,1106,45.0,-1228.1,-1.11,-1953.1,154,162,790
30.0,35.0,60,973,47.0,-195.9,-0.2,-1274.6,173,169,631
35.0,10.0,8,2517,40.4,-2128.3,-0.85,-2301.5,35,710,1772
35.0,10.0,10,2517,40.9,-2224.9,-0.88,-2381.5,50,816,1651
35.0,10.0,12,2517,40.4,-2141.6,-0.85,-2291.2,60,879,1578
35.0,10.0,15,2002,37.4,-1804.0,-0.9,-2079.3,74,862,1066
35.0,10.0,20,1841,36.1,-1793.7,-0.97,-2318.8,76,890,875
35.0,10.0,25,1841,35.0,-1878.3,-1.02,-2536.3,80,956,805
35.0,10.0,30,1711,32.0,-1565.9,-0.92,-2291.4,91,942,678
35.0,10.0,45,1556,28.7,-2031.9,-1.31,-2531.3,93,972,491
35.0,10.0,60,1440,27.4,-1629.9,-1.13,-2322.0,103,966,371
35.0,15.0,8,2517,42.9,-1942.8,-0.77,-2168.8,39,343,2135
35.0,15.0,10,2517,43.9,-2085.0,-0.83,-2304.9,55,415,2047
35.0,15.0,12,2517,43.9,-1928.4,-0.77,-2121.2,67,461,1989
35.0,15.0,15,1865,41.9,-1494.2,-0.8,-1857.9,81,464,1320
35.0,15.0,20,1691,41.5,-1451.6,-0.86,-2111.4,85,498,1108
35.0,15.0,25,1691,41.3,-1497.6,-0.89,-2249.7,90,558,1043
35.0,15.0,30,1514,38.7,-1258.7,-0.83,-2045.2,102,572,840
35.0,15.0,45,1351,35.7,-1853.9,-1.37,-2327.7,106,622,623
35.0,15.0,60,1226,34.6,-1542.1,-1.26,-2304.0,118,631,477
35.0,20.0,8,2517,43.7,-1897.5,-0.75,-2145.3,43,189,2285
35.0,20.0,10,2517,44.9,-2009.5,-0.8,-2235.0,61,236,2220
35.0,20.0,12,2517,45.0,-1900.0,-0.75,-2106.1,74,274,2169
35.0,20.0,15,1784,43.7,-1326.7,-0.74,-1648.8,84,276,1424
35.0,20.0,20,1595,43.7,-1339.2,-0.84,-2025.8,88,307,1200
35.0,20.0,25,1595,43.4,-1331.3,-0.83,-2186.1,92,345,1158
35.0,20.0,30,1396,41.7,-1023.8,-0.73,-1904.6,103,361,932
35.0,20.0,45,1204,39.6,-1271.1,-1.06,-1746.6,105,384,715
35.0,20.0,60,1076,39.8,-696.2,-0.65,-1512.5,119,399,558
35.0,25.0,8,2517,44.0,-1850.1,-0.74,-2114.6,44,113,2360
35.0,25.0,10,2517,45.3,-1909.0,-0.76,-2159.4,64,139,2314
35.0,25.0,12,2517,45.5,-1822.6,-0.72,-2064.4,78,173,2266
35.0,25.0,15,1747,44.5,-1242.5,-0.71,-1747.1,85,175,1487
35.0,25.0,20,1553,44.6,-1402.7,-0.9,-2125.2,88,208,1257
35.0,25.0,25,1553,44.6,-1453.0,-0.94,-2275.0,91,234,1228
35.0,25.0,30,1352,42.3,-1375.7,-1.02,-2391.6,103,259,990
35.0,25.0,45,1145,41.1,-1625.4,-1.42,-2362.3,104,287,754
35.0,25.0,60,1008,41.8,-1034.6,-1.03,-2077.5,116,298,594
35.0,30.0,8,2517,44.1,-1977.6,-0.79,-2263.3,45,76,2396
35.0,30.0,10,2517,45.3,-2046.0,-0.81,-2345.4,65,98,2354
35.0,30.0,12,2517,45.6,-1981.1,-0.79,-2278.8,80,119,2318
35.0,30.0,15,1730,44.8,-1352.5,-0.78,-1947.3,86,126,1518
35.0,30.0,20,1528,45.3,-1242.6,-0.81,-2014.8,91,140,1297
35.0,30.0,25,1528,45.2,-1207.9,-0.79,-2119.9,95,157,1276
35.0,30.0,30,1308,43.3,-1140.8,-0.87,-2264.1,101,171,1036
35.0,30.0,45,1101,42.8,-1497.2,-1.36,-2190.6,104,207,790
35.0,30.0,60,952,44.4,-595.6,-0.63,-1684.2,117,215,620
35.0,35.0,8,2517,44.2,-1929.5,-0.77,-2255.0,46,54,2417
35.0,35.0,10,2517,45.5,-1994.1,-0.79,-2340.4,66,64,2387
35.0,35.0,12,2517,45.7,-1902.7,-0.76,-2249.1,81,76,2360
35.0,35.0,15,1715,45.0,-1204.1,-0.7,-1853.7,86,85,1544
35.0,35.0,20,1508,45.5,-1125.7,-0.75,-2002.8,88,95,1325
35.0,35.0,25,1508,45.7,-1112.6,-0.74,-2107.5,92,110,1306
35.0,35.0,30,1282,44.3,-970.6,-0.76,-2213.9,99,120,1063
35.0,35.0,45,1060,44.0,-1294.5,-1.22,-2070.3,100,153,807
35.0,35.0,60,908,45.6,-197.5,-0.22,-1438.2,115,152,641
40.0,10.0,8,2517,40.4,-2065.5,-0.82,-2259.7,27,710,1780
40.0,10.0,10,2517,40.9,-2137.0,-0.85,-2312.8,39,817,1661
40.0,10.0,12,2517,40.3,-2096.6,-0.83,-2268.9,43,880,1594
40.0,10.0,15,1992,37.3,-1666.2,-0.84,-1959.9,56,856,1080
40.0,10.0,20,1818,36.2,-1561.5,-0.86,-2159.1,61,874,883
40.0,10.0,25,1818,35.1,-1605.7,-0.88,-2336.3,64,939,815
40.0,10.0,30,1682,32.0,-1343.6,-0.8,-2180.5,72,921,689
40.0,10.0,45,1522,28.4,-1912.1,-1.26,-2471.3,70,950,502
40.0,10.0,60,1388,27.2,-1486.2,-1.07,-2185.5,75,931,382
40.0,15.0,8,2517,42.9,-1860.0,-0.74,-2107.0,31,343,2143
40.0,15.0,10,2517,43.8,-1979.1,-0.79,-2218.1,43,416,2058
40.0,15.0,12,2517,43.9,-1861.3,-0.74,-2084.8,49,462,2006
40.0,15.0,15,1857,41.9,-1306.1,-0.7,-1699.4,63,460,1334
40.0,15.0,20,1669,41.7,-1134.6,-0.68,-1916.0,68,486,1115
40.0,15.0,25,1669,41.5,-1136.8,-0.68,-2030.9,73,543,1053
40.0,15.0,30,1485,38.9,-954.7,-0.64,-1898.7,81,555,849
40.0,15.0,45,1323,35.4,-1749.5,-1.32,-2311.1,81,608,634
40.0,15.0,60,1189,34.2,-1470.8,-1.24,-2249.2,88,611,490
40.0,20.0,8,2517,43.7,-1794.7,-0.71,-2063.5,35,189,2293
40.0,20.0,10,2517,44.8,-1889.9,-0.75,-2134.7,48,237,2232
40.0,20.0,12,2517,44.9,-1824.6,-0.72,-2072.2,54,275,2188
40.0,20.0,15,1778,43.5,-1202.6,-0.68,-1570.1,66,274,1438
40.0,20.0,20,1579,43.8,-1087.5,-0.69,-1904.1,71,303,1205
40.0,20.0,25,1579,43.5,-1027.4,-0.65,-1989.4,76,340,1163
40.0,20.0,30,1375,41.7,-758.4,-0.55,-1727.2,82,351,942
40.0,20.0,45,1178,39.4,-1158.3,-0.98,-1704.2,80,373,725
40.0,20.0,60,1042,39.3,-763.5,-0.73,-1554.3,87,387,568
40.0,25.0,8,2517,44.0,-1742.3,-0.69,-2036.9,36,113,2368
40.0,25.0,10,2517,45.2,-1792.3,-0.71,-2085.5,50,139,2328
40.0,25.0,12,2517,45.4,-1762.2,-0.7,-2043.5,56,174,2287
40.0,25.0,15,1741,44.3,-1143.6,-0.66,-1696.9,67,177,1497
40.0,25.0,20,1538,44.6,-1162.1,-0.76,-2035.9,71,206,1261
40.0,25.0,25,1538,44.7,-1154.4,-0.75,-2126.6,75,232,1231
40.0,25.0,30,1332,42.3,-1163.9,-0.87,-2343.8,82,251,999
40.0,25.0,45,1121,40.9,-1486.9,-1.33,-2274.8,79,278,764
40.0,25.0,60,975,41.5,-1018.4,-1.04,-2045.7,85,287,603
40.0,30.0,8,2517,44.1,-1864.8,-0.74,-2201.5,37,76,2404
40.0,30.0,10,2517,45.3,-1924.3,-0.76,-2271.5,51,98,2368
40.0,30.0,12,2517,45.5,-1915.7,-0.76,-2257.2,58,120,2339
40.0,30.0,15,1725,44.6,-1254.4,-0.73,-1902.9,68,128,1529
40.0,30.0,20,1514,45.3,-1013.4,-0.67,-1946.9,73,139,1302
40.0,30.0,25,1514,45.3,-902.5,-0.6,-1974.6,79,155,1280
40.0,30.0,30,1289,43.4,-817.7,-0.63,-2158.2,81,165,1043
40.0,30.0,45,1080,42.7,-1250.9,-1.16,-2074.7,80,201,799
40.0,30.0,60,920,44.6,-375.8,-0.41,-1560.5,87,204,629
40.0,35.0,8,2517,44.2,-1820.9,-0.72,-2197.4,37,54,2426
40.0,35.0,10,2517,45.5,-1867.4,-0.74,-2261.5,52,64,2401
40.0,35.0,12,2517,45.6,-1823.6,-0.72,-2213.8,59,76,2382
40.0,35.0,15,1710,44.9,-1032.1,-0.6,-1740.5,69,87,1554
40.0,35.0,20,1494,45.6,-813.3,-0.54,-1861.7,72,94,1328
40.0,35.0,25,1494,45.9,-733.5,-0.49,-1898.6,78,109,1307
40.0,35.0,30,1265,44.4,-592.1,-0.47,-2061.5,81,114,1070
40.0,35.0,45,1043,44.1,-1020.8,-0.98,-1964.1,78,150,815
40.0,35.0,60,879,45.8,110.9,0.13,-1277.7,87,146,646
50.0,10.0,8,2517,40.4,-2017.1,-0.8,-2205.2,14,710,1793
50.0,10.0,10,2517,40.8,-2072.7,-0.82,-2231.7,20,817,1680
50.0,10.0,12,2517,40.3,-2002.0,-0.8,-2193.7,22,880,1615
50.0,10.0,15,1976,37.3,-1427.5,-0.72,-1810.7,32,847,1097
50.0,10.0,20,1786,36.3,-1231.3,-0.69,-1931.6,38,853,895
50.0,10.0,25,1786,35.2,-1192.4,-0.67,-2042.4,41,918,827
50.0,10.0,30,1643,32.1,-1025.7,-0.62,-1971.4,44,894,705
50.0,10.0,45,1463,28.6,-1408.7,-0.96,-2115.6,44,905,514
50.0,10.0,60,1304,27.5,-1036.5,-0.79,-1827.5,41,865,398
50.0,15.0,8,2517,42.9,-1787.7,-0.71,-2052.4,16,343,2158
50.0,15.0,10,2517,43.8,-1886.8,-0.75,-2109.1,23,416,2078
50.0,15.0,12,2517,43.8,-1763.6,-0.7,-2016.5,25,462,2030
50.0,15.0,15,1839,41.9,-1122.1,-0.61,-1592.7,36,452,1351
50.0,15.0,20,1637,41.7,-922.8,-0.56,-1797.7,40,469,1128
50.0,15.0,25,1637,41.5,-863.1,-0.53,-1888.0,43,526,1068
50.0,15.0,30,1447,38.8,-672.8,-0.46,-1808.3,48,530,869
50.0,15.0,45,1259,35.7,-1240.3,-0.99,-2031.9,47,565,647
50.0,15.0,60,1097,34.8,-914.2,-0.83,-1946.2,46,546,505
50.0,20.0,8,2517,43.7,-1762.5,-0.7,-2037.4,17,189,2311
50.0,20.0,10,2517,44.7,-1875.3,-0.75,-2137.6,24,237,2256
50.0,20.0,12,2517,44.9,-1834.2,-0.73,-2109.0,26,275,2216
50.0,20.0,15,1762,43.4,-1132.6,-0.64,-1620.4,37,269,1456
50.0,20.0,20,1549,43.7,-839.1,-0.54,-1835.0,42,289,1218
50.0,20.0,25,1549,43.4,-736.6,-0.48,-1894.4,45,326,1178
50.0,20.0,30,1343,41.5,-463.4,-0.35,-1743.3,50,335,958
50.0,20.0,45,1136,39.5,-733.0,-0.65,-1573.1,50,351,735
50.0,20.0,60,976,39.9,-156.5,-0.16,-1358.0,48,349,579
50.0,25.0,8,2517,44.0,-1721.3,-0.68,-2038.7,17,113,2387
50.0,25.0,10,2517,45.1,-1807.6,-0.72,-2107.7,24,139,2354
50.0,25.0,12,2517,45.3,-1810.1,-0.72,-2100.7,26,174,2317
50.0,25.0,15,1727,43.9,-1257.2,-0.73,-1887.1,36,177,1514
50.0,25.0,20,1509,44.3,-1055.5,-0.7,-1999.7,41,198,1270
50.0,25.0,25,1509,44.5,-981.5,-0.65,-2032.8,44,224,1241
50.0,25.0,30,1305,41.6,-1172.9,-0.9,-2415.3,48,242,1015
50.0,25.0,45,1083,40.3,-1452.9,-1.34,-2250.3,46,264,773
50.0,25.0,60,927,40.9,-1021.5,-1.1,-2123.6,45,271,611
50.0,30.0,8,2517,44.1,-1833.7,-0.73,-2203.3,18,76,2423
50.0,30.0,10,2517,45.2,-1929.6,-0.77,-2293.7,25,98,2394
50.0,30.0,12,2517,45.4,-1943.6,-0.77,-2305.2,28,120,2369
50.0,30.0,15,1710,44.2,-1426.7,-0.83,-2161.8,36,125,1549
50.0,30.0,20,1485,45.0,-897.9,-0.6,-1911.7,42,133,1310
50.0,30.0,25,1485,45.0,-743.7,-0.5,-1905.0,46,149,1290
50.0,30.0,30,1267,42.8,-783.9,-0.62,-2185.9,49,158,1060
50.0,30.0,45,1042,42.1,-1176.0,-1.13,-2104.6,46,188,808
50.0,30.0,60,869,44.1,-124.7,-0.14,-1443.1,45,184,640
50.0,35.0,8,2517,44.2,-1789.8,-0.71,-2199.2,18,54,2445
50.0,35.0,10,2517,45.4,-1862.7,-0.74,-2273.7,26,64,2427
50.0,35.0,12,2517,45.5,-1841.5,-0.73,-2251.8,29,76,2412
50.0,35.0,15,1696,44.5,-1193.0,-0.7,-1937.9,36,84,1576
50.0,35.0,20,1468,45.2,-804.7,-0.55,-1857.6,41,90,1337
50.0,35.0,25,1468,45.6,-663.1,-0.45,-1845.3,45,104,1319
50.0,35.0,30,1241,43.8,-739.2,-0.6,-2199.2,47,112,1082
50.0,35.0,45,1007,43.2,-1253.3,-1.24,-2194.3,43,141,823
50.0,35.0,60,837,44.8,-37.1,-0.04,-1375.9,44,139,654
