side,entry_time,entry_price,stop,target,timeout,target_updates,s1_prob,s2_prob,exit_time,exit_price,exit_reason,pnl,month,dow
1,2025-10-14 16:34:00+00:00,4129.75,4114.75,4149.75,2025-10-14 16:49:00+00:00,0,0.949909508228302,0.949909508228302,2025-10-14 16:48:00+00:00,4149.75,target_hit,20.0,2025-10,Tuesday
1,2025-10-16 22:06:00+00:00,4333.5,4318.5,4353.5,2025-10-16 22:21:00+00:00,0,0.9788186550140381,0.9788186550140381,2025-10-16 22:09:00+00:00,4353.5,target_hit,20.0,2025-10,Friday
1,2025-10-16 22:15:00+00:00,4350.17,4335.17,4370.17,2025-10-16 22:30:00+00:00,0,0.9584357142448425,0.9584357142448425,2025-10-16 22:18:00+00:00,4370.17,target_hit,20.0,2025-10,Friday
1,2025-10-16 23:02:00+00:00,4343.01,4328.01,4363.01,2025-10-16 23:17:00+00:00,0,0.9758272171020508,0.9758272171020508,2025-10-16 23:08:00+00:00,4363.01,target_hit,20.0,2025-10,Friday
1,2025-10-16 23:37:00+00:00,4353.22,4338.22,4377.45,2025-10-16 23:52:00+00:00,1,0.972502589225769,0.972502589225769,2025-10-16 23:50:00+00:00,4377.45,target_hit,24.229999999999563,2025-10,Friday
1,2025-10-17 01:59:00+00:00,4309.55,4294.55,4334.32,2025-10-17 02:14:00+00:00,1,0.9910491704940796,0.9910491704940796,2025-10-17 02:10:00+00:00,4334.32,target_hit,24.769999999999527,2025-10,Friday
1,2025-10-17 02:24:00+00:00,4324.89,4309.89,4344.89,2025-10-17 02:39:00+00:00,0,0.9783726334571838,0.9783726334571838,2025-10-17 02:31:00+00:00,4344.89,target_hit,20.0,2025-10,Friday
1,2025-10-17 03:02:00+00:00,4340.25,4325.25,4360.25,2025-10-17 03:17:00+00:00,0,0.9827837944030762,0.9827837944030762,2025-10-17 03:15:00+00:00,4360.25,target_hit,20.0,2025-10,Friday
1,2025-10-17 17:56:00+00:00,4220.83,4205.83,4241.7,2025-10-17 18:16:00+00:00,6,0.9870296716690063,0.9870296716690063,2025-10-17 18:11:00+00:00,4241.7,target_hit,20.86999999999989,2025-10,Friday
1,2025-10-20 14:01:00+00:00,4296.05,4281.05,4334.55,2025-10-20 14:28:00+00:00,13,0.992542028427124,0.992542028427124,2025-10-20 14:20:00+00:00,4334.55,target_hit,38.5,2025-10,Monday
1,2025-10-21 14:50:00+00:00,4113.77,4098.77,4149.68,2025-10-21 15:21:00+00:00,14,0.9932635426521301,0.9932635426521301,2025-10-21 15:11:00+00:00,4149.68,target_hit,35.909999999999854,2025-10,Tuesday
1,2025-10-21 15:32:00+00:00,4127.27,4112.27,4148.76,2025-10-21 15:55:00+00:00,8,0.9907021522521973,0.9907021522521973,2025-10-21 15:55:00+00:00,4144.63,timeout,17.359999999999673,2025-10,Tuesday
1,2025-10-22 00:15:00+00:00,4038.21,4023.21,4090.77,2025-10-22 00:49:00+00:00,17,0.988854169845581,0.988854169845581,2025-10-22 00:48:00+00:00,4090.77,target_hit,52.559999999999945,2025-10,Wednesday
1,2025-10-22 00:56:00+00:00,4077.44,4062.44,4105.33,2025-10-22 01:17:00+00:00,7,0.9891772866249084,0.9891772866249084,2025-10-22 01:06:00+00:00,4105.33,target_hit,27.889999999999873,2025-10,Wednesday
1,2025-10-22 01:55:00+00:00,4091.73,4076.73,4118.03,2025-10-22 02:19:00+00:00,10,0.5809149146080017,0.5809149146080017,2025-10-22 02:13:00+00:00,4118.03,target_hit,26.299999999999727,2025-10,Wednesday
1,2025-10-22 03:23:00+00:00,4112.86,4097.86,4134.25,2025-10-22 03:43:00+00:00,2,0.9746522903442383,0.9746522903442383,2025-10-22 03:37:00+00:00,4134.25,target_hit,21.390000000000327,2025-10,Wednesday
1,2025-10-22 13:02:00+00:00,4049.16,4034.16,4069.16,2025-10-22 13:17:00+00:00,0,0.9784851670265198,0.9784851670265198,2025-10-22 13:17:00+00:00,4066.45,timeout,17.289999999999964,2025-10,Wednesday
1,2025-10-22 13:24:00+00:00,4058.57,4043.57,4080.53,2025-10-22 13:50:00+00:00,12,0.5958729982376099,0.5958729982376099,2025-10-22 13:39:00+00:00,4080.53,target_hit,21.960000000000036,2025-10,Wednesday
1,2025-10-22 16:27:00+00:00,4042.2,4027.2,4063.88,2025-10-22 16:44:00+00:00,2,0.9681743383407593,0.9681743383407593,2025-10-22 16:33:00+00:00,4063.88,target_hit,21.68000000000029,2025-10,Wednesday
1,2025-10-24 12:52:00+00:00,4078.86,4063.86,4104.4400000000005,2025-10-24 13:16:00+00:00,10,0.9883636236190796,0.9883636236190796,2025-10-24 13:07:00+00:00,4104.4400000000005,target_hit,25.580000000000382,2025-10,Friday
1,2025-10-24 13:59:00+00:00,4107.59,4092.59,4128.06,2025-10-24 14:20:00+00:00,7,0.9910308122634888,0.9910308122634888,2025-10-24 14:12:00+00:00,4128.06,target_hit,20.470000000000255,2025-10,Friday
1,2025-12-29 00:38:00+00:00,4502.53,4487.53,4522.53,2025-12-29 00:53:00+00:00,0,0.5598981380462646,0.5598981380462646,2025-12-29 00:44:00+00:00,4487.53,stop_loss,-15.0,2025-12,Monday
1,2025-12-29 00:49:00+00:00,4504.97,4489.97,4524.97,2025-12-29 01:18:00+00:00,3,0.7310349941253662,0.7310349941253662,2025-12-29 01:18:00+00:00,4513.52,timeout,8.550000000000182,2025-12,Monday
1,2025-12-29 15:36:00+00:00,4333.6,4318.6,4354.62,2025-12-29 15:52:00+00:00,2,0.7640061974525452,0.7640061974525452,2025-12-29 15:52:00+00:00,4326.98,timeout,-6.6200000000008,2025-12,Monday
1,2026-01-29 00:19:00+00:00,5487.01,5472.01,5507.01,2026-01-29 00:34:00+00:00,0,0.5808440446853638,0.5808440446853638,2026-01-29 00:20:00+00:00,5472.01,stop_loss,-15.0,2026-01,Thursday
1,2026-01-29 01:05:00+00:00,5468.83,5453.83,5488.83,2026-01-29 01:20:00+00:00,0,0.6205884218215942,0.6205884218215942,2026-01-29 01:09:00+00:00,5453.83,stop_loss,-15.0,2026-01,Thursday
1,2026-01-29 01:15:00+00:00,5480.12,5465.12,5513.98,2026-01-29 01:31:00+00:00,2,0.6092023849487305,0.6092023849487305,2026-01-29 01:24:00+00:00,5513.98,target_hit,33.85999999999967,2026-01,Thursday
1,2026-01-29 14:49:00+00:00,5507.38,5492.38,5535.92,2026-01-29 15:13:00+00:00,8,0.850183367729187,0.850183367729187,2026-01-29 15:00:00+00:00,5492.38,stop_loss,-15.0,2026-01,Thursday
1,2026-01-29 15:24:00+00:00,5329.53,5314.53,5349.53,2026-01-29 15:39:00+00:00,0,0.7249573469161987,0.7249573469161987,2026-01-29 15:24:00+00:00,5314.53,stop_loss,-15.0,2026-01,Thursday
1,2026-01-29 15:33:00+00:00,5148.29,5133.29,5168.29,2026-01-29 15:48:00+00:00,0,0.7713139057159424,0.7713139057159424,2026-01-29 15:33:00+00:00,5133.29,stop_loss,-15.0,2026-01,Thursday
1,2026-01-29 15:34:00+00:00,5175.79,5160.79,5195.79,2026-01-29 15:49:00+00:00,0,0.6714004874229431,0.6714004874229431,2026-01-29 15:34:00+00:00,5160.79,stop_loss,-15.0,2026-01,Thursday
1,2026-01-29 15:35:00+00:00,5163.58,5148.58,5183.58,2026-01-29 15:50:00+00:00,0,0.7434912323951721,0.7434912323951721,2026-01-29 15:35:00+00:00,5148.58,stop_loss,-15.0,2026-01,Thursday
1,2026-01-29 15:38:00+00:00,5178.59,5163.59,5198.59,2026-01-29 15:53:00+00:00,0,0.789557933807373,0.789557933807373,2026-01-29 15:38:00+00:00,5198.59,target_hit,20.0,2026-01,Thursday
1,2026-01-29 15:41:00+00:00,5179.39,5164.39,5199.39,2026-01-29 15:56:00+00:00,0,0.8007181882858276,0.8007181882858276,2026-01-29 15:41:00+00:00,5164.39,stop_loss,-15.0,2026-01,Thursday
1,2026-01-29 15:42:00+00:00,5164.11,5149.11,5184.11,2026-01-29 15:57:00+00:00,0,0.608527660369873,0.608527660369873,2026-01-29 15:42:00+00:00,5149.11,stop_loss,-15.0,2026-01,Thursday
1,2026-01-29 15:46:00+00:00,5164.87,5149.87,5188.95,2026-01-29 16:01:00+00:00,1,0.6871530413627625,0.6871530413627625,2026-01-29 15:47:00+00:00,5149.87,stop_loss,-15.0,2026-01,Thursday
1,2026-01-29 15:48:00+00:00,5157.92,5142.92,5177.92,2026-01-29 16:03:00+00:00,0,0.8316641449928284,0.8316641449928284,2026-01-29 15:48:00+00:00,5177.92,target_hit,20.0,2026-01,Thursday
1,2026-01-29 15:49:00+00:00,5164.65,5149.65,5186.02,2026-01-29 16:04:00+00:00,1,0.651727557182312,0.651727557182312,2026-01-29 15:50:00+00:00,5186.02,target_hit,21.3700000000008,2026-01,Thursday
1,2026-01-30 01:17:00+00:00,5329.86,5314.86,5349.86,2026-01-30 01:32:00+00:00,0,0.6568850874900818,0.6568850874900818,2026-01-30 01:23:00+00:00,5349.86,target_hit,20.0,2026-01,Friday
1,2026-01-30 02:25:00+00:00,5163.5,5148.5,5183.5,2026-01-30 02:40:00+00:00,0,0.5687984824180603,0.5687984824180603,2026-01-30 02:25:00+00:00,5183.5,target_hit,20.0,2026-01,Friday
1,2026-01-30 02:32:00+00:00,5145.0,5130.0,5175.2,2026-01-30 02:47:00+00:00,1,0.6165390610694885,0.6165390610694885,2026-01-30 02:36:00+00:00,5175.2,target_hit,30.199999999999818,2026-01,Friday
1,2026-01-30 08:38:00+00:00,5084.98,5069.98,5123.15,2026-01-30 09:01:00+00:00,5,0.715117335319519,0.715117335319519,2026-01-30 08:49:00+00:00,5123.15,target_hit,38.17000000000007,2026-01,Friday
1,2026-01-30 08:56:00+00:00,5117.52,5102.52,5137.52,2026-01-30 09:11:00+00:00,0,0.6633917093276978,0.6633917093276978,2026-01-30 09:05:00+00:00,5102.52,stop_loss,-15.0,2026-01,Friday
1,2026-01-30 09:06:00+00:00,5102.48,5087.48,5122.48,2026-01-30 09:21:00+00:00,0,0.570755124092102,0.570755124092102,2026-01-30 09:07:00+00:00,5087.48,stop_loss,-15.0,2026-01,Friday
1,2026-01-30 09:08:00+00:00,5085.45,5070.45,5105.45,2026-01-30 09:23:00+00:00,0,0.5756118297576904,0.5756118297576904,2026-01-30 09:08:00+00:00,5070.45,stop_loss,-15.0,2026-01,Friday
1,2026-01-30 09:16:00+00:00,5047.75,5032.75,5088.35,2026-01-30 09:41:00+00:00,6,0.833699107170105,0.833699107170105,2026-01-30 09:28:00+00:00,5032.75,stop_loss,-15.0,2026-01,Friday
1,2026-01-30 09:32:00+00:00,5055.99,5040.99,5082.1,2026-01-30 09:48:00+00:00,2,0.9077113270759583,0.9077113270759583,2026-01-30 09:38:00+00:00,5040.99,stop_loss,-15.0,2026-01,Friday
1,2026-01-30 09:48:00+00:00,4991.55,4976.55,5011.55,2026-01-30 10:03:00+00:00,1,0.8598280549049377,0.8598280549049377,2026-01-30 09:49:00+00:00,4976.55,stop_loss,-15.0,2026-01,Friday
1,2026-01-30 09:50:00+00:00,4982.69,4967.69,5002.69,2026-01-30 10:05:00+00:00,0,0.8204291462898254,0.8204291462898254,2026-01-30 09:50:00+00:00,4967.69,stop_loss,-15.0,2026-01,Friday
1,2026-01-30 09:53:00+00:00,4985.34,4970.34,5008.2,2026-01-30 10:09:00+00:00,2,0.9116067290306091,0.9116067290306091,2026-01-30 09:57:00+00:00,5008.2,target_hit,22.859999999999673,2026-01,Friday
1,2026-01-30 09:59:00+00:00,5009.3,4994.3,5033.94,2026-01-30 10:14:00+00:00,1,0.7275198698043823,0.7275198698043823,2026-01-30 10:00:00+00:00,5033.94,target_hit,24.639999999999418,2026-01,Friday
1,2026-01-30 13:25:00+00:00,5026.25,5011.25,5052.2,2026-01-30 13:42:00+00:00,3,0.6089168787002563,0.6089168787002563,2026-01-30 13:31:00+00:00,5011.25,stop_loss,-15.0,2026-01,Friday
1,2026-01-30 13:37:00+00:00,5032.5,5017.5,5052.5,2026-01-30 14:01:00+00:00,2,0.7976653575897217,0.7976653575897217,2026-01-30 13:47:00+00:00,5017.5,stop_loss,-15.0,2026-01,Friday
1,2026-01-30 13:48:00+00:00,5006.94,4991.94,5037.98,2026-01-30 14:07:00+00:00,5,0.9144055843353271,0.9144055843353271,2026-01-30 14:01:00+00:00,5037.98,target_hit,31.039999999999964,2026-01,Friday
1,2026-01-30 15:08:00+00:00,5013.55,4998.55,5033.55,2026-01-30 15:23:00+00:00,0,0.5872164368629456,0.5872164368629456,2026-01-30 15:08:00+00:00,4998.55,stop_loss,-15.0,2026-01,Friday
1,2026-01-30 15:11:00+00:00,5011.85,4996.85,5031.85,2026-01-30 15:26:00+00:00,0,0.8602694869041443,0.8602694869041443,2026-01-30 15:11:00+00:00,5031.85,target_hit,20.0,2026-01,Friday
1,2026-01-30 15:12:00+00:00,5036.5,5021.5,5056.5,2026-01-30 15:29:00+00:00,2,0.7046741843223572,0.7046741843223572,2026-01-30 15:18:00+00:00,5056.5,target_hit,20.0,2026-01,Friday
1,2026-02-01 23:06:00+00:00,4820.3,4805.3,4843.37,2026-02-01 23:22:00+00:00,2,0.6488005518913269,0.6488005518913269,2026-02-01 23:10:00+00:00,4805.3,stop_loss,-15.0,2026-02,Monday
1,2026-02-01 23:26:00+00:00,4737.45,4722.45,4761.8,2026-02-01 23:42:00+00:00,2,0.7263997197151184,0.7263997197151184,2026-02-01 23:28:00+00:00,4722.45,stop_loss,-15.0,2026-02,Monday
1,2026-02-01 23:29:00+00:00,4726.5,4711.5,4798.35,2026-02-02 00:14:00+00:00,25,0.7483652830123901,0.7483652830123901,2026-02-02 00:08:00+00:00,4798.35,target_hit,71.85000000000036,2026-02,Monday
1,2026-02-02 00:27:00+00:00,4844.91,4829.91,4864.91,2026-02-02 00:42:00+00:00,0,0.5504679679870605,0.5504679679870605,2026-02-02 00:30:00+00:00,4829.91,stop_loss,-15.0,2026-02,Monday
1,2026-02-02 00:43:00+00:00,4827.54,4812.54,4847.54,2026-02-02 00:58:00+00:00,0,0.6994963884353638,0.6994963884353638,2026-02-02 00:43:00+00:00,4812.54,stop_loss,-15.0,2026-02,Monday
1,2026-02-02 00:48:00+00:00,4783.81,4768.81,4808.65,2026-02-02 01:06:00+00:00,1,0.6875002384185791,0.6875002384185791,2026-02-02 00:56:00+00:00,4768.81,stop_loss,-15.0,2026-02,Monday
1,2026-02-02 00:59:00+00:00,4782.4,4767.4,4802.4,2026-02-02 01:14:00+00:00,0,0.6096123456954956,0.6096123456954956,2026-02-02 00:59:00+00:00,4767.4,stop_loss,-15.0,2026-02,Monday
1,2026-02-02 01:00:00+00:00,4767.25,4752.25,4787.25,2026-02-02 01:15:00+00:00,0,0.6038790941238403,0.6038790941238403,2026-02-02 01:00:00+00:00,4752.25,stop_loss,-15.0,2026-02,Monday
1,2026-02-02 01:01:00+00:00,4738.2,4723.2,4758.2,2026-02-02 01:16:00+00:00,0,0.683495819568634,0.683495819568634,2026-02-02 01:01:00+00:00,4758.2,target_hit,20.0,2026-02,Monday
1,2026-02-02 01:02:00+00:00,4749.06,4734.06,4769.06,2026-02-02 01:17:00+00:00,0,0.6238324642181396,0.6238324642181396,2026-02-02 01:02:00+00:00,4769.06,target_hit,20.0,2026-02,Monday
1,2026-02-02 01:04:00+00:00,4773.6,4758.6,4793.6,2026-02-02 01:19:00+00:00,0,0.6980093717575073,0.6980093717575073,2026-02-02 01:04:00+00:00,4758.6,stop_loss,-15.0,2026-02,Monday
1,2026-02-02 01:05:00+00:00,4756.63,4741.63,4783.2,2026-02-02 01:20:00+00:00,1,0.789114236831665,0.789114236831665,2026-02-02 01:06:00+00:00,4741.63,stop_loss,-15.0,2026-02,Monday
1,2026-02-02 01:07:00+00:00,4750.43,4735.43,4770.43,2026-02-02 01:22:00+00:00,0,0.8865019679069519,0.8865019679069519,2026-02-02 01:07:00+00:00,4735.43,stop_loss,-15.0,2026-02,Monday
1,2026-02-02 01:21:00+00:00,4703.19,4688.19,4723.19,2026-02-02 01:36:00+00:00,0,0.8611533641815186,0.8611533641815186,2026-02-02 01:21:00+00:00,4688.19,stop_loss,-15.0,2026-02,Monday
1,2026-02-02 01:22:00+00:00,4692.0,4677.0,4712.0,2026-02-02 01:37:00+00:00,1,0.8505153059959412,0.8505153059959412,2026-02-02 01:23:00+00:00,4677.0,stop_loss,-15.0,2026-02,Monday
1,2026-02-02 01:24:00+00:00,4648.8,4633.8,4668.8,2026-02-02 01:39:00+00:00,0,0.6728557348251343,0.6728557348251343,2026-02-02 01:24:00+00:00,4668.8,target_hit,20.0,2026-02,Monday
1,2026-02-02 01:25:00+00:00,4675.23,4660.23,4695.23,2026-02-02 01:40:00+00:00,0,0.8531800508499146,0.8531800508499146,2026-02-02 01:25:00+00:00,4660.23,stop_loss,-15.0,2026-02,Monday
1,2026-02-02 01:26:00+00:00,4662.08,4647.08,4682.08,2026-02-02 01:41:00+00:00,0,0.8128112554550171,0.8128112554550171,2026-02-02 01:26:00+00:00,4682.08,target_hit,20.0,2026-02,Monday
1,2026-02-02 01:27:00+00:00,4690.37,4675.37,4723.71,2026-02-02 01:44:00+00:00,3,0.8416996598243713,0.8416996598243713,2026-02-02 01:30:00+00:00,4675.37,stop_loss,-15.0,2026-02,Monday
1,2026-02-02 01:31:00+00:00,4677.42,4662.42,4763.4,2026-02-02 02:44:00+00:00,54,0.8823040127754211,0.8823040127754211,2026-02-02 02:32:00+00:00,4763.4,target_hit,85.97999999999956,2026-02,Monday
1,2026-02-02 02:49:00+00:00,4737.23,4722.23,4757.23,2026-02-02 03:04:00+00:00,0,0.5939738154411316,0.5939738154411316,2026-02-02 02:49:00+00:00,4722.23,stop_loss,-15.0,2026-02,Monday
1,2026-02-02 02:50:00+00:00,4729.4,4714.4,4753.0,2026-02-02 03:11:00+00:00,7,0.664409875869751,0.664409875869751,2026-02-02 02:57:00+00:00,4714.4,stop_loss,-15.0,2026-02,Monday
1,2026-02-02 03:00:00+00:00,4711.65,4696.65,4737.03,2026-02-02 03:28:00+00:00,2,0.5706364512443542,0.5706364512443542,2026-02-02 03:14:00+00:00,4696.65,stop_loss,-15.0,2026-02,Monday
1,2026-02-02 03:15:00+00:00,4693.25,4678.25,4713.25,2026-02-02 03:30:00+00:00,0,0.7209011912345886,0.7209011912345886,2026-02-02 03:15:00+00:00,4678.25,stop_loss,-15.0,2026-02,Monday
1,2026-02-02 03:16:00+00:00,4674.1,4659.1,4701.15,2026-02-02 03:31:00+00:00,1,0.6732867956161499,0.6732867956161499,2026-02-02 03:18:00+00:00,4701.15,target_hit,27.049999999999272,2026-02,Monday
1,2026-02-02 03:19:00+00:00,4704.19,4689.19,4740.35,2026-02-02 03:45:00+00:00,8,0.5866591930389404,0.5866591930389404,2026-02-02 03:31:00+00:00,4689.19,stop_loss,-15.0,2026-02,Monday
1,2026-02-02 03:32:00+00:00,4687.62,4672.62,4707.62,2026-02-02 03:47:00+00:00,1,0.6510113477706909,0.6510113477706909,2026-02-02 03:33:00+00:00,4672.62,stop_loss,-15.0,2026-02,Monday
1,2026-02-02 03:34:00+00:00,4678.0,4663.0,4698.0,2026-02-02 03:49:00+00:00,1,0.7065625786781311,0.7065625786781311,2026-02-02 03:35:00+00:00,4663.0,stop_loss,-15.0,2026-02,Monday
1,2026-02-02 03:36:00+00:00,4659.1,4644.1,4687.98,2026-02-02 03:54:00+00:00,4,0.7239267230033875,0.7239267230033875,2026-02-02 03:40:00+00:00,4644.1,stop_loss,-15.0,2026-02,Monday
1,2026-02-02 03:42:00+00:00,4651.28,4636.28,4706.69,2026-02-02 04:14:00+00:00,18,0.6591396331787109,0.6591396331787109,2026-02-02 04:01:00+00:00,4636.28,stop_loss,-15.0,2026-02,Monday
1,2026-02-02 04:02:00+00:00,4620.35,4605.35,4640.35,2026-02-02 04:18:00+00:00,2,0.8608892560005188,0.8608892560005188,2026-02-02 04:05:00+00:00,4605.35,stop_loss,-15.0,2026-02,Monday
1,2026-02-02 04:06:00+00:00,4619.46,4604.46,4692.45,2026-02-02 04:30:00+00:00,10,0.8133932948112488,0.8133932948112488,2026-02-02 04:19:00+00:00,4692.45,target_hit,72.98999999999978,2026-02,Monday
1,2026-02-02 04:22:00+00:00,4683.84,4668.84,4711.1,2026-02-02 04:53:00+00:00,11,0.6122861504554749,0.6122861504554749,2026-02-02 04:39:00+00:00,4668.84,stop_loss,-15.0,2026-02,Monday
1,2026-02-02 04:40:00+00:00,4668.05,4653.05,4688.05,2026-02-02 04:57:00+00:00,2,0.7485918998718262,0.7485918998718262,2026-02-02 04:44:00+00:00,4688.05,target_hit,20.0,2026-02,Monday
1,2026-02-02 05:05:00+00:00,4690.81,4675.81,4710.81,2026-02-02 05:20:00+00:00,0,0.6107112765312195,0.6107112765312195,2026-02-02 05:06:00+00:00,4675.81,stop_loss,-15.0,2026-02,Monday
1,2026-02-02 05:15:00+00:00,4663.13,4648.13,4693.2,2026-02-02 05:44:00+00:00,15,0.6104332804679871,0.6104332804679871,2026-02-02 05:30:00+00:00,4648.13,stop_loss,-15.0,2026-02,Monday
1,2026-02-02 05:31:00+00:00,4635.96,4620.96,4655.96,2026-02-02 05:46:00+00:00,0,0.6134686470031738,0.6134686470031738,2026-02-02 05:31:00+00:00,4620.96,stop_loss,-15.0,2026-02,Monday
1,2026-02-02 05:33:00+00:00,4633.02,4618.02,4656.96,2026-02-02 05:50:00+00:00,2,0.828850507736206,0.828850507736206,2026-02-02 05:36:00+00:00,4618.02,stop_loss,-15.0,2026-02,Monday
1,2026-02-02 05:56:00+00:00,4541.21,4526.21,4561.21,2026-02-02 06:11:00+00:00,1,0.5973132252693176,0.5973132252693176,2026-02-02 05:57:00+00:00,4526.21,stop_loss,-15.0,2026-02,Monday
1,2026-02-02 05:58:00+00:00,4540.85,4525.85,4560.85,2026-02-02 06:13:00+00:00,0,0.8091415166854858,0.8091415166854858,2026-02-02 05:58:00+00:00,4560.85,target_hit,20.0,2026-02,Monday
1,2026-02-02 06:00:00+00:00,4549.82,4534.82,4569.82,2026-02-02 06:15:00+00:00,0,0.7735722064971924,0.7735722064971924,2026-02-02 06:00:00+00:00,4569.82,target_hit,20.0,2026-02,Monday
1,2026-02-02 06:01:00+00:00,4569.62,4554.62,4589.62,2026-02-02 06:16:00+00:00,1,0.7170506119728088,0.7170506119728088,2026-02-02 06:02:00+00:00,4554.62,stop_loss,-15.0,2026-02,Monday
1,2026-02-02 06:03:00+00:00,4553.3,4538.3,4583.9,2026-02-02 06:20:00+00:00,3,0.8306879997253418,0.8306879997253418,2026-02-02 06:06:00+00:00,4538.3,stop_loss,-15.0,2026-02,Monday
1,2026-02-02 06:07:00+00:00,4536.96,4521.96,4556.96,2026-02-02 06:22:00+00:00,0,0.916894793510437,0.916894793510437,2026-02-02 06:08:00+00:00,4521.96,stop_loss,-15.0,2026-02,Monday
1,2026-02-02 06:09:00+00:00,4535.65,4520.65,4555.65,2026-02-02 06:24:00+00:00,0,0.9137110710144043,0.9137110710144043,2026-02-02 06:09:00+00:00,4555.65,target_hit,20.0,2026-02,Monday
1,2026-02-02 06:10:00+00:00,4551.85,4536.85,4576.95,2026-02-02 06:27:00+00:00,3,0.7666813731193542,0.7666813731193542,2026-02-02 06:13:00+00:00,4536.85,stop_loss,-15.0,2026-02,Monday
1,2026-02-02 06:14:00+00:00,4534.8,4519.8,4564.35,2026-02-02 06:31:00+00:00,3,0.8655296564102173,0.8655296564102173,2026-02-02 06:17:00+00:00,4519.8,stop_loss,-15.0,2026-02,Monday
1,2026-02-02 06:20:00+00:00,4531.19,4516.19,4551.19,2026-02-02 06:35:00+00:00,0,0.8512014150619507,0.8512014150619507,2026-02-02 06:20:00+00:00,4516.19,stop_loss,-15.0,2026-02,Monday
1,2026-02-02 06:29:00+00:00,4475.55,4460.55,4513.03,2026-02-02 06:50:00+00:00,7,0.8760064244270325,0.8760064244270325,2026-02-02 06:36:00+00:00,4460.55,stop_loss,-15.0,2026-02,Monday
1,2026-02-02 06:43:00+00:00,4440.92,4425.92,4496.55,2026-02-02 07:08:00+00:00,10,0.7013372182846069,0.7013372182846069,2026-02-02 06:55:00+00:00,4496.55,target_hit,55.63000000000011,2026-02,Monday
1,2026-02-02 07:01:00+00:00,4506.75,4491.75,4526.75,2026-02-02 07:16:00+00:00,0,0.5577447414398193,0.5577447414398193,2026-02-02 07:02:00+00:00,4526.75,target_hit,20.0,2026-02,Monday
1,2026-02-02 07:17:00+00:00,4536.69,4521.69,4568.75,2026-02-02 07:39:00+00:00,5,0.7283527255058289,0.7283527255058289,2026-02-02 07:25:00+00:00,4568.75,target_hit,32.0600000000004,2026-02,Monday
1,2026-02-02 07:27:00+00:00,4571.35,4556.35,4592.56,2026-02-02 07:43:00+00:00,2,0.5707196593284607,0.5707196593284607,2026-02-02 07:29:00+00:00,4556.35,stop_loss,-15.0,2026-02,Monday
1,2026-02-02 07:30:00+00:00,4562.79,4547.79,4582.79,2026-02-02 07:45:00+00:00,1,0.7470102906227112,0.7470102906227112,2026-02-02 07:31:00+00:00,4547.79,stop_loss,-15.0,2026-02,Monday
1,2026-02-02 07:32:00+00:00,4538.9,4523.9,4558.9,2026-02-02 07:49:00+00:00,1,0.7166930437088013,0.7166930437088013,2026-02-02 07:37:00+00:00,4558.9,target_hit,20.0,2026-02,Monday
1,2026-02-02 07:39:00+00:00,4562.1,4547.1,4588.3,2026-02-02 07:54:00+00:00,1,0.5634593367576599,0.5634593367576599,2026-02-02 07:41:00+00:00,4588.3,target_hit,26.199999999999818,2026-02,Monday
1,2026-02-02 07:43:00+00:00,4572.17,4557.17,4592.17,2026-02-02 07:58:00+00:00,1,0.6425354480743408,0.6425354480743408,2026-02-02 07:45:00+00:00,4592.17,target_hit,20.0,2026-02,Monday
1,2026-02-02 08:01:00+00:00,4577.44,4562.44,4624.3,2026-02-02 08:23:00+00:00,8,0.9167602062225342,0.9167602062225342,2026-02-02 08:09:00+00:00,4624.3,target_hit,46.86000000000058,2026-02,Monday
1,2026-02-02 08:13:00+00:00,4611.0,4596.0,4632.2,2026-02-02 08:32:00+00:00,5,0.7684329748153687,0.7684329748153687,2026-02-02 08:19:00+00:00,4632.2,target_hit,21.199999999999818,2026-02,Monday
1,2026-02-02 08:26:00+00:00,4630.77,4615.77,4654.8,2026-02-02 08:49:00+00:00,3,0.594697892665863,0.594697892665863,2026-02-02 08:36:00+00:00,4615.77,stop_loss,-15.0,2026-02,Monday
1,2026-02-02 08:38:00+00:00,4617.97,4602.97,4651.64,2026-02-02 08:56:00+00:00,4,0.5982638597488403,0.5982638597488403,2026-02-02 08:51:00+00:00,4651.64,target_hit,33.67000000000007,2026-02,Monday
1,2026-02-02 09:03:00+00:00,4618.67,4603.67,4638.67,2026-02-02 09:18:00+00:00,1,0.5874230861663818,0.5874230861663818,2026-02-02 09:11:00+00:00,4638.67,target_hit,20.0,2026-02,Monday
1,2026-02-02 10:24:00+00:00,4689.05,4674.05,4709.05,2026-02-02 10:39:00+00:00,0,0.5761998891830444,0.5761998891830444,2026-02-02 10:27:00+00:00,4674.05,stop_loss,-15.0,2026-02,Monday
1,2026-02-02 13:40:00+00:00,4689.45,4674.45,4709.45,2026-02-02 13:55:00+00:00,0,0.5969957113265991,0.5969957113265991,2026-02-02 13:41:00+00:00,4674.45,stop_loss,-15.0,2026-02,Monday
1,2026-02-02 16:31:00+00:00,4679.32,4664.32,4699.32,2026-02-02 16:46:00+00:00,0,0.6250249743461609,0.6250249743461609,2026-02-02 16:31:00+00:00,4664.32,stop_loss,-15.0,2026-02,Monday
1,2026-02-02 16:32:00+00:00,4663.99,4648.99,4683.99,2026-02-02 16:47:00+00:00,0,0.6459122896194458,0.6459122896194458,2026-02-02 16:33:00+00:00,4648.99,stop_loss,-15.0,2026-02,Monday
1,2026-02-02 16:34:00+00:00,4660.37,4645.37,4680.37,2026-02-02 16:49:00+00:00,1,0.5947689414024353,0.5947689414024353,2026-02-02 16:40:00+00:00,4680.37,target_hit,20.0,2026-02,Monday
1,2026-02-02 16:47:00+00:00,4660.44,4645.44,4681.51,2026-02-02 17:03:00+00:00,2,0.5944947600364685,0.5944947600364685,2026-02-02 17:01:00+00:00,4681.51,target_hit,21.07000000000062,2026-02,Monday
1,2026-02-02 17:17:00+00:00,4689.02,4674.02,4709.02,2026-02-02 17:32:00+00:00,0,0.5572094917297363,0.5572094917297363,2026-02-02 17:19:00+00:00,4674.02,stop_loss,-15.0,2026-02,Monday
1,2026-02-02 17:34:00+00:00,4686.23,4671.23,4706.23,2026-02-02 17:49:00+00:00,0,0.59589684009552,0.59589684009552,2026-02-02 17:36:00+00:00,4671.23,stop_loss,-15.0,2026-02,Monday
1,2026-02-02 18:16:00+00:00,4635.52,4620.52,4655.52,2026-02-02 18:33:00+00:00,3,0.6474635004997253,0.6474635004997253,2026-02-02 18:19:00+00:00,4620.52,stop_loss,-15.0,2026-02,Monday
1,2026-02-02 18:21:00+00:00,4627.79,4612.79,4657.23,2026-02-02 18:40:00+00:00,2,0.7747247219085693,0.7747247219085693,2026-02-02 18:34:00+00:00,4657.23,target_hit,29.4399999999996,2026-02,Monday
1,2026-02-02 18:47:00+00:00,4659.39,4644.39,4679.79,2026-02-02 19:12:00+00:00,8,0.5707059502601624,0.5707059502601624,2026-02-02 19:01:00+00:00,4644.39,stop_loss,-15.0,2026-02,Monday
1,2026-02-02 19:03:00+00:00,4645.52,4630.52,4681.21,2026-02-02 19:54:00+00:00,14,0.6529937386512756,0.6529937386512756,2026-02-02 19:40:00+00:00,4681.21,target_hit,35.6899999999996,2026-02,Monday
1,2026-02-02 19:43:00+00:00,4692.69,4677.69,4712.69,2026-02-02 19:58:00+00:00,0,0.6434680223464966,0.6434680223464966,2026-02-02 19:51:00+00:00,4712.69,target_hit,20.0,2026-02,Monday
1,2026-02-02 20:34:00+00:00,4658.4,4643.4,4704.84,2026-02-02 22:14:00+00:00,52,0.5554972290992737,0.5554972290992737,2026-02-02 23:01:00+00:00,4690.13,timeout,31.730000000000473,2026-02,Monday
1,2026-02-02 23:30:00+00:00,4738.07,4723.07,4758.07,2026-02-02 23:45:00+00:00,0,0.622027575969696,0.622027575969696,2026-02-02 23:31:00+00:00,4723.07,stop_loss,-15.0,2026-02,Tuesday
1,2026-02-02 23:32:00+00:00,4725.81,4710.81,4770.45,2026-02-03 00:03:00+00:00,9,0.6861445307731628,0.6861445307731628,2026-02-02 23:52:00+00:00,4770.45,target_hit,44.63999999999942,2026-02,Tuesday
1,2026-02-03 00:57:00+00:00,4789.49,4774.49,4809.49,2026-02-03 01:13:00+00:00,2,0.6286630034446716,0.6286630034446716,2026-02-03 00:59:00+00:00,4774.49,stop_loss,-15.0,2026-02,Tuesday
1,2026-02-03 01:00:00+00:00,4780.46,4765.46,4804.83,2026-02-03 01:16:00+00:00,2,0.7100391387939453,0.7100391387939453,2026-02-03 01:02:00+00:00,4804.83,target_hit,24.36999999999989,2026-02,Tuesday
1,2026-02-03 02:27:00+00:00,4765.52,4750.52,4793.75,2026-02-03 02:53:00+00:00,5,0.6194638013839722,0.6194638013839722,2026-02-03 02:45:00+00:00,4750.52,stop_loss,-15.0,2026-02,Tuesday
1,2026-02-03 02:48:00+00:00,4757.13,4742.13,4777.13,2026-02-03 03:03:00+00:00,0,0.6374262571334839,0.6374262571334839,2026-02-03 02:59:00+00:00,4777.13,target_hit,20.0,2026-02,Tuesday
1,2026-02-03 03:11:00+00:00,4769.0,4754.0,4797.27,2026-02-03 03:40:00+00:00,9,0.5628581643104553,0.5628581643104553,2026-02-03 03:26:00+00:00,4754.0,stop_loss,-15.0,2026-02,Tuesday
1,2026-02-03 03:28:00+00:00,4763.7,4748.7,4789.33,2026-02-03 03:43:00+00:00,1,0.6522892117500305,0.6522892117500305,2026-02-03 03:36:00+00:00,4789.33,target_hit,25.63000000000011,2026-02,Tuesday
1,2026-02-03 08:06:00+00:00,4901.77,4886.77,4921.77,2026-02-03 08:21:00+00:00,0,0.6041978597640991,0.6041978597640991,2026-02-03 08:12:00+00:00,4921.77,target_hit,20.0,2026-02,Tuesday
1,2026-02-03 09:28:00+00:00,4895.69,4880.69,4915.69,2026-02-03 09:45:00+00:00,3,0.7097756862640381,0.7097756862640381,2026-02-03 09:39:00+00:00,4915.69,target_hit,20.0,2026-02,Tuesday
1,2026-02-03 09:58:00+00:00,4915.95,4900.95,4935.95,2026-02-03 10:13:00+00:00,0,0.5933747291564941,0.5933747291564941,2026-02-03 10:13:00+00:00,4927.18,timeout,11.230000000000473,2026-02,Tuesday
1,2026-02-03 13:20:00+00:00,4918.67,4903.67,4942.51,2026-02-03 13:39:00+00:00,1,0.5577728748321533,0.5577728748321533,2026-02-03 13:39:00+00:00,4930.49,timeout,11.819999999999709,2026-02,Tuesday
1,2026-02-03 14:51:00+00:00,4921.62,4906.62,4941.62,2026-02-03 15:16:00+00:00,4,0.6189526915550232,0.6189526915550232,2026-02-03 15:02:00+00:00,4906.62,stop_loss,-15.0,2026-02,Tuesday
1,2026-02-03 15:03:00+00:00,4916.2,4901.2,4942.19,2026-02-03 15:22:00+00:00,3,0.6393061280250549,0.6393061280250549,2026-02-03 15:10:00+00:00,4942.19,target_hit,25.98999999999978,2026-02,Tuesday
1,2026-02-03 17:34:00+00:00,4965.08,4950.08,4985.08,2026-02-03 17:49:00+00:00,0,0.5946998000144958,0.5946998000144958,2026-02-03 17:37:00+00:00,4950.08,stop_loss,-15.0,2026-02,Tuesday
1,2026-02-03 18:13:00+00:00,4953.65,4938.65,4973.65,2026-02-03 18:28:00+00:00,0,0.5971605181694031,0.5971605181694031,2026-02-03 18:18:00+00:00,4938.65,stop_loss,-15.0,2026-02,Tuesday
1,2026-02-03 19:26:00+00:00,4921.86,4906.86,4963.23,2026-02-03 20:05:00+00:00,14,0.587283730506897,0.587283730506897,2026-02-03 20:04:00+00:00,4906.86,stop_loss,-15.0,2026-02,Tuesday
1,2026-02-03 20:15:00+00:00,4921.57,4906.57,4976.34,2026-02-03 21:14:00+00:00,27,0.6314232349395752,0.6314232349395752,2026-02-03 21:14:00+00:00,4957.71,timeout,36.14000000000033,2026-02,Tuesday
1,2026-02-03 21:25:00+00:00,4952.46,4937.46,4972.46,2026-02-03 21:40:00+00:00,1,0.5544081926345825,0.5544081926345825,2026-02-03 21:40:00+00:00,4937.46,stop_loss,-15.0,2026-02,Tuesday
1,2026-02-04 01:21:00+00:00,5041.11,5026.11,5062.69,2026-02-04 01:42:00+00:00,4,0.6075881719589233,0.6075881719589233,2026-02-04 01:30:00+00:00,5026.11,stop_loss,-15.0,2026-02,Wednesday
1,2026-02-04 01:39:00+00:00,5013.94,4998.94,5040.21,2026-02-04 01:54:00+00:00,1,0.7906994819641113,0.7906994819641113,2026-02-04 01:46:00+00:00,5040.21,target_hit,26.270000000000437,2026-02,Wednesday
1,2026-02-04 03:03:00+00:00,5040.19,5025.19,5060.19,2026-02-04 03:18:00+00:00,0,0.5776207447052002,0.5776207447052002,2026-02-04 03:18:00+00:00,5040.69,timeout,0.5,2026-02,Wednesday
1,2026-02-04 13:34:00+00:00,5052.52,5037.52,5073.03,2026-02-04 13:55:00+00:00,5,0.5546753406524658,0.5546753406524658,2026-02-04 13:43:00+00:00,5037.52,stop_loss,-15.0,2026-02,Wednesday
1,2026-02-04 13:52:00+00:00,5052.48,5037.48,5074.16,2026-02-04 14:07:00+00:00,1,0.767455518245697,0.767455518245697,2026-02-04 14:07:00+00:00,5047.69,timeout,-4.789999999999964,2026-02,Wednesday
1,2026-02-04 14:15:00+00:00,5048.46,5033.46,5068.46,2026-02-04 14:30:00+00:00,0,0.6298378109931946,0.6298378109931946,2026-02-04 14:25:00+00:00,5033.46,stop_loss,-15.0,2026-02,Wednesday
1,2026-02-04 15:41:00+00:00,4923.87,4908.87,4968.74,2026-02-04 16:14:00+00:00,18,0.7527128458023071,0.7527128458023071,2026-02-04 16:01:00+00:00,4908.87,stop_loss,-15.0,2026-02,Wednesday
1,2026-02-04 16:02:00+00:00,4918.18,4903.18,4938.18,2026-02-04 16:17:00+00:00,0,0.7109190821647644,0.7109190821647644,2026-02-04 16:02:00+00:00,4903.18,stop_loss,-15.0,2026-02,Wednesday
1,2026-02-04 16:51:00+00:00,4885.83,4870.83,4945.31,2026-02-04 18:18:00+00:00,57,0.8741591572761536,0.8741591572761536,2026-02-04 18:18:00+00:00,4907.8,timeout,21.970000000000255,2026-02,Wednesday
1,2026-02-04 18:34:00+00:00,4922.85,4907.85,4942.85,2026-02-04 18:53:00+00:00,1,0.557535707950592,0.557535707950592,2026-02-04 18:39:00+00:00,4907.85,stop_loss,-15.0,2026-02,Wednesday
1,2026-02-04 18:41:00+00:00,4914.67,4899.67,4942.6,2026-02-04 19:19:00+00:00,15,0.6882448792457581,0.6882448792457581,2026-02-04 19:11:00+00:00,4942.6,target_hit,27.93000000000029,2026-02,Wednesday
1,2026-02-04 19:22:00+00:00,4929.12,4914.12,4957.02,2026-02-04 19:49:00+00:00,9,0.7311848402023315,0.7311848402023315,2026-02-04 19:49:00+00:00,4938.12,timeout,9.0,2026-02,Wednesday
1,2026-02-04 19:55:00+00:00,4938.1,4923.1,4964.41,2026-02-04 20:25:00+00:00,13,0.670669436454773,0.670669436454773,2026-02-04 20:11:00+00:00,4923.1,stop_loss,-15.0,2026-02,Wednesday
1,2026-02-04 20:12:00+00:00,4925.08,4910.08,4967.1,2026-02-04 21:20:00+00:00,30,0.6731197237968445,0.6731197237968445,2026-02-04 21:20:00+00:00,4951.08,timeout,26.0,2026-02,Wednesday
1,2026-02-05 02:23:00+00:00,4928.31,4913.31,4960.48,2026-02-05 02:46:00+00:00,9,0.6634861826896667,0.6634861826896667,2026-02-05 02:33:00+00:00,4913.31,stop_loss,-15.0,2026-02,Thursday
1,2026-02-05 02:36:00+00:00,4927.25,4912.25,4947.25,2026-02-05 02:51:00+00:00,1,0.7042016386985779,0.7042016386985779,2026-02-05 02:38:00+00:00,4912.25,stop_loss,-15.0,2026-02,Thursday
1,2026-02-05 02:54:00+00:00,4841.65,4826.65,4867.6,2026-02-05 03:12:00+00:00,4,0.6031903624534607,0.6031903624534607,2026-02-05 02:59:00+00:00,4826.65,stop_loss,-15.0,2026-02,Thursday
1,2026-02-05 03:04:00+00:00,4833.17,4818.17,4900.57,2026-02-05 04:28:00+00:00,51,0.8714800477027893,0.8714800477027893,2026-02-05 04:28:00+00:00,4885.56,timeout,52.39000000000033,2026-02,Thursday
1,2026-02-05 04:38:00+00:00,4877.69,4862.69,4903.56,2026-02-05 04:58:00+00:00,5,0.7469314336776733,0.7469314336776733,2026-02-05 04:58:00+00:00,4869.51,timeout,-8.179999999999382,2026-02,Thursday
1,2026-02-05 05:15:00+00:00,4852.58,4837.58,4876.88,2026-02-05 05:46:00+00:00,8,0.5813091397285461,0.5813091397285461,2026-02-05 05:32:00+00:00,4837.58,stop_loss,-15.0,2026-02,Thursday
1,2026-02-05 05:33:00+00:00,4835.24,4820.24,4883.58,2026-02-05 05:56:00+00:00,6,0.590323269367218,0.590323269367218,2026-02-05 05:43:00+00:00,4883.58,target_hit,48.340000000000146,2026-02,Thursday
1,2026-02-05 09:15:00+00:00,4863.56,4848.56,4883.56,2026-02-05 09:36:00+00:00,2,0.6911130547523499,0.6911130547523499,2026-02-05 09:26:00+00:00,4883.56,target_hit,20.0,2026-02,Thursday
1,2026-02-05 12:28:00+00:00,4844.37,4829.37,4879.42,2026-02-05 13:11:00+00:00,8,0.6134331226348877,0.6134331226348877,2026-02-05 13:01:00+00:00,4829.37,stop_loss,-15.0,2026-02,Thursday
1,2026-02-05 13:38:00+00:00,4850.56,4835.56,4874.35,2026-02-05 13:53:00+00:00,1,0.6583086848258972,0.6583086848258972,2026-02-05 13:40:00+00:00,4835.56,stop_loss,-15.0,2026-02,Thursday
1,2026-02-05 13:52:00+00:00,4837.6,4822.6,4862.18,2026-02-05 14:14:00+00:00,7,0.6821511387825012,0.6821511387825012,2026-02-05 14:01:00+00:00,4822.6,stop_loss,-15.0,2026-02,Thursday
1,2026-02-05 14:07:00+00:00,4847.29,4832.29,4867.29,2026-02-05 14:22:00+00:00,1,0.6656514406204224,0.6656514406204224,2026-02-05 14:08:00+00:00,4832.29,stop_loss,-15.0,2026-02,Thursday
1,2026-02-05 14:09:00+00:00,4834.92,4819.92,4862.1,2026-02-05 14:27:00+00:00,3,0.6526609659194946,0.6526609659194946,2026-02-05 14:14:00+00:00,4819.92,stop_loss,-15.0,2026-02,Thursday
1,2026-02-05 14:27:00+00:00,4837.13,4822.13,4857.13,2026-02-05 14:42:00+00:00,0,0.6108865141868591,0.6108865141868591,2026-02-05 14:31:00+00:00,4822.13,stop_loss,-15.0,2026-02,Thursday
1,2026-02-05 14:57:00+00:00,4851.1,4836.1,4871.1,2026-02-05 15:14:00+00:00,3,0.6172564029693604,0.6172564029693604,2026-02-05 15:01:00+00:00,4836.1,stop_loss,-15.0,2026-02,Thursday
1,2026-02-05 17:11:00+00:00,4874.65,4859.65,4895.16,2026-02-05 17:31:00+00:00,5,0.6439918279647827,0.6439918279647827,2026-02-05 17:23:00+00:00,4859.65,stop_loss,-15.0,2026-02,Thursday
1,2026-02-05 18:40:00+00:00,4860.05,4845.05,4884.96,2026-02-05 19:07:00+00:00,1,0.6504207253456116,0.6504207253456116,2026-02-05 19:05:00+00:00,4845.05,stop_loss,-15.0,2026-02,Thursday
1,2026-02-05 19:09:00+00:00,4858.87,4843.87,4879.57,2026-02-05 19:41:00+00:00,16,0.7003384828567505,0.7003384828567505,2026-02-05 19:30:00+00:00,4843.87,stop_loss,-15.0,2026-02,Thursday
1,2026-02-05 19:31:00+00:00,4850.01,4835.01,4870.33,2026-02-05 19:47:00+00:00,2,0.681674063205719,0.681674063205719,2026-02-05 19:33:00+00:00,4835.01,stop_loss,-15.0,2026-02,Thursday
1,2026-02-06 00:24:00+00:00,4689.32,4674.32,4709.32,2026-02-06 00:39:00+00:00,0,0.7343571782112122,0.7343571782112122,2026-02-06 00:26:00+00:00,4709.32,target_hit,20.0,2026-02,Friday
1,2026-02-06 01:03:00+00:00,4696.02,4681.02,4716.02,2026-02-06 01:18:00+00:00,0,0.6762023568153381,0.6762023568153381,2026-02-06 01:03:00+00:00,4716.02,target_hit,20.0,2026-02,Friday
1,2026-02-06 01:23:00+00:00,4717.06,4702.06,4750.45,2026-02-06 01:47:00+00:00,7,0.5839492082595825,0.5839492082595825,2026-02-06 01:46:00+00:00,4750.45,target_hit,33.38999999999942,2026-02,Friday
1,2026-02-06 03:42:00+00:00,4808.65,4793.65,4832.52,2026-02-06 04:02:00+00:00,4,0.6393030881881714,0.6393030881881714,2026-02-06 04:02:00+00:00,4818.98,timeout,10.329999999999927,2026-02,Friday
1,2026-02-06 08:20:00+00:00,4855.13,4840.13,4875.13,2026-02-06 08:35:00+00:00,0,0.5747630596160889,0.5747630596160889,2026-02-06 08:31:00+00:00,4875.13,target_hit,20.0,2026-02,Friday
1,2026-02-06 09:39:00+00:00,4862.79,4847.79,4883.71,2026-02-06 09:58:00+00:00,5,0.5537344217300415,0.5537344217300415,2026-02-06 09:58:00+00:00,4869.85,timeout,7.0600000000004,2026-02,Friday
1,2026-02-06 14:10:00+00:00,4923.54,4908.54,4943.96,2026-02-06 14:34:00+00:00,9,0.7069051265716553,0.7069051265716553,2026-02-06 14:23:00+00:00,4908.54,stop_loss,-15.0,2026-02,Friday
1,2026-02-06 14:24:00+00:00,4905.03,4890.03,4925.03,2026-02-06 14:40:00+00:00,2,0.5898407697677612,0.5898407697677612,2026-02-06 14:32:00+00:00,4925.03,target_hit,20.0,2026-02,Friday
1,2026-02-06 14:42:00+00:00,4927.81,4912.81,4951.95,2026-02-06 15:02:00+00:00,2,0.5780266523361206,0.5780266523361206,2026-02-06 15:00:00+00:00,4951.95,target_hit,24.139999999999418,2026-02,Friday
1,2026-02-09 00:49:00+00:00,5013.86,4998.86,5033.94,2026-02-09 01:04:00+00:00,1,0.6422128081321716,0.6422128081321716,2026-02-09 01:01:00+00:00,5033.94,target_hit,20.079999999999927,2026-02,Monday
1,2026-02-09 23:34:00+00:00,5022.77,5007.77,5042.77,2026-02-09 23:54:00+00:00,5,0.6735531687736511,0.6735531687736511,2026-02-09 23:54:00+00:00,5036.43,timeout,13.659999999999854,2026-02,Tuesday
1,2026-02-12 16:31:00+00:00,4915.92,4900.92,4994.78,2026-02-12 18:09:00+00:00,66,0.6998682022094727,0.6998682022094727,2026-02-12 18:09:00+00:00,4924.86,timeout,8.9399999999996,2026-02,Thursday
1,2026-02-12 18:21:00+00:00,4919.54,4904.54,4944.57,2026-02-12 18:38:00+00:00,3,0.5880336165428162,0.5880336165428162,2026-02-12 18:38:00+00:00,4932.75,timeout,13.210000000000036,2026-02,Thursday
1,2026-02-12 23:31:00+00:00,4917.2,4902.2,4937.2,2026-02-12 23:46:00+00:00,0,0.5942175388336182,0.5942175388336182,2026-02-12 23:46:00+00:00,4908.62,timeout,-8.579999999999927,2026-02,Friday
1,2026-02-13 16:47:00+00:00,5018.85,5003.85,5038.85,2026-02-13 17:02:00+00:00,0,0.5708783268928528,0.5708783268928528,2026-02-13 17:02:00+00:00,5012.81,timeout,-6.039999999999964,2026-02,Friday
1,2026-02-17 14:05:00+00:00,4872.54,4857.54,4892.54,2026-02-17 14:20:00+00:00,0,0.6409422755241394,0.6409422755241394,2026-02-17 14:08:00+00:00,4892.54,target_hit,20.0,2026-02,Tuesday
1,2026-02-17 14:18:00+00:00,4892.64,4877.64,4919.42,2026-02-17 14:40:00+00:00,7,0.6236105561256409,0.6236105561256409,2026-02-17 14:39:00+00:00,4877.64,stop_loss,-15.0,2026-02,Tuesday
1,2026-02-17 14:42:00+00:00,4879.98,4864.98,4899.98,2026-02-17 15:02:00+00:00,3,0.5992737412452698,0.5992737412452698,2026-02-17 14:49:00+00:00,4864.98,stop_loss,-15.0,2026-02,Tuesday
1,2026-02-17 14:52:00+00:00,4872.07,4857.07,4894.04,2026-02-17 15:09:00+00:00,1,0.6840647459030151,0.6840647459030151,2026-02-17 15:00:00+00:00,4857.07,stop_loss,-15.0,2026-02,Tuesday
1,2026-02-17 15:20:00+00:00,4874.54,4859.54,4894.54,2026-02-17 15:35:00+00:00,0,0.5944209694862366,0.5944209694862366,2026-02-17 15:30:00+00:00,4859.54,stop_loss,-15.0,2026-02,Tuesday
1,2026-02-23 00:06:00+00:00,5143.87,5128.87,5163.87,2026-02-23 00:21:00+00:00,1,0.6229717135429382,0.6229717135429382,2026-02-23 00:20:00+00:00,5128.87,stop_loss,-15.0,2026-02,Monday
1,2026-03-01 23:21:00+00:00,5345.13,5330.13,5385.06,2026-03-01 23:46:00+00:00,3,0.6248765587806702,0.6248765587806702,2026-03-01 23:41:00+00:00,5385.06,target_hit,39.93000000000029,2026-03,Monday
1,2026-03-02 00:19:00+00:00,5361.78,5346.78,5389.33,2026-03-02 01:06:00+00:00,18,0.7050551176071167,0.7050551176071167,2026-03-02 00:53:00+00:00,5346.78,stop_loss,-15.0,2026-03,Monday
1,2026-03-02 00:55:00+00:00,5345.33,5330.33,5366.33,2026-03-02 01:10:00+00:00,1,0.6454922556877136,0.6454922556877136,2026-03-02 01:00:00+00:00,5330.33,stop_loss,-15.0,2026-03,Monday
1,2026-03-02 01:04:00+00:00,5316.88,5301.88,5336.88,2026-03-02 01:19:00+00:00,0,0.5729401707649231,0.5729401707649231,2026-03-02 01:12:00+00:00,5336.88,target_hit,20.0,2026-03,Monday
1,2026-03-02 01:21:00+00:00,5327.18,5312.18,5348.49,2026-03-02 01:43:00+00:00,6,0.587591290473938,0.587591290473938,2026-03-02 01:29:00+00:00,5312.18,stop_loss,-15.0,2026-03,Monday
1,2026-03-02 01:30:00+00:00,5307.19,5292.19,5335.17,2026-03-02 01:47:00+00:00,3,0.8416396975517273,0.8416396975517273,2026-03-02 01:39:00+00:00,5335.17,target_hit,27.980000000000473,2026-03,Monday
1,2026-03-02 01:53:00+00:00,5331.42,5316.42,5351.42,2026-03-02 02:24:00+00:00,3,0.5712987780570984,0.5712987780570984,2026-03-02 02:24:00+00:00,5333.27,timeout,1.8500000000003638,2026-03,Monday
1,2026-03-02 14:38:00+00:00,5338.75,5323.75,5359.22,2026-03-02 15:05:00+00:00,2,0.6575409770011902,0.6575409770011902,2026-03-02 14:52:00+00:00,5323.75,stop_loss,-15.0,2026-03,Monday
1,2026-03-02 14:55:00+00:00,5337.68,5322.68,5357.68,2026-03-02 15:10:00+00:00,0,0.6536740660667419,0.6536740660667419,2026-03-02 15:00:00+00:00,5322.68,stop_loss,-15.0,2026-03,Monday
1,2026-03-02 16:07:00+00:00,5292.23,5277.23,5315.49,2026-03-02 16:27:00+00:00,3,0.7933153510093689,0.7933153510093689,2026-03-02 16:27:00+00:00,5309.42,timeout,17.19000000000051,2026-03,Monday
1,2026-03-02 16:52:00+00:00,5294.35,5279.35,5319.72,2026-03-02 17:19:00+00:00,7,0.5711028575897217,0.5711028575897217,2026-03-02 17:19:00+00:00,5296.13,timeout,1.7799999999997453,2026-03,Monday
1,2026-03-03 02:16:00+00:00,5353.71,5338.71,5374.92,2026-03-03 02:38:00+00:00,3,0.6614710688591003,0.6614710688591003,2026-03-03 02:38:00+00:00,5359.1,timeout,5.390000000000327,2026-03,Tuesday
1,2026-03-03 09:33:00+00:00,5263.83,5248.83,5288.54,2026-03-03 10:01:00+00:00,11,0.5506316423416138,0.5506316423416138,2026-03-03 10:01:00+00:00,5268.83,timeout,5.0,2026-03,Tuesday
1,2026-03-03 10:47:00+00:00,5256.82,5241.82,5276.82,2026-03-03 11:02:00+00:00,0,0.5556425452232361,0.5556425452232361,2026-03-03 10:53:00+00:00,5241.82,stop_loss,-15.0,2026-03,Tuesday
1,2026-03-03 11:11:00+00:00,5198.47,5183.47,5229.24,2026-03-03 11:31:00+00:00,6,0.8187200427055359,0.8187200427055359,2026-03-03 11:17:00+00:00,5183.47,stop_loss,-15.0,2026-03,Tuesday
1,2026-03-03 11:19:00+00:00,5197.99,5182.99,5225.56,2026-03-03 11:38:00+00:00,5,0.7677375078201294,0.7677375078201294,2026-03-03 11:25:00+00:00,5182.99,stop_loss,-15.0,2026-03,Tuesday
1,2026-03-03 11:43:00+00:00,5110.5,5095.5,5187.04,2026-03-03 12:21:00+00:00,24,0.862926721572876,0.862926721572876,2026-03-03 12:12:00+00:00,5187.04,target_hit,76.53999999999996,2026-03,Tuesday
1,2026-03-03 12:21:00+00:00,5187.23,5172.23,5207.23,2026-03-03 12:36:00+00:00,0,0.5789827108383179,0.5789827108383179,2026-03-03 12:27:00+00:00,5207.23,target_hit,20.0,2026-03,Tuesday
1,2026-03-03 12:33:00+00:00,5193.33,5178.33,5223.59,2026-03-03 13:00:00+00:00,5,0.610605776309967,0.610605776309967,2026-03-03 12:56:00+00:00,5223.59,target_hit,30.26000000000022,2026-03,Tuesday
1,2026-03-03 13:08:00+00:00,5159.4,5144.4,5204.57,2026-03-03 13:59:00+00:00,36,0.5811811089515686,0.5811811089515686,2026-03-03 13:45:00+00:00,5144.4,stop_loss,-15.0,2026-03,Tuesday
1,2026-03-03 13:46:00+00:00,5138.72,5123.72,5188.9,2026-03-03 14:45:00+00:00,31,0.7938575744628906,0.7938575744628906,2026-03-03 14:31:00+00:00,5123.72,stop_loss,-15.0,2026-03,Tuesday
1,2026-03-03 14:32:00+00:00,5117.18,5102.18,5143.02,2026-03-03 14:50:00+00:00,4,0.8979483842849731,0.8979483842849731,2026-03-03 14:36:00+00:00,5102.18,stop_loss,-15.0,2026-03,Tuesday
1,2026-03-03 14:37:00+00:00,5112.01,5097.01,5147.98,2026-03-03 14:55:00+00:00,4,0.9101652503013611,0.9101652503013611,2026-03-03 14:41:00+00:00,5097.01,stop_loss,-15.0,2026-03,Tuesday
1,2026-03-03 14:54:00+00:00,5046.02,5031.02,5080.75,2026-03-03 15:18:00+00:00,9,0.7304633855819702,0.7304633855819702,2026-03-03 15:04:00+00:00,5031.02,stop_loss,-15.0,2026-03,Tuesday
1,2026-03-03 15:06:00+00:00,5047.42,5032.42,5076.65,2026-03-03 15:24:00+00:00,4,0.9109586477279663,0.9109586477279663,2026-03-03 15:13:00+00:00,5032.42,stop_loss,-15.0,2026-03,Tuesday
1,2026-03-03 15:21:00+00:00,5032.46,5017.46,5089.9,2026-03-03 16:00:00+00:00,25,0.9057218432426453,0.9057218432426453,2026-03-03 15:57:00+00:00,5089.9,target_hit,57.4399999999996,2026-03,Tuesday
1,2026-03-03 16:35:00+00:00,5111.25,5096.25,5131.25,2026-03-03 16:50:00+00:00,0,0.5789852142333984,0.5789852142333984,2026-03-03 16:37:00+00:00,5131.25,target_hit,20.0,2026-03,Tuesday
1,2026-03-03 17:15:00+00:00,5098.89,5083.89,5126.82,2026-03-03 17:34:00+00:00,3,0.5649946928024292,0.5649946928024292,2026-03-03 17:29:00+00:00,5083.89,stop_loss,-15.0,2026-03,Tuesday
1,2026-03-03 19:17:00+00:00,5110.27,5095.27,5130.27,2026-03-03 19:33:00+00:00,2,0.5615573525428772,0.5615573525428772,2026-03-03 19:33:00+00:00,5104.85,timeout,-5.420000000000073,2026-03,Tuesday
1,2026-03-03 19:35:00+00:00,5101.98,5086.98,5139.08,2026-03-03 20:21:00+00:00,17,0.6656360626220703,0.6656360626220703,2026-03-03 20:21:00+00:00,5124.25,timeout,22.270000000000437,2026-03,Tuesday
1,2026-03-03 23:19:00+00:00,5117.06,5102.06,5137.06,2026-03-03 23:34:00+00:00,0,0.5573186278343201,0.5573186278343201,2026-03-03 23:34:00+00:00,5126.5,timeout,9.4399999999996,2026-03,Wednesday
1,2026-03-04 03:05:00+00:00,5144.62,5129.62,5164.62,2026-03-04 03:20:00+00:00,0,0.569595217704773,0.569595217704773,2026-03-04 03:20:00+00:00,5161.48,timeout,16.859999999999673,2026-03,Wednesday
1,2026-03-05 13:48:00+00:00,5120.81,5105.81,5140.81,2026-03-05 14:04:00+00:00,2,0.7047678828239441,0.7047678828239441,2026-03-05 14:04:00+00:00,5128.82,timeout,8.009999999999309,2026-03,Thursday
1,2026-03-05 14:59:00+00:00,5109.29,5094.29,5136.56,2026-03-05 15:18:00+00:00,3,0.69291090965271,0.69291090965271,2026-03-05 15:06:00+00:00,5094.29,stop_loss,-15.0,2026-03,Thursday
1,2026-03-05 15:19:00+00:00,5093.21,5078.21,5113.21,2026-03-05 15:34:00+00:00,0,0.8338775634765625,0.8338775634765625,2026-03-05 15:23:00+00:00,5078.21,stop_loss,-15.0,2026-03,Thursday
1,2026-03-05 15:32:00+00:00,5091.31,5076.31,5113.1,2026-03-05 15:49:00+00:00,2,0.6675987839698792,0.6675987839698792,2026-03-05 15:49:00+00:00,5088.49,timeout,-2.8200000000006185,2026-03,Thursday
1,2026-03-06 14:22:00+00:00,5095.17,5080.17,5115.17,2026-03-06 14:37:00+00:00,0,0.6040891408920288,0.6040891408920288,2026-03-06 14:31:00+00:00,5115.17,target_hit,20.0,2026-03,Friday
1,2026-03-06 14:36:00+00:00,5093.68,5078.68,5117.68,2026-03-06 15:01:00+00:00,2,0.554068922996521,0.554068922996521,2026-03-06 14:57:00+00:00,5117.68,target_hit,24.0,2026-03,Friday
1,2026-03-08 23:46:00+00:00,5077.51,5062.51,5097.51,2026-03-09 00:01:00+00:00,0,0.7259997725486755,0.7259997725486755,2026-03-08 23:47:00+00:00,5062.51,stop_loss,-15.0,2026-03,Monday
1,2026-03-08 23:58:00+00:00,5075.65,5060.65,5095.83,2026-03-09 00:14:00+00:00,2,0.7800999283790588,0.7800999283790588,2026-03-09 00:02:00+00:00,5060.65,stop_loss,-15.0,2026-03,Monday
1,2026-03-09 01:06:00+00:00,5050.77,5035.77,5081.47,2026-03-09 01:26:00+00:00,6,0.8060929775238037,0.8060929775238037,2026-03-09 01:17:00+00:00,5081.47,target_hit,30.699999999999818,2026-03,Monday
1,2026-03-09 01:27:00+00:00,5077.19,5062.19,5097.19,2026-03-09 01:44:00+00:00,3,0.6082372665405273,0.6082372665405273,2026-03-09 01:44:00+00:00,5080.1,timeout,2.910000000000764,2026-03,Monday
1,2026-03-10 14:14:00+00:00,5193.95,5178.95,5215.83,2026-03-10 14:29:00+00:00,1,0.5639135837554932,0.5639135837554932,2026-03-10 14:29:00+00:00,5208.98,timeout,15.029999999999745,2026-03,Tuesday
1,2026-03-19 12:51:00+00:00,4562.3,4547.3,4605.67,2026-03-19 13:14:00+00:00,9,0.7290120124816895,0.7290120124816895,2026-03-19 13:01:00+00:00,4547.3,stop_loss,-15.0,2026-03,Thursday
1,2026-03-19 13:04:00+00:00,4538.26,4523.26,4641.0,2026-03-19 14:14:00+00:00,53,0.7619757056236267,0.7619757056236267,2026-03-19 14:01:00+00:00,4641.0,target_hit,102.73999999999978,2026-03,Thursday
1,2026-03-19 14:07:00+00:00,4625.24,4610.24,4651.07,2026-03-19 14:31:00+00:00,8,0.6191141605377197,0.6191141605377197,2026-03-19 14:17:00+00:00,4610.24,stop_loss,-15.0,2026-03,Thursday
1,2026-03-19 14:18:00+00:00,4618.4,4603.4,4638.4,2026-03-19 14:35:00+00:00,3,0.7323586344718933,0.7323586344718933,2026-03-19 14:21:00+00:00,4603.4,stop_loss,-15.0,2026-03,Thursday
1,2026-03-19 14:22:00+00:00,4604.75,4589.75,4632.5,2026-03-19 14:42:00+00:00,6,0.8227538466453552,0.8227538466453552,2026-03-19 14:28:00+00:00,4589.75,stop_loss,-15.0,2026-03,Thursday
1,2026-03-19 14:29:00+00:00,4589.67,4574.67,4638.97,2026-03-19 15:16:00+00:00,24,0.7354385852813721,0.7354385852813721,2026-03-19 15:06:00+00:00,4638.97,target_hit,49.30000000000018,2026-03,Thursday
1,2026-03-19 15:08:00+00:00,4621.71,4606.71,4641.71,2026-03-19 15:31:00+00:00,5,0.6320495009422302,0.6320495009422302,2026-03-19 15:17:00+00:00,4606.71,stop_loss,-15.0,2026-03,Thursday
1,2026-03-19 15:19:00+00:00,4607.07,4592.07,4629.86,2026-03-19 15:42:00+00:00,3,0.5787299871444702,0.5787299871444702,2026-03-19 15:31:00+00:00,4592.07,stop_loss,-15.0,2026-03,Thursday
1,2026-03-19 15:34:00+00:00,4574.9,4559.9,4594.9,2026-03-19 15:49:00+00:00,0,0.6319543719291687,0.6319543719291687,2026-03-19 15:49:00+00:00,4583.66,timeout,8.760000000000218,2026-03,Thursday
1,2026-03-19 16:52:00+00:00,4586.31,4571.31,4606.31,2026-03-19 17:07:00+00:00,0,0.5525962710380554,0.5525962710380554,2026-03-19 17:07:00+00:00,4588.5,timeout,2.1899999999996,2026-03,Thursday
1,2026-03-19 17:35:00+00:00,4606.62,4591.62,4626.62,2026-03-19 17:51:00+00:00,2,0.5899356603622437,0.5899356603622437,2026-03-19 17:51:00+00:00,4619.55,timeout,12.930000000000291,2026-03,Thursday
1,2026-03-19 19:17:00+00:00,4651.25,4636.25,4672.37,2026-03-19 19:40:00+00:00,7,0.6252778768539429,0.6252778768539429,2026-03-19 19:26:00+00:00,4636.25,stop_loss,-15.0,2026-03,Thursday
1,2026-03-19 19:27:00+00:00,4638.05,4623.05,4665.27,2026-03-19 19:48:00+00:00,1,0.5982703566551208,0.5982703566551208,2026-03-19 19:48:00+00:00,4639.3,timeout,1.25,2026-03,Thursday
1,2026-03-19 20:04:00+00:00,4653.38,4638.38,4673.38,2026-03-19 20:19:00+00:00,0,0.6011578440666199,0.6011578440666199,2026-03-19 20:19:00+00:00,4655.57,timeout,2.1899999999996,2026-03,Thursday
1,2026-03-20 08:46:00+00:00,4693.66,4678.66,4713.66,2026-03-20 09:09:00+00:00,1,0.599471926689148,0.599471926689148,2026-03-20 09:09:00+00:00,4693.34,timeout,-0.31999999999970896,2026-03,Friday
1,2026-03-20 12:45:00+00:00,4670.57,4655.57,4692.29,2026-03-20 13:02:00+00:00,1,0.6031763553619385,0.6031763553619385,2026-03-20 13:02:00+00:00,4671.48,timeout,0.9099999999998545,2026-03,Friday
1,2026-03-20 13:05:00+00:00,4670.95,4655.95,4690.95,2026-03-20 13:20:00+00:00,1,0.5991337895393372,0.5991337895393372,2026-03-20 13:10:00+00:00,4655.95,stop_loss,-15.0,2026-03,Friday
1,2026-03-20 14:37:00+00:00,4582.29,4567.29,4602.29,2026-03-20 14:52:00+00:00,0,0.7239629030227661,0.7239629030227661,2026-03-20 14:47:00+00:00,4567.29,stop_loss,-15.0,2026-03,Friday
1,2026-03-20 17:06:00+00:00,4576.1,4561.1,4596.1,2026-03-20 17:21:00+00:00,0,0.6407605409622192,0.6407605409622192,2026-03-20 17:07:00+00:00,4596.1,target_hit,20.0,2026-03,Friday
1,2026-03-20 17:10:00+00:00,4591.18,4576.18,4611.18,2026-03-20 17:29:00+00:00,2,0.6256986856460571,0.6256986856460571,2026-03-20 17:15:00+00:00,4576.18,stop_loss,-15.0,2026-03,Friday
1,2026-03-20 17:16:00+00:00,4576.71,4561.71,4596.71,2026-03-20 17:33:00+00:00,3,0.5848348736763,0.5848348736763,2026-03-20 17:32:00+00:00,4561.71,stop_loss,-15.0,2026-03,Friday
1,2026-03-22 23:12:00+00:00,4491.79,4476.79,4511.79,2026-03-22 23:27:00+00:00,0,0.5819025635719299,0.5819025635719299,2026-03-22 23:27:00+00:00,4490.77,timeout,-1.019999999999527,2026-03,Monday
1,2026-03-22 23:29:00+00:00,4485.89,4470.89,4508.15,2026-03-23 00:02:00+00:00,11,0.6087944507598877,0.6087944507598877,2026-03-22 23:48:00+00:00,4470.89,stop_loss,-15.0,2026-03,Monday
1,2026-03-23 00:24:00+00:00,4436.52,4421.52,4461.68,2026-03-23 00:45:00+00:00,4,0.7704326510429382,0.7704326510429382,2026-03-23 00:32:00+00:00,4421.52,stop_loss,-15.0,2026-03,Monday
1,2026-03-23 00:45:00+00:00,4362.95,4347.95,4382.95,2026-03-23 01:01:00+00:00,2,0.7402361631393433,0.7402361631393433,2026-03-23 00:47:00+00:00,4347.95,stop_loss,-15.0,2026-03,Monday
1,2026-03-23 00:58:00+00:00,4356.87,4341.87,4388.14,2026-03-23 01:14:00+00:00,2,0.8713921308517456,0.8713921308517456,2026-03-23 01:00:00+00:00,4341.87,stop_loss,-15.0,2026-03,Monday
1,2026-03-23 01:02:00+00:00,4357.86,4342.86,4380.56,2026-03-23 01:18:00+00:00,2,0.9058037996292114,0.9058037996292114,2026-03-23 01:04:00+00:00,4380.56,target_hit,22.700000000000728,2026-03,Monday
1,2026-03-23 01:05:00+00:00,4377.78,4362.78,4410.38,2026-03-23 01:21:00+00:00,2,0.7517052292823792,0.7517052292823792,2026-03-23 01:08:00+00:00,4410.38,target_hit,32.600000000000364,2026-03,Monday
1,2026-03-23 01:21:00+00:00,4423.27,4408.27,4443.27,2026-03-23 01:36:00+00:00,1,0.6823758482933044,0.6823758482933044,2026-03-23 01:22:00+00:00,4443.27,target_hit,20.0,2026-03,Monday
1,2026-03-23 01:25:00+00:00,4432.31,4417.31,4452.31,2026-03-23 01:44:00+00:00,5,0.5952159762382507,0.5952159762382507,2026-03-23 01:30:00+00:00,4417.31,stop_loss,-15.0,2026-03,Monday
1,2026-03-23 01:35:00+00:00,4442.17,4427.17,4465.54,2026-03-23 02:00:00+00:00,9,0.5757684111595154,0.5757684111595154,2026-03-23 01:46:00+00:00,4427.17,stop_loss,-15.0,2026-03,Monday
1,2026-03-23 01:47:00+00:00,4428.27,4413.27,4448.27,2026-03-23 02:02:00+00:00,1,0.7121021747589111,0.7121021747589111,2026-03-23 01:48:00+00:00,4413.27,stop_loss,-15.0,2026-03,Monday
1,2026-03-23 01:49:00+00:00,4418.35,4403.35,4438.35,2026-03-23 02:10:00+00:00,7,0.7906087636947632,0.7906087636947632,2026-03-23 01:56:00+00:00,4403.35,stop_loss,-15.0,2026-03,Monday
1,2026-03-23 01:58:00+00:00,4391.46,4376.46,4437.65,2026-03-23 02:51:00+00:00,39,0.8455497622489929,0.8455497622489929,2026-03-23 02:37:00+00:00,4376.46,stop_loss,-15.0,2026-03,Monday
1,2026-03-23 02:38:00+00:00,4374.18,4359.18,4405.23,2026-03-23 03:07:00+00:00,13,0.7923993468284607,0.7923993468284607,2026-03-23 02:53:00+00:00,4359.18,stop_loss,-15.0,2026-03,Monday
1,2026-03-23 02:54:00+00:00,4357.82,4342.82,4393.17,2026-03-23 03:50:00+00:00,33,0.8629410862922668,0.8629410862922668,2026-03-23 03:40:00+00:00,4342.82,stop_loss,-15.0,2026-03,Monday
1,2026-03-23 06:50:00+00:00,4207.35,4192.35,4248.42,2026-03-23 07:15:00+00:00,11,0.68062424659729,0.68062424659729,2026-03-23 07:01:00+00:00,4192.35,stop_loss,-15.0,2026-03,Monday
1,2026-03-23 07:03:00+00:00,4194.04,4179.04,4214.04,2026-03-23 07:18:00+00:00,0,0.7790773510932922,0.7790773510932922,2026-03-23 07:05:00+00:00,4179.04,stop_loss,-15.0,2026-03,Monday
1,2026-03-23 07:11:00+00:00,4164.17,4149.17,4184.17,2026-03-23 07:26:00+00:00,0,0.767060399055481,0.767060399055481,2026-03-23 07:11:00+00:00,4149.17,stop_loss,-15.0,2026-03,Monday
1,2026-03-23 07:25:00+00:00,4130.71,4115.71,4150.71,2026-03-23 07:40:00+00:00,0,0.6895959377288818,0.6895959377288818,2026-03-23 07:25:00+00:00,4115.71,stop_loss,-15.0,2026-03,Monday
1,2026-03-23 07:30:00+00:00,4136.71,4121.71,4200.42,2026-03-23 07:52:00+00:00,8,0.7106671333312988,0.7106671333312988,2026-03-23 07:38:00+00:00,4200.42,target_hit,63.710000000000036,2026-03,Monday
1,2026-03-23 07:40:00+00:00,4180.25,4165.25,4208.56,2026-03-23 07:55:00+00:00,1,0.7234300971031189,0.7234300971031189,2026-03-23 07:41:00+00:00,4208.56,target_hit,28.3100000000004,2026-03,Monday
1,2026-03-23 07:43:00+00:00,4191.04,4176.04,4267.27,2026-03-23 08:46:00+00:00,43,0.6932891011238098,0.6932891011238098,2026-03-23 08:35:00+00:00,4267.27,target_hit,76.23000000000047,2026-03,Monday
1,2026-03-23 08:36:00+00:00,4256.02,4241.02,4276.02,2026-03-23 08:52:00+00:00,2,0.730165958404541,0.730165958404541,2026-03-23 08:38:00+00:00,4241.02,stop_loss,-15.0,2026-03,Monday
1,2026-03-23 08:39:00+00:00,4241.58,4226.58,4277.98,2026-03-23 09:05:00+00:00,11,0.8211284279823303,0.8211284279823303,2026-03-23 08:51:00+00:00,4226.58,stop_loss,-15.0,2026-03,Monday
1,2026-03-23 08:52:00+00:00,4232.84,4217.84,4276.67,2026-03-23 09:24:00+00:00,18,0.8947001099586487,0.8947001099586487,2026-03-23 09:15:00+00:00,4276.67,target_hit,43.82999999999993,2026-03,Monday
1,2026-03-23 09:33:00+00:00,4287.26,4272.26,4307.26,2026-03-23 09:50:00+00:00,3,0.5598812103271484,0.5598812103271484,2026-03-23 09:36:00+00:00,4272.26,stop_loss,-15.0,2026-03,Monday
1,2026-03-23 09:37:00+00:00,4267.42,4252.42,4287.42,2026-03-23 09:53:00+00:00,1,0.660148024559021,0.660148024559021,2026-03-23 09:39:00+00:00,4252.42,stop_loss,-15.0,2026-03,Monday
1,2026-03-23 10:39:00+00:00,4249.71,4234.71,4273.01,2026-03-23 11:02:00+00:00,2,0.6846223473548889,0.6846223473548889,2026-03-23 10:50:00+00:00,4273.01,target_hit,23.300000000000182,2026-03,Monday
1,2026-03-23 11:02:00+00:00,4290.48,4275.48,4310.48,2026-03-23 11:17:00+00:00,1,0.5865058302879333,0.5865058302879333,2026-03-23 11:05:00+00:00,4310.48,target_hit,20.0,2026-03,Monday
1,2026-03-23 11:56:00+00:00,4389.9,4374.9,4409.9,2026-03-23 12:11:00+00:00,0,0.5552008152008057,0.5552008152008057,2026-03-23 11:57:00+00:00,4374.9,stop_loss,-15.0,2026-03,Monday
1,2026-03-23 11:58:00+00:00,4366.85,4351.85,4386.85,2026-03-23 12:17:00+00:00,3,0.5992117524147034,0.5992117524147034,2026-03-23 12:03:00+00:00,4351.85,stop_loss,-15.0,2026-03,Monday
1,2026-03-23 12:04:00+00:00,4361.25,4346.25,4381.25,2026-03-23 12:19:00+00:00,0,0.5823858380317688,0.5823858380317688,2026-03-23 12:05:00+00:00,4346.25,stop_loss,-15.0,2026-03,Monday
1,2026-03-23 12:06:00+00:00,4345.16,4330.16,4375.04,2026-03-23 12:23:00+00:00,3,0.6951069831848145,0.6951069831848145,2026-03-23 12:10:00+00:00,4375.04,target_hit,29.88000000000011,2026-03,Monday
1,2026-03-23 12:15:00+00:00,4353.58,4338.58,4373.58,2026-03-23 12:30:00+00:00,0,0.6254911422729492,0.6254911422729492,2026-03-23 12:16:00+00:00,4373.58,target_hit,20.0,2026-03,Monday
1,2026-03-23 12:18:00+00:00,4391.18,4376.18,4425.02,2026-03-23 12:44:00+00:00,11,0.5702918171882629,0.5702918171882629,2026-03-23 12:30:00+00:00,4376.18,stop_loss,-15.0,2026-03,Monday
1,2026-03-23 12:31:00+00:00,4382.87,4367.87,4430.45,2026-03-23 12:54:00+00:00,7,0.852935791015625,0.852935791015625,2026-03-23 12:41:00+00:00,4430.45,target_hit,47.57999999999993,2026-03,Monday
1,2026-03-23 13:03:00+00:00,4442.87,4427.87,4462.87,2026-03-23 13:22:00+00:00,1,0.5591477155685425,0.5591477155685425,2026-03-23 13:19:00+00:00,4427.87,stop_loss,-15.0,2026-03,Monday
1,2026-03-23 13:22:00+00:00,4427.27,4412.27,4447.27,2026-03-23 13:39:00+00:00,2,0.6118599772453308,0.6118599772453308,2026-03-23 13:25:00+00:00,4412.27,stop_loss,-15.0,2026-03,Monday
1,2026-03-23 13:26:00+00:00,4407.32,4392.32,4437.1,2026-03-23 13:50:00+00:00,9,0.7787326574325562,0.7787326574325562,2026-03-23 13:37:00+00:00,4437.1,target_hit,29.780000000000655,2026-03,Monday
1,2026-03-23 14:00:00+00:00,4454.33,4439.33,4494.39,2026-03-23 14:18:00+00:00,3,0.5677415132522583,0.5677415132522583,2026-03-23 14:18:00+00:00,4494.39,target_hit,40.0600000000004,2026-03,Monday
1,2026-03-23 15:19:00+00:00,4434.54,4419.54,4476.72,2026-03-23 15:51:00+00:00,3,0.7503520250320435,0.7503520250320435,2026-03-23 15:37:00+00:00,4419.54,stop_loss,-15.0,2026-03,Monday
1,2026-03-23 15:38:00+00:00,4421.19,4406.19,4441.19,2026-03-23 15:58:00+00:00,4,0.6097882390022278,0.6097882390022278,2026-03-23 15:44:00+00:00,4406.19,stop_loss,-15.0,2026-03,Monday
1,2026-03-23 15:45:00+00:00,4408.52,4393.52,4428.52,2026-03-23 16:01:00+00:00,1,0.5948830842971802,0.5948830842971802,2026-03-23 15:52:00+00:00,4393.52,stop_loss,-15.0,2026-03,Monday
1,2026-03-23 16:02:00+00:00,4374.71,4359.71,4395.4,2026-03-23 16:18:00+00:00,2,0.5887009501457214,0.5887009501457214,2026-03-23 16:05:00+00:00,4359.71,stop_loss,-15.0,2026-03,Monday
1,2026-03-23 16:07:00+00:00,4370.73,4355.73,4402.71,2026-03-23 16:26:00+00:00,1,0.762340784072876,0.762340784072876,2026-03-23 16:25:00+00:00,4355.73,stop_loss,-15.0,2026-03,Monday
1,2026-03-23 16:47:00+00:00,4381.95,4366.95,4401.95,2026-03-23 17:02:00+00:00,0,0.6036169528961182,0.6036169528961182,2026-03-23 17:02:00+00:00,4375.11,timeout,-6.8400000000001455,2026-03,Monday
1,2026-03-23 17:21:00+00:00,4389.84,4374.84,4416.78,2026-03-23 17:37:00+00:00,1,0.6114727258682251,0.6114727258682251,2026-03-23 17:31:00+00:00,4416.78,target_hit,26.9399999999996,2026-03,Monday
1,2026-03-23 18:22:00+00:00,4416.44,4401.44,4452.36,2026-03-23 18:45:00+00:00,5,0.5574588179588318,0.5574588179588318,2026-03-23 18:37:00+00:00,4452.36,target_hit,35.92000000000007,2026-03,Monday
1,2026-03-23 19:16:00+00:00,4405.82,4390.82,4432.44,2026-03-23 19:52:00+00:00,10,0.5839556455612183,0.5839556455612183,2026-03-23 19:52:00+00:00,4410.05,timeout,4.230000000000473,2026-03,Monday
1,2026-03-23 19:59:00+00:00,4401.51,4386.51,4421.51,2026-03-23 20:14:00+00:00,1,0.5679364800453186,0.5679364800453186,2026-03-23 20:00:00+00:00,4386.51,stop_loss,-15.0,2026-03,Monday
1,2026-03-23 20:01:00+00:00,4385.85,4370.85,4428.72,2026-03-23 20:42:00+00:00,24,0.7185506820678711,0.7185506820678711,2026-03-23 20:42:00+00:00,4408.76,timeout,22.909999999999854,2026-03,Monday
1,2026-03-24 00:16:00+00:00,4418.9,4403.9,4438.9,2026-03-24 00:31:00+00:00,1,0.6383270621299744,0.6383270621299744,2026-03-24 00:18:00+00:00,4403.9,stop_loss,-15.0,2026-03,Tuesday
1,2026-03-24 00:48:00+00:00,4367.69,4352.69,4395.73,2026-03-24 01:17:00+00:00,12,0.7797529697418213,0.7797529697418213,2026-03-24 01:05:00+00:00,4352.69,stop_loss,-15.0,2026-03,Tuesday
1,2026-03-24 01:07:00+00:00,4362.17,4347.17,4382.17,2026-03-24 01:22:00+00:00,0,0.7193711400032043,0.7193711400032043,2026-03-24 01:08:00+00:00,4347.17,stop_loss,-15.0,2026-03,Tuesday
1,2026-03-24 01:23:00+00:00,4360.69,4345.69,4385.92,2026-03-24 01:51:00+00:00,8,0.686292290687561,0.686292290687561,2026-03-24 01:41:00+00:00,4345.69,stop_loss,-15.0,2026-03,Tuesday
1,2026-03-24 02:24:00+00:00,4342.08,4327.08,4362.08,2026-03-24 02:43:00+00:00,3,0.6553047895431519,0.6553047895431519,2026-03-24 02:32:00+00:00,4362.08,target_hit,20.0,2026-03,Tuesday
1,2026-03-24 02:51:00+00:00,4356.47,4341.47,4376.47,2026-03-24 03:06:00+00:00,1,0.6284494400024414,0.6284494400024414,2026-03-24 03:06:00+00:00,4360.14,timeout,3.6700000000000728,2026-03,Tuesday
1,2026-03-24 03:23:00+00:00,4363.65,4348.65,4385.2,2026-03-24 03:45:00+00:00,8,0.6310228109359741,0.6310228109359741,2026-03-24 03:31:00+00:00,4348.65,stop_loss,-15.0,2026-03,Tuesday
1,2026-03-24 03:32:00+00:00,4349.12,4334.12,4372.35,2026-03-24 04:04:00+00:00,15,0.6597642302513123,0.6597642302513123,2026-03-24 04:04:00+00:00,4352.18,timeout,3.0600000000004,2026-03,Tuesday
1,2026-03-24 04:13:00+00:00,4349.36,4334.36,4369.36,2026-03-24 04:32:00+00:00,2,0.5647726655006409,0.5647726655006409,2026-03-24 04:19:00+00:00,4334.36,stop_loss,-15.0,2026-03,Tuesday
1,2026-03-24 05:57:00+00:00,4351.06,4336.06,4387.79,2026-03-24 06:23:00+00:00,4,0.5805791020393372,0.5805791020393372,2026-03-24 06:22:00+00:00,4387.79,target_hit,36.72999999999956,2026-03,Tuesday
1,2026-03-24 06:39:00+00:00,4386.56,4371.56,4406.56,2026-03-24 06:59:00+00:00,1,0.5680524706840515,0.5680524706840515,2026-03-24 06:59:00+00:00,4401.85,timeout,15.289999999999964,2026-03,Tuesday
1,2026-03-24 07:43:00+00:00,4401.4,4386.4,4428.9,2026-03-24 08:02:00+00:00,4,0.6087266206741333,0.6087266206741333,2026-03-24 07:52:00+00:00,4428.9,target_hit,27.5,2026-03,Tuesday
1,2026-03-24 08:03:00+00:00,4415.48,4400.48,4435.48,2026-03-24 08:30:00+00:00,4,0.5850583910942078,0.5850583910942078,2026-03-24 08:20:00+00:00,4400.48,stop_loss,-15.0,2026-03,Tuesday
1,2026-03-24 08:22:00+00:00,4397.81,4382.81,4418.79,2026-03-24 08:49:00+00:00,7,0.5607306361198425,0.5607306361198425,2026-03-24 08:49:00+00:00,4409.85,timeout,12.039999999999964,2026-03,Tuesday
1,2026-03-24 11:23:00+00:00,4417.48,4402.48,4437.48,2026-03-24 11:38:00+00:00,0,0.5533633232116699,0.5533633232116699,2026-03-24 11:38:00+00:00,4426.8,timeout,9.320000000000618,2026-03,Tuesday
1,2026-03-24 11:47:00+00:00,4421.6,4406.6,4441.6,2026-03-24 12:02:00+00:00,0,0.5917566418647766,0.5917566418647766,2026-03-24 11:52:00+00:00,4406.6,stop_loss,-15.0,2026-03,Tuesday
1,2026-03-24 12:10:00+00:00,4412.6,4397.6,4445.25,2026-03-24 12:36:00+00:00,11,0.6083966493606567,0.6083966493606567,2026-03-24 12:25:00+00:00,4397.6,stop_loss,-15.0,2026-03,Tuesday
1,2026-03-24 12:29:00+00:00,4405.6,4390.6,4426.75,2026-03-24 12:45:00+00:00,1,0.5828229188919067,0.5828229188919067,2026-03-24 12:33:00+00:00,4390.6,stop_loss,-15.0,2026-03,Tuesday
1,2026-03-24 14:17:00+00:00,4389.63,4374.63,4414.48,2026-03-24 14:33:00+00:00,1,0.6064240336418152,0.6064240336418152,2026-03-24 14:27:00+00:00,4414.48,target_hit,24.849999999999454,2026-03,Tuesday
1,2026-03-24 14:38:00+00:00,4406.15,4391.15,4426.15,2026-03-24 14:53:00+00:00,0,0.5571812391281128,0.5571812391281128,2026-03-24 14:52:00+00:00,4426.15,target_hit,20.0,2026-03,Tuesday
1,2026-03-24 15:18:00+00:00,4407.87,4392.87,4430.35,2026-03-24 15:37:00+00:00,2,0.588108479976654,0.588108479976654,2026-03-24 15:37:00+00:00,4423.21,timeout,15.340000000000146,2026-03,Tuesday
1,2026-03-24 17:06:00+00:00,4394.56,4379.56,4415.98,2026-03-24 17:26:00+00:00,3,0.5719416737556458,0.5719416737556458,2026-03-24 17:26:00+00:00,4399.62,timeout,5.059999999999491,2026-03,Tuesday
1,2026-03-24 17:33:00+00:00,4382.97,4367.97,4403.94,2026-03-24 17:49:00+00:00,2,0.7229388356208801,0.7229388356208801,2026-03-24 17:49:00+00:00,4384.67,timeout,1.699999999999818,2026-03,Tuesday
1,2026-03-24 20:39:00+00:00,4470.79,4455.79,4492.3,2026-03-24 20:54:00+00:00,1,0.6198365688323975,0.6198365688323975,2026-03-24 20:41:00+00:00,4455.79,stop_loss,-15.0,2026-03,Tuesday
1,2026-03-24 20:43:00+00:00,4453.45,4438.45,4492.75,2026-03-24 21:06:00+00:00,9,0.5928179621696472,0.5928179621696472,2026-03-24 22:01:00+00:00,4474.73,timeout,21.279999999999745,2026-03,Tuesday
1,2026-03-24 23:42:00+00:00,4535.9,4520.9,4565.03,2026-03-25 00:23:00+00:00,10,0.7652285099029541,0.7652285099029541,2026-03-25 00:23:00+00:00,4543.63,timeout,7.730000000000473,2026-03,Wednesday
1,2026-03-25 01:19:00+00:00,4569.27,4554.27,4589.27,2026-03-25 01:34:00+00:00,0,0.5686507225036621,0.5686507225036621,2026-03-25 01:34:00+00:00,4584.01,timeout,14.739999999999782,2026-03,Wednesday
1,2026-03-25 13:17:00+00:00,4556.93,4541.93,4576.93,2026-03-25 13:38:00+00:00,3,0.5812604427337646,0.5812604427337646,2026-03-25 13:30:00+00:00,4576.93,target_hit,20.0,2026-03,Wednesday
1,2026-03-25 13:38:00+00:00,4560.14,4545.14,4584.92,2026-03-25 14:01:00+00:00,5,0.6055525541305542,0.6055525541305542,2026-03-25 13:50:00+00:00,4545.14,stop_loss,-15.0,2026-03,Wednesday
1,2026-03-25 14:27:00+00:00,4554.57,4539.57,4574.57,2026-03-25 14:42:00+00:00,0,0.6639989614486694,0.6639989614486694,2026-03-25 14:42:00+00:00,4565.91,timeout,11.340000000000146,2026-03,Wednesday
1,2026-03-25 15:32:00+00:00,4563.86,4548.86,4583.86,2026-03-25 15:47:00+00:00,0,0.5550860166549683,0.5550860166549683,2026-03-25 15:47:00+00:00,4554.84,timeout,-9.019999999999527,2026-03,Wednesday
1,2026-03-25 19:54:00+00:00,4519.38,4504.38,4539.38,2026-03-25 20:09:00+00:00,1,0.6225817799568176,0.6225817799568176,2026-03-25 20:01:00+00:00,4539.38,target_hit,20.0,2026-03,Wednesday
1,2026-03-26 20:12:00+00:00,4386.52,4371.52,4406.52,2026-03-26 20:27:00+00:00,0,0.6342859268188477,0.6342859268188477,2026-03-26 20:13:00+00:00,4406.52,target_hit,20.0,2026-03,Thursday
1,2026-03-26 20:25:00+00:00,4400.34,4385.34,4429.1,2026-03-26 21:01:00+00:00,17,0.623839259147644,0.623839259147644,2026-03-26 20:51:00+00:00,4385.34,stop_loss,-15.0,2026-03,Thursday
1,2026-03-26 22:58:00+00:00,4407.85,4392.85,4427.85,2026-03-26 23:13:00+00:00,1,0.6652539372444153,0.6652539372444153,2026-03-26 23:08:00+00:00,4392.85,stop_loss,-15.0,2026-03,Friday
1,2026-03-27 15:17:00+00:00,4523.46,4508.46,4543.46,2026-03-27 15:32:00+00:00,0,0.5983723402023315,0.5983723402023315,2026-03-27 15:21:00+00:00,4543.46,target_hit,20.0,2026-03,Friday
1,2026-03-27 15:30:00+00:00,4543.68,4528.68,4563.68,2026-03-27 15:50:00+00:00,3,0.6005826592445374,0.6005826592445374,2026-03-27 15:41:00+00:00,4528.68,stop_loss,-15.0,2026-03,Friday
1,2026-03-27 17:17:00+00:00,4502.37,4487.37,4522.37,2026-03-27 17:41:00+00:00,8,0.7348839640617371,0.7348839640617371,2026-03-27 17:27:00+00:00,4487.37,stop_loss,-15.0,2026-03,Friday
1,2026-03-27 17:28:00+00:00,4488.05,4473.05,4514.82,2026-03-27 18:00:00+00:00,12,0.7411635518074036,0.7411635518074036,2026-03-27 18:00:00+00:00,4490.67,timeout,2.619999999999891,2026-03,Friday
1,2026-03-29 22:25:00+00:00,4507.04,4492.04,4528.44,2026-03-29 22:53:00+00:00,3,0.5696272850036621,0.5696272850036621,2026-03-29 22:44:00+00:00,4492.04,stop_loss,-15.0,2026-03,Monday
1,2026-03-30 01:07:00+00:00,4450.77,4435.77,4476.6,2026-03-30 01:47:00+00:00,13,0.6830868721008301,0.6830868721008301,2026-03-30 01:47:00+00:00,4474.35,timeout,23.579999999999927,2026-03,Monday
1,2026-03-31 01:35:00+00:00,4581.96,4566.96,4601.96,2026-03-31 01:50:00+00:00,1,0.5741138458251953,0.5741138458251953,2026-03-31 01:41:00+00:00,4601.96,target_hit,20.0,2026-03,Tuesday
1,2026-03-31 02:02:00+00:00,4595.75,4580.75,4615.75,2026-03-31 02:18:00+00:00,1,0.6211080551147461,0.6211080551147461,2026-03-31 02:18:00+00:00,4589.03,timeout,-6.720000000000255,2026-03,Tuesday
1,2026-03-31 14:17:00+00:00,4609.61,4594.61,4631.62,2026-03-31 14:42:00+00:00,5,0.6394093632698059,0.6394093632698059,2026-03-31 14:42:00+00:00,4607.87,timeout,-1.7399999999997817,2026-03,Tuesday
1,2026-03-31 15:06:00+00:00,4616.14,4601.14,4640.0,2026-03-31 15:34:00+00:00,2,0.6324177980422974,0.6324177980422974,2026-03-31 15:34:00+00:00,4614.31,timeout,-1.8299999999999272,2026-03,Tuesday
1,2026-04-02 01:35:00+00:00,4682.57,4667.57,4730.45,2026-04-02 02:45:00+00:00,35,0.7621584534645081,0.7621584534645081,2026-04-02 02:34:00+00:00,4667.57,stop_loss,-15.0,2026-04,Thursday
1,2026-04-02 06:16:00+00:00,4584.14,4569.14,4608.71,2026-04-02 06:33:00+00:00,2,0.7770236730575562,0.7770236730575562,2026-04-02 06:33:00+00:00,4595.19,timeout,11.049999999999272,2026-04,Thursday
1,2026-04-02 13:48:00+00:00,4620.48,4605.48,4640.48,2026-04-02 14:03:00+00:00,0,0.6483683586120605,0.6483683586120605,2026-04-02 13:53:00+00:00,4640.48,target_hit,20.0,2026-04,Thursday
1,2026-04-02 13:56:00+00:00,4633.69,4618.69,4667.71,2026-04-02 14:29:00+00:00,4,0.6456894874572754,0.6456894874572754,2026-04-02 14:23:00+00:00,4667.71,target_hit,34.02000000000044,2026-04,Thursday
1,2026-04-05 22:59:00+00:00,4644.83,4629.83,4665.4,2026-04-05 23:21:00+00:00,4,0.5871090888977051,0.5871090888977051,2026-04-05 23:09:00+00:00,4629.83,stop_loss,-15.0,2026-04,Monday
1,2026-04-07 19:54:00+00:00,4698.94,4683.94,4727.83,2026-04-07 20:24:00+00:00,8,0.6101537346839905,0.6101537346839905,2026-04-07 20:24:00+00:00,4707.06,timeout,8.1200000000008,2026-04,Tuesday
1,2026-04-07 22:04:00+00:00,4735.97,4720.97,4757.8,2026-04-07 22:40:00+00:00,16,0.7848681211471558,0.7848681211471558,2026-04-07 22:32:00+00:00,4720.97,stop_loss,-15.0,2026-04,Wednesday
1,2026-04-08 00:13:00+00:00,4838.58,4823.58,4858.58,2026-04-08 00:36:00+00:00,2,0.5800690054893494,0.5800690054893494,2026-04-08 00:25:00+00:00,4823.58,stop_loss,-15.0,2026-04,Wednesday
1,2026-04-08 01:00:00+00:00,4817.84,4802.84,4837.84,2026-04-08 01:23:00+00:00,6,0.5895394682884216,0.5895394682884216,2026-04-08 01:19:00+00:00,4802.84,stop_loss,-15.0,2026-04,Wednesday
1,2026-04-08 01:20:00+00:00,4803.36,4788.36,4824.29,2026-04-08 01:46:00+00:00,6,0.6047593355178833,0.6047593355178833,2026-04-08 01:32:00+00:00,4788.36,stop_loss,-15.0,2026-04,Wednesday
1,2026-04-17 14:05:00+00:00,4876.6,4861.6,4896.6,2026-04-17 14:20:00+00:00,0,0.6451932787895203,0.6451932787895203,2026-04-17 14:12:00+00:00,4861.6,stop_loss,-15.0,2026-04,Friday
1,2026-04-17 14:22:00+00:00,4874.59,4859.59,4896.31,2026-04-17 14:53:00+00:00,4,0.6123778820037842,0.6123778820037842,2026-04-17 14:53:00+00:00,4871.7,timeout,-2.8900000000003274,2026-04,Friday
1,2026-05-15 14:15:00+00:00,4543.84,4528.84,4578.48,2026-05-15 14:39:00+00:00,3,0.6114532947540283,0.6114532947540283,2026-05-15 14:39:00+00:00,4555.92,timeout,12.079999999999927,2026-05,Friday
1,2026-05-19 14:12:00+00:00,4500.87,4485.87,4520.87,2026-05-19 14:27:00+00:00,0,0.5552448630332947,0.5552448630332947,2026-05-19 14:21:00+00:00,4485.87,stop_loss,-15.0,2026-05,Tuesday
1,2026-05-20 14:38:00+00:00,4517.42,4502.42,4538.71,2026-05-20 14:56:00+00:00,2,0.64933842420578,0.64933842420578,2026-05-20 14:56:00+00:00,4533.15,timeout,15.729999999999563,2026-05,Wednesday
