entry_time,entry_price,stop,target,timeout,target_updates,stop_updates,s1_prob,s2_prob,tp,sl,horizon,exit_time,exit_price,exit_reason,pnl,side
2025-10-26 22:08:00+00:00,4083.13,4108.13,4053.13,2025-10-26 22:39:00+00:00,1,0,0.6000117063522339,0.06553757935762405,30.0,25.0,30,2025-10-26 22:14:00+00:00,4108.13,stop_loss,-25.0,down
2025-10-26 22:48:00+00:00,4072.3,4097.3,4042.3,2025-10-26 23:18:00+00:00,0,0,0.540145218372345,0.014341316185891628,30.0,25.0,30,2025-10-26 23:18:00+00:00,4085.65,timeout,-13.349999999999909,down
2025-10-27 08:56:00+00:00,4029.11,4054.11,3999.11,2025-10-27 09:29:00+00:00,1,0,0.6483521461486816,0.065241739153862,30.0,25.0,30,2025-10-27 09:29:00+00:00,4037.84,timeout,-8.730000000000018,down
2025-10-28 13:42:00+00:00,3916.28,3941.28,3886.28,2025-10-28 14:16:00+00:00,2,0,0.5208233594894409,0.18632036447525024,30.0,25.0,30,2025-10-28 14:00:00+00:00,3941.28,stop_loss,-25.0,down
2025-11-14 14:34:00+00:00,4033.61,4058.61,4003.61,2025-11-14 15:04:00+00:00,0,0,0.7051846981048584,0.32022297382354736,30.0,25.0,30,2025-11-14 14:37:00+00:00,4058.61,stop_loss,-25.0,down
2025-11-20 13:07:00+00:00,4093.53,4068.53,4123.530000000001,2025-11-20 13:37:00+00:00,0,0,0.5689619183540344,0.9851422905921936,30.0,25.0,30,2025-11-20 13:30:00+00:00,4068.53,stop_loss,-25.0,up
2025-12-29 14:31:00+00:00,4370.06,4345.06,4416.45,2025-12-29 15:30:00+00:00,5,0,0.5953216552734375,0.9399948716163635,30.0,25.0,30,2025-12-29 15:02:00+00:00,4345.06,stop_loss,-25.0,up
2025-12-31 05:51:00+00:00,4303.27,4328.27,4248.82,2025-12-31 06:31:00+00:00,3,0,0.6171365976333618,0.0157280582934618,30.0,25.0,30,2025-12-31 06:31:00+00:00,4309.82,timeout,-6.549999999999272,down
2026-01-20 15:24:00+00:00,4731.98,4756.98,4701.98,2026-01-20 15:54:00+00:00,0,0,0.6182705163955688,0.06961935013532639,30.0,25.0,30,2026-01-20 15:54:00+00:00,4736.84,timeout,-4.860000000000582,down
2026-01-21 14:14:00+00:00,4848.07,4873.07,4814.75,2026-01-21 14:52:00+00:00,4,0,0.6594496369361877,0.27741777896881104,30.0,25.0,30,2026-01-21 14:52:00+00:00,4850.37,timeout,-2.300000000000182,down
2026-01-21 23:07:00+00:00,4809.29,4834.29,4748.65,2026-01-22 00:29:00+00:00,2,0,0.6854535937309265,0.04469657316803932,30.0,25.0,30,2026-01-22 00:29:00+00:00,4783.45,timeout,25.840000000000146,down
2026-01-28 23:07:00+00:00,5435.85,5410.85,5465.85,2026-01-28 23:37:00+00:00,0,0,0.5428996682167053,0.7649219036102295,30.0,25.0,30,2026-01-28 23:12:00+00:00,5465.85,target_hit,30.0,up
2026-01-29 01:04:00+00:00,5482.03,5507.03,5438.57,2026-01-29 01:35:00+00:00,2,0,0.6238561272621155,0.032905831933021545,30.0,25.0,30,2026-01-29 01:24:00+00:00,5507.03,stop_loss,-25.0,down
2026-01-29 03:05:00+00:00,5515.42,5490.42,5545.42,2026-01-29 03:35:00+00:00,0,0,0.55861896276474,0.7349554896354675,30.0,25.0,30,2026-01-29 03:35:00+00:00,5536.84,timeout,21.420000000000073,up
2026-01-29 08:53:00+00:00,5512.52,5537.52,5472.31,2026-01-29 09:32:00+00:00,1,0,0.5983352065086365,0.42916151881217957,30.0,25.0,30,2026-01-29 09:32:00+00:00,5515.4,timeout,-2.8799999999991996,down
2026-01-29 14:37:00+00:00,5507.2,5482.2,5537.2,2026-01-29 15:07:00+00:00,0,0,0.5472738742828369,0.6227909922599792,30.0,25.0,30,2026-01-29 14:39:00+00:00,5537.2,target_hit,30.0,up
2026-01-29 14:48:00+00:00,5494.77,5519.77,5456.44,2026-01-29 15:30:00+00:00,7,0,0.7468284964561462,0.04336748272180557,30.0,25.0,30,2026-01-29 15:02:00+00:00,5456.44,target_hit,38.33000000000084,down
2026-01-30 01:12:00+00:00,5331.21,5306.21,5374.6,2026-01-30 01:42:00+00:00,1,0,0.642936646938324,0.9610917568206787,30.0,25.0,30,2026-01-30 01:14:00+00:00,5306.21,stop_loss,-25.0,up
2026-01-30 01:58:00+00:00,5313.1,5288.1,5343.1,2026-01-30 02:28:00+00:00,0,0,0.5084179639816284,0.949080228805542,30.0,25.0,30,2026-01-30 02:00:00+00:00,5288.1,stop_loss,-25.0,up
2026-01-30 14:55:00+00:00,5049.77,5074.77,4962.04,2026-01-30 15:32:00+00:00,6,0,0.5932503938674927,0.1877412497997284,30.0,25.0,30,2026-01-30 15:04:00+00:00,4985.92,reverse_signal,63.850000000000364,down
2026-01-30 15:05:00+00:00,4985.58,4960.58,5043.4,2026-01-30 15:40:00+00:00,6,0,0.8817167282104492,0.6063098311424255,30.0,25.0,30,2026-01-30 15:11:00+00:00,5037.62,reverse_signal,52.039999999999964,up
2026-01-30 15:12:00+00:00,5036.0,5061.0,5006.0,2026-01-30 15:46:00+00:00,2,0,0.8920877575874329,0.323063462972641,30.0,25.0,30,2026-01-30 15:35:00+00:00,5061.0,stop_loss,-25.0,down
2026-02-01 23:04:00+00:00,4835.23,4860.23,4790.0,2026-02-01 23:35:00+00:00,2,0,0.8814470171928406,0.3642159104347229,30.0,25.0,30,2026-02-01 23:10:00+00:00,4790.0,target_hit,45.22999999999956,down
2026-02-01 23:14:00+00:00,4768.33,4743.33,4798.33,2026-02-01 23:44:00+00:00,0,0,0.9138370156288147,0.622488260269165,30.0,25.0,30,2026-02-01 23:14:00+00:00,4743.33,stop_loss,-25.0,up
2026-02-01 23:15:00+00:00,4744.13,4719.13,4774.13,2026-02-01 23:45:00+00:00,0,0,0.9000470638275146,0.7374418377876282,30.0,25.0,30,2026-02-01 23:18:00+00:00,4719.13,stop_loss,-25.0,up
2026-02-01 23:19:00+00:00,4703.7,4678.7,4746.4,2026-02-01 23:49:00+00:00,1,0,0.8327621221542358,0.7690014243125916,30.0,25.0,30,2026-02-01 23:34:00+00:00,4746.4,target_hit,42.69999999999982,up
2026-02-01 23:48:00+00:00,4735.45,4710.45,4765.45,2026-02-02 00:18:00+00:00,0,0,0.8388379812240601,0.6028913855552673,30.0,25.0,30,2026-02-01 23:50:00+00:00,4765.45,target_hit,30.0,up
2026-02-01 23:51:00+00:00,4760.53,4735.53,4790.53,2026-02-02 00:22:00+00:00,2,0,0.9038923382759094,0.5524187684059143,30.0,25.0,30,2026-02-02 00:06:00+00:00,4790.53,target_hit,30.0,up
2026-02-02 01:01:00+00:00,4738.2,4713.2,4779.0,2026-02-02 01:31:00+00:00,1,0,0.943355143070221,0.875791609287262,30.0,25.0,30,2026-02-02 01:02:00+00:00,4779.0,target_hit,40.80000000000018,up
2026-02-02 01:03:00+00:00,4779.23,4754.23,4809.23,2026-02-02 01:33:00+00:00,1,0,0.909623384475708,0.7299695014953613,30.0,25.0,30,2026-02-02 01:04:00+00:00,4754.23,stop_loss,-25.0,up
2026-02-02 01:05:00+00:00,4756.63,4731.63,4793.2,2026-02-02 01:35:00+00:00,1,0,0.9316606521606445,0.8223741054534912,30.0,25.0,30,2026-02-02 01:06:00+00:00,4731.63,stop_loss,-25.0,up
2026-02-02 01:07:00+00:00,4750.43,4725.43,4780.43,2026-02-02 01:37:00+00:00,0,0,0.9166650176048279,0.8680238723754883,30.0,25.0,30,2026-02-02 01:07:00+00:00,4725.43,stop_loss,-25.0,up
2026-02-02 01:08:00+00:00,4702.35,4677.35,4744.01,2026-02-02 01:38:00+00:00,1,0,0.8841421604156494,0.9630374312400818,30.0,25.0,30,2026-02-02 01:09:00+00:00,4677.35,stop_loss,-25.0,up
2026-02-02 01:10:00+00:00,4656.0,4631.0,4686.0,2026-02-02 01:40:00+00:00,0,0,0.8578459024429321,0.949354887008667,30.0,25.0,30,2026-02-02 01:10:00+00:00,4631.0,stop_loss,-25.0,up
2026-02-02 01:11:00+00:00,4586.52,4561.52,4616.52,2026-02-02 01:41:00+00:00,0,0,0.8806774616241455,0.9690331816673279,30.0,25.0,30,2026-02-02 01:11:00+00:00,4616.52,target_hit,30.0,up
2026-02-02 01:13:00+00:00,4594.11,4569.11,4624.11,2026-02-02 01:43:00+00:00,0,0,0.7856149077415466,0.9556772708892822,30.0,25.0,30,2026-02-02 01:13:00+00:00,4624.11,target_hit,30.0,up
2026-02-02 01:14:00+00:00,4633.95,4608.95,4673.54,2026-02-02 01:44:00+00:00,1,0,0.8052542209625244,0.894781231880188,30.0,25.0,30,2026-02-02 01:15:00+00:00,4673.54,target_hit,39.590000000000146,up
2026-02-02 01:16:00+00:00,4669.58,4644.58,4764.92,2026-02-02 02:17:00+00:00,23,0,0.8747934699058533,0.8585096597671509,30.0,25.0,30,2026-02-02 01:48:00+00:00,4725.4,reverse_signal,55.81999999999971,up
2026-02-02 01:49:00+00:00,4725.25,4750.25,4695.25,2026-02-02 02:20:00+00:00,1,0,0.8787341713905334,0.39513668417930603,30.0,25.0,30,2026-02-02 01:51:00+00:00,4750.25,stop_loss,-25.0,down
2026-02-02 01:53:00+00:00,4734.27,4709.27,4764.27,2026-02-02 02:23:00+00:00,0,0,0.9030144810676575,0.6067672371864319,30.0,25.0,30,2026-02-02 01:59:00+00:00,4736.63,reverse_signal,2.3599999999996726,up
2026-02-02 02:00:00+00:00,4736.33,4761.33,4700.35,2026-02-02 02:31:00+00:00,1,0,0.8905130624771118,0.4359164535999298,30.0,25.0,30,2026-02-02 02:05:00+00:00,4710.25,reverse_signal,26.079999999999927,down
2026-02-02 04:02:00+00:00,4619.85,4644.85,4580.55,2026-02-02 04:36:00+00:00,3,0,0.8843095302581787,0.3089113235473633,30.0,25.0,30,2026-02-02 04:08:00+00:00,4644.85,stop_loss,-25.0,down
2026-02-02 04:09:00+00:00,4650.03,4675.03,4611.81,2026-02-02 04:42:00+00:00,3,0,0.9146106839179993,0.1906619369983673,30.0,25.0,30,2026-02-02 04:16:00+00:00,4675.03,stop_loss,-25.0,down
2026-02-02 04:20:00+00:00,4697.35,4722.35,4660.4,2026-02-02 05:02:00+00:00,2,0,0.7163323163986206,0.10307734459638596,30.0,25.0,30,2026-02-02 04:40:00+00:00,4660.4,target_hit,36.95000000000073,down
2026-02-02 04:47:00+00:00,4703.94,4728.94,4577.05,2026-02-02 06:10:00+00:00,17,0,0.9032464623451233,0.055102888494729996,30.0,25.0,30,2026-02-02 05:44:00+00:00,4577.05,target_hit,126.88999999999942,down
2026-02-02 06:01:00+00:00,4569.12,4594.12,4477.56,2026-02-02 06:50:00+00:00,8,0,0.8708077669143677,0.24691490828990936,30.0,25.0,30,2026-02-02 06:23:00+00:00,4477.56,target_hit,91.55999999999949,down
2026-02-02 06:24:00+00:00,4485.27,4460.27,4515.27,2026-02-02 06:54:00+00:00,0,0,0.8038228750228882,0.676838755607605,30.0,25.0,30,2026-02-02 06:24:00+00:00,4460.27,stop_loss,-25.0,up
2026-02-02 06:25:00+00:00,4451.35,4426.35,4523.03,2026-02-02 07:07:00+00:00,11,0,0.780582070350647,0.7398932576179504,30.0,25.0,30,2026-02-02 06:38:00+00:00,4426.35,stop_loss,-25.0,up
2026-02-02 06:39:00+00:00,4407.45,4382.45,4514.79,2026-02-02 07:24:00+00:00,9,0,0.6621541380882263,0.8296691179275513,30.0,25.0,30,2026-02-02 06:55:00+00:00,4499.58,reverse_signal,92.13000000000011,up
2026-02-02 06:56:00+00:00,4500.15,4525.15,4470.15,2026-02-02 07:27:00+00:00,2,0,0.7016443014144897,0.36261504888534546,30.0,25.0,30,2026-02-02 06:58:00+00:00,4503.6,reverse_signal,-3.4500000000007276,down
2026-02-02 06:59:00+00:00,4504.15,4479.15,4534.15,2026-02-02 07:29:00+00:00,0,0,0.8221356272697449,0.5779097080230713,30.0,25.0,30,2026-02-02 07:02:00+00:00,4523.95,reverse_signal,19.800000000000182,up
2026-02-02 07:03:00+00:00,4525.47,4550.47,4495.47,2026-02-02 07:33:00+00:00,1,0,0.9073632955551147,0.4402134418487549,30.0,25.0,30,2026-02-02 07:06:00+00:00,4525.43,reverse_signal,0.03999999999996362,down
2026-02-02 07:07:00+00:00,4525.25,4500.25,4555.25,2026-02-02 07:37:00+00:00,0,0,0.9139057397842407,0.5761253833770752,30.0,25.0,30,2026-02-02 07:07:00+00:00,4547.03,reverse_signal,21.779999999999745,up
2026-02-02 07:08:00+00:00,4546.85,4571.85,4516.85,2026-02-02 07:38:00+00:00,0,0,0.770119845867157,0.442369282245636,30.0,25.0,30,2026-02-02 07:09:00+00:00,4553.88,reverse_signal,-7.029999999999745,down
2026-02-02 07:10:00+00:00,4554.05,4529.05,4584.05,2026-02-02 07:40:00+00:00,0,0,0.5038078427314758,0.5793976187705994,30.0,25.0,30,2026-02-02 07:11:00+00:00,4529.05,stop_loss,-25.0,up
2026-02-02 07:17:00+00:00,4536.69,4511.69,4568.17,2026-02-02 07:50:00+00:00,1,0,0.8430172801017761,0.5812182426452637,30.0,25.0,30,2026-02-02 07:25:00+00:00,4568.17,target_hit,31.480000000000473,up
2026-02-02 07:26:00+00:00,4571.86,4546.86,4601.86,2026-02-02 07:56:00+00:00,0,0,0.806567370891571,0.6273894309997559,30.0,25.0,30,2026-02-02 07:31:00+00:00,4546.86,stop_loss,-25.0,up
2026-02-02 07:33:00+00:00,4527.34,4502.34,4557.34,2026-02-02 08:03:00+00:00,0,0,0.6930971145629883,0.6885483264923096,30.0,25.0,30,2026-02-02 07:37:00+00:00,4557.34,target_hit,30.0,up
2026-02-02 07:40:00+00:00,4568.62,4593.62,4538.62,2026-02-02 08:10:00+00:00,0,0,0.8425245881080627,0.4305192828178406,30.0,25.0,30,2026-02-02 07:45:00+00:00,4593.62,stop_loss,-25.0,down
2026-02-02 07:46:00+00:00,4597.29,4622.29,4564.1,2026-02-02 08:21:00+00:00,3,0,0.7468571662902832,0.3770986497402191,30.0,25.0,30,2026-02-02 08:02:00+00:00,4564.1,target_hit,33.1899999999996,down
2026-02-02 08:10:00+00:00,4618.27,4643.27,4587.16,2026-02-02 08:50:00+00:00,3,0,0.8929110169410706,0.28741276264190674,30.0,25.0,30,2026-02-02 08:21:00+00:00,4643.27,stop_loss,-25.0,down
2026-02-02 08:22:00+00:00,4644.77,4669.77,4592.15,2026-02-02 09:41:00+00:00,4,0,0.6871358156204224,0.19159725308418274,30.0,25.0,30,2026-02-02 09:26:00+00:00,4669.77,stop_loss,-25.0,down
2026-02-02 10:09:00+00:00,4720.27,4745.27,4630.55,2026-02-02 11:43:00+00:00,7,0,0.6541873812675476,0.05698010325431824,30.0,25.0,30,2026-02-02 11:14:00+00:00,4745.27,stop_loss,-25.0,down
2026-02-02 12:01:00+00:00,4773.9,4798.9,4720.91,2026-02-02 12:50:00+00:00,6,0,0.68561851978302,0.047482624650001526,30.0,25.0,30,2026-02-02 12:45:00+00:00,4798.9,stop_loss,-25.0,down
2026-02-02 12:46:00+00:00,4805.02,4830.02,4746.13,2026-02-02 13:28:00+00:00,9,0,0.6550434827804565,0.05068964511156082,30.0,25.0,30,2026-02-02 13:00:00+00:00,4746.13,target_hit,58.89000000000033,down
2026-02-02 14:01:00+00:00,4724.12,4749.12,4684.26,2026-02-02 14:45:00+00:00,3,0,0.8600962162017822,0.43274572491645813,30.0,25.0,30,2026-02-02 14:17:00+00:00,4725.85,reverse_signal,-1.730000000000473,down
2026-02-02 14:18:00+00:00,4725.54,4700.54,4755.54,2026-02-02 14:48:00+00:00,1,0,0.7834257483482361,0.6414750814437866,30.0,25.0,30,2026-02-02 14:19:00+00:00,4700.54,stop_loss,-25.0,up
2026-02-02 14:20:00+00:00,4696.15,4671.15,4731.15,2026-02-02 14:56:00+00:00,4,0,0.9006965756416321,0.7317390441894531,30.0,25.0,30,2026-02-02 14:28:00+00:00,4722.39,reverse_signal,26.24000000000069,up
2026-02-02 14:29:00+00:00,4722.86,4747.86,4692.86,2026-02-02 15:02:00+00:00,2,0,0.8267883658409119,0.405398428440094,30.0,25.0,30,2026-02-02 14:33:00+00:00,4747.86,stop_loss,-25.0,down
2026-02-02 14:34:00+00:00,4748.35,4773.35,4718.35,2026-02-02 15:06:00+00:00,2,0,0.8257742524147034,0.3451063632965088,30.0,25.0,30,2026-02-02 14:37:00+00:00,4773.35,stop_loss,-25.0,down
2026-02-02 14:38:00+00:00,4778.19,4803.19,4746.94,2026-02-02 15:12:00+00:00,4,0,0.8039814829826355,0.1881231963634491,30.0,25.0,30,2026-02-02 14:43:00+00:00,4761.55,reverse_signal,16.639999999999418,down
2026-02-02 14:44:00+00:00,4762.2,4737.2,4792.2,2026-02-02 15:14:00+00:00,1,0,0.8415442109107971,0.6623277068138123,30.0,25.0,30,2026-02-02 14:45:00+00:00,4737.2,stop_loss,-25.0,up
2026-02-02 14:46:00+00:00,4747.83,4722.83,4784.1,2026-02-02 15:23:00+00:00,8,0,0.7692978978157043,0.7260957956314087,30.0,25.0,30,2026-02-02 14:54:00+00:00,4722.83,stop_loss,-25.0,up
2026-02-02 14:55:00+00:00,4719.19,4694.19,4749.19,2026-02-02 15:30:00+00:00,3,0,0.6165255308151245,0.7879171371459961,30.0,25.0,30,2026-02-02 15:01:00+00:00,4694.19,stop_loss,-25.0,up
2026-02-02 17:02:00+00:00,4677.19,4702.19,4639.79,2026-02-02 17:36:00+00:00,5,0,0.9115262031555176,0.05197548121213913,30.0,25.0,30,2026-02-02 17:07:00+00:00,4702.19,stop_loss,-25.0,down
2026-02-02 17:08:00+00:00,4700.13,4725.13,4606.17,2026-02-02 18:44:00+00:00,22,0,0.8471958637237549,0.1522616147994995,30.0,25.0,30,2026-02-02 18:19:00+00:00,4625.07,reverse_signal,75.0600000000004,down
2026-02-02 19:01:00+00:00,4646.63,4671.63,4616.63,2026-02-02 19:31:00+00:00,0,0,0.8372195959091187,0.06300564855337143,30.0,25.0,30,2026-02-02 19:31:00+00:00,4644.47,timeout,2.1599999999998545,down
2026-02-02 19:33:00+00:00,4652.17,4677.17,4622.17,2026-02-02 20:03:00+00:00,0,0,0.8123776912689209,0.050746846944093704,30.0,25.0,30,2026-02-02 19:40:00+00:00,4677.17,stop_loss,-25.0,down
2026-02-02 19:41:00+00:00,4679.37,4704.37,4649.37,2026-02-02 20:11:00+00:00,1,0,0.742342472076416,0.08231087028980255,30.0,25.0,30,2026-02-02 19:42:00+00:00,4692.68,reverse_signal,-13.3100000000004,down
2026-02-02 19:43:00+00:00,4692.69,4667.69,4733.28,2026-02-02 20:25:00+00:00,5,0,0.8589560985565186,0.6157499551773071,30.0,25.0,30,2026-02-02 19:56:00+00:00,4678.12,reverse_signal,-14.569999999999709,up
2026-02-02 19:57:00+00:00,4678.15,4703.15,4634.19,2026-02-02 21:15:00+00:00,11,0,0.72950279712677,0.24312782287597656,30.0,25.0,30,2026-02-02 21:15:00+00:00,4679.96,timeout,-1.8100000000004002,down
2026-02-02 23:03:00+00:00,4700.08,4675.08,4730.08,2026-02-02 23:33:00+00:00,0,0,0.8342257738113403,0.8164361715316772,30.0,25.0,30,2026-02-02 23:18:00+00:00,4730.08,target_hit,30.0,up
2026-02-02 23:53:00+00:00,4769.42,4794.42,4739.42,2026-02-03 00:31:00+00:00,1,0,0.7737888693809509,0.1857021152973175,30.0,25.0,30,2026-02-03 00:04:00+00:00,4794.42,stop_loss,-25.0,down
2026-02-03 01:03:00+00:00,4810.63,4835.63,4780.63,2026-02-03 01:41:00+00:00,1,0,0.7635525465011597,0.19213534891605377,30.0,25.0,30,2026-02-03 01:15:00+00:00,4835.63,stop_loss,-25.0,down
2026-02-03 01:16:00+00:00,4843.73,4868.73,4735.52,2026-02-03 03:32:00+00:00,19,0,0.815990686416626,0.04616716131567955,30.0,25.0,30,2026-02-03 03:32:00+00:00,4781.15,timeout,62.57999999999993,down
2026-02-03 06:40:00+00:00,4874.83,4899.83,4844.83,2026-02-03 07:10:00+00:00,1,0,0.5255812406539917,0.06975201517343521,30.0,25.0,30,2026-02-03 07:10:00+00:00,4885.88,timeout,-11.050000000000182,down
2026-02-03 07:15:00+00:00,4893.05,4918.05,4854.69,2026-02-03 08:01:00+00:00,4,0,0.66648930311203,0.12297020107507706,30.0,25.0,30,2026-02-03 07:33:00+00:00,4918.05,stop_loss,-25.0,down
2026-02-03 07:34:00+00:00,4920.93,4945.93,4871.14,2026-02-03 09:10:00+00:00,10,0,0.5584178566932678,0.08145458996295929,30.0,25.0,30,2026-02-03 08:42:00+00:00,4945.93,stop_loss,-25.0,down
2026-02-03 08:43:00+00:00,4944.7,4969.7,4865.33,2026-02-03 09:57:00+00:00,8,0,0.5959413647651672,0.032363321632146835,30.0,25.0,30,2026-02-03 09:57:00+00:00,4915.83,timeout,28.86999999999989,down
2026-02-03 11:01:00+00:00,4898.35,4923.35,4859.79,2026-02-03 12:03:00+00:00,6,0,0.6084296107292175,0.10517872869968414,30.0,25.0,30,2026-02-03 12:00:00+00:00,4923.35,stop_loss,-25.0,down
2026-02-03 12:01:00+00:00,4924.02,4949.02,4894.02,2026-02-03 12:32:00+00:00,1,0,0.8543345928192139,0.08833090215921402,30.0,25.0,30,2026-02-03 12:25:00+00:00,4894.02,target_hit,30.0,down
2026-02-03 12:30:00+00:00,4902.45,4927.45,4872.45,2026-02-03 13:00:00+00:00,0,0,0.5173102021217346,0.09395305067300797,30.0,25.0,30,2026-02-03 13:00:00+00:00,4916.78,timeout,-14.329999999999927,down
2026-02-03 13:02:00+00:00,4909.15,4934.15,4874.28,2026-02-03 13:56:00+00:00,7,0,0.7130549550056458,0.03575867414474487,30.0,25.0,30,2026-02-03 13:28:00+00:00,4934.15,stop_loss,-25.0,down
2026-02-03 13:29:00+00:00,4935.08,4960.08,4871.22,2026-02-03 16:25:00+00:00,40,0,0.7246291637420654,0.0773184671998024,30.0,25.0,30,2026-02-03 16:16:00+00:00,4960.08,stop_loss,-25.0,down
2026-02-03 16:31:00+00:00,4966.93,4991.93,4936.93,2026-02-03 17:04:00+00:00,2,0,0.6427786350250244,0.1495162546634674,30.0,25.0,30,2026-02-03 16:38:00+00:00,4991.93,stop_loss,-25.0,down
2026-02-03 16:39:00+00:00,4991.54,5016.54,4956.24,2026-02-03 17:10:00+00:00,1,0,0.5473546981811523,0.10796631872653961,30.0,25.0,30,2026-02-03 16:53:00+00:00,4956.24,target_hit,35.30000000000018,down
2026-02-03 19:01:00+00:00,4902.62,4927.62,4856.31,2026-02-03 19:47:00+00:00,9,0,0.7428293824195862,0.08776818215847015,30.0,25.0,30,2026-02-03 19:18:00+00:00,4927.62,stop_loss,-25.0,down
2026-02-03 19:29:00+00:00,4928.36,4903.36,4958.36,2026-02-03 19:59:00+00:00,0,0,0.7154305577278137,0.5630140900611877,30.0,25.0,30,2026-02-03 19:42:00+00:00,4942.98,reverse_signal,14.61999999999989,up
2026-02-03 19:43:00+00:00,4943.02,4968.02,4907.0,2026-02-03 20:15:00+00:00,1,0,0.5078458786010742,0.4127502739429474,30.0,25.0,30,2026-02-03 19:56:00+00:00,4925.8,reverse_signal,17.220000000000255,down
2026-02-03 19:57:00+00:00,4925.56,4900.56,4985.48,2026-02-03 21:06:00+00:00,11,0,0.5091825127601624,0.6592796444892883,30.0,25.0,30,2026-02-03 20:53:00+00:00,4938.18,reverse_signal,12.61999999999989,up
2026-02-03 20:54:00+00:00,4938.32,4963.32,4908.32,2026-02-03 21:26:00+00:00,1,0,0.517504870891571,0.34508585929870605,30.0,25.0,30,2026-02-03 21:11:00+00:00,4963.32,stop_loss,-25.0,down
2026-02-04 01:11:00+00:00,5045.23,5070.23,4990.21,2026-02-04 02:16:00+00:00,7,0,0.5605018734931946,0.2108260840177536,30.0,25.0,30,2026-02-04 02:16:00+00:00,5057.38,timeout,-12.150000000000546,down
2026-02-04 14:11:00+00:00,5043.33,5068.33,5006.65,2026-02-04 14:49:00+00:00,4,0,0.5086849331855774,0.031598303467035294,30.0,25.0,30,2026-02-04 14:32:00+00:00,5006.65,target_hit,36.68000000000029,down
2026-02-04 14:33:00+00:00,5004.56,5029.56,4968.44,2026-02-04 15:07:00+00:00,4,0,0.7651702165603638,0.23433567583560944,30.0,25.0,30,2026-02-04 14:38:00+00:00,4982.33,reverse_signal,22.230000000000473,down
2026-02-04 14:39:00+00:00,4982.52,4957.52,5012.52,2026-02-04 15:11:00+00:00,1,0,0.9042526483535767,0.6092210412025452,30.0,25.0,30,2026-02-04 14:42:00+00:00,4982.4,reverse_signal,-0.12000000000080036,up
2026-02-04 14:43:00+00:00,4982.37,5007.37,4944.37,2026-02-04 15:19:00+00:00,6,0,0.9132536053657532,0.32793426513671875,30.0,25.0,30,2026-02-04 14:50:00+00:00,5007.37,stop_loss,-25.0,down
2026-02-04 14:51:00+00:00,5004.8,5029.8,4921.32,2026-02-04 16:00:00+00:00,23,0,0.9025614261627197,0.06078522279858589,30.0,25.0,30,2026-02-04 15:32:00+00:00,4925.42,reverse_signal,79.38000000000011,down
2026-02-04 16:01:00+00:00,4914.79,4939.79,4872.23,2026-02-04 16:42:00+00:00,7,0,0.8810399770736694,0.2138083428144455,30.0,25.0,30,2026-02-04 16:13:00+00:00,4939.79,stop_loss,-25.0,down
2026-02-04 16:14:00+00:00,4930.42,4955.42,4833.97,2026-02-04 17:18:00+00:00,22,0,0.8159444332122803,0.1044057235121727,30.0,25.0,30,2026-02-04 16:49:00+00:00,4871.86,reverse_signal,58.5600000000004,down
2026-02-04 16:50:00+00:00,4871.28,4846.28,4915.21,2026-02-04 17:20:00+00:00,1,0,0.6722291111946106,0.5665459036827087,30.0,25.0,30,2026-02-04 16:52:00+00:00,4896.12,reverse_signal,24.840000000000146,up
2026-02-04 16:53:00+00:00,4896.48,4921.48,4866.02,2026-02-04 17:41:00+00:00,6,0,0.9253010153770447,0.43759047985076904,30.0,25.0,30,2026-02-04 17:12:00+00:00,4921.48,stop_loss,-25.0,down
2026-02-04 17:18:00+00:00,4913.36,4938.36,4864.59,2026-02-04 17:57:00+00:00,3,0,0.8956941366195679,0.37557193636894226,30.0,25.0,30,2026-02-04 17:30:00+00:00,4925.56,reverse_signal,-12.200000000000728,down
2026-02-04 17:31:00+00:00,4925.46,4900.46,4955.46,2026-02-04 18:01:00+00:00,0,0,0.8705803751945496,0.5700384378433228,30.0,25.0,30,2026-02-04 17:36:00+00:00,4908.73,reverse_signal,-16.730000000000473,up
2026-02-04 17:37:00+00:00,4908.76,4933.76,4872.33,2026-02-04 18:17:00+00:00,3,0,0.9197988510131836,0.36464986205101013,30.0,25.0,30,2026-02-04 17:48:00+00:00,4897.04,reverse_signal,11.720000000000255,down
2026-02-04 17:49:00+00:00,4897.04,4872.04,4927.04,2026-02-04 18:19:00+00:00,0,0,0.8613221049308777,0.5588866472244263,30.0,25.0,30,2026-02-04 17:52:00+00:00,4899.78,reverse_signal,2.7399999999997817,up
2026-02-04 17:53:00+00:00,4899.77,4924.77,4843.71,2026-02-04 18:48:00+00:00,14,0,0.8544562458992004,0.36417949199676514,30.0,25.0,30,2026-02-04 18:25:00+00:00,4924.77,stop_loss,-25.0,down
2026-02-04 19:06:00+00:00,4923.87,4948.87,4893.87,2026-02-04 19:38:00+00:00,2,0,0.8182770609855652,0.21585209667682648,30.0,25.0,30,2026-02-04 19:15:00+00:00,4948.87,stop_loss,-25.0,down
2026-02-04 19:17:00+00:00,4942.25,4917.25,4983.79,2026-02-04 20:41:00+00:00,7,0,0.6487913131713867,0.6998917460441589,30.0,25.0,30,2026-02-04 20:30:00+00:00,4917.25,stop_loss,-25.0,up
2026-02-04 20:49:00+00:00,4940.42,4915.42,4975.48,2026-02-04 21:20:00+00:00,1,0,0.7469978928565979,0.6034371852874756,30.0,25.0,30,2026-02-04 21:20:00+00:00,4951.08,timeout,10.659999999999854,up
2026-02-05 01:13:00+00:00,4978.67,5003.67,4915.13,2026-02-05 01:52:00+00:00,6,0,0.7213667035102844,0.1712501347064972,30.0,25.0,30,2026-02-05 01:25:00+00:00,4943.71,reverse_signal,34.960000000000036,down
2026-02-05 01:26:00+00:00,4943.64,4918.64,4973.64,2026-02-05 01:56:00+00:00,0,0,0.9190826416015625,0.5728159546852112,30.0,25.0,30,2026-02-05 01:35:00+00:00,4973.64,target_hit,30.0,up
2026-02-05 01:36:00+00:00,4977.25,5002.25,4878.6,2026-02-05 02:45:00+00:00,10,0,0.7983371019363403,0.03920989856123924,30.0,25.0,30,2026-02-05 02:16:00+00:00,4898.1,reverse_signal,79.14999999999964,down
2026-02-05 02:17:00+00:00,4898.55,4873.55,4928.55,2026-02-05 02:47:00+00:00,0,0,0.9035900831222534,0.5596193075180054,30.0,25.0,30,2026-02-05 02:22:00+00:00,4928.55,target_hit,30.0,up
2026-02-05 02:36:00+00:00,4926.75,4951.75,4846.0,2026-02-05 03:15:00+00:00,3,0,0.923899233341217,0.06467660516500473,30.0,25.0,30,2026-02-05 02:47:00+00:00,4846.0,target_hit,80.75,down
2026-02-05 02:48:00+00:00,4842.15,4817.15,4882.98,2026-02-05 03:20:00+00:00,3,0,0.8323216438293457,0.6310056447982788,30.0,25.0,30,2026-02-05 02:51:00+00:00,4817.15,stop_loss,-25.0,up
2026-02-05 02:52:00+00:00,4816.0,4791.0,4875.65,2026-02-05 03:24:00+00:00,2,0,0.7269530296325684,0.9045373797416687,30.0,25.0,30,2026-02-05 03:00:00+00:00,4791.0,stop_loss,-25.0,up
2026-02-05 03:01:00+00:00,4795.7,4770.7,4835.67,2026-02-05 03:31:00+00:00,1,0,0.7449493408203125,0.6971992254257202,30.0,25.0,30,2026-02-05 03:03:00+00:00,4835.67,target_hit,39.970000000000255,up
2026-02-05 03:04:00+00:00,4833.17,4808.17,4884.85,2026-02-05 03:40:00+00:00,2,0,0.8254140615463257,0.8961042761802673,30.0,25.0,30,2026-02-05 03:21:00+00:00,4884.85,target_hit,51.68000000000029,up
2026-02-05 03:22:00+00:00,4880.15,4905.15,4850.15,2026-02-05 03:52:00+00:00,0,0,0.8655405640602112,0.3398216664791107,30.0,25.0,30,2026-02-05 03:30:00+00:00,4850.15,target_hit,30.0,down
2026-02-05 05:31:00+00:00,4854.33,4879.33,4804.83,2026-02-05 06:03:00+00:00,2,0,0.5981398224830627,0.19723057746887207,30.0,25.0,30,2026-02-05 05:43:00+00:00,4879.33,stop_loss,-25.0,down
2026-02-05 05:44:00+00:00,4886.79,4911.79,4856.79,2026-02-05 06:16:00+00:00,1,0,0.8789107203483582,0.1843968778848648,30.0,25.0,30,2026-02-05 06:08:00+00:00,4911.79,stop_loss,-25.0,down
2026-02-05 06:29:00+00:00,4929.17,4954.17,4899.17,2026-02-05 06:59:00+00:00,0,0,0.5809887051582336,0.14792074263095856,30.0,25.0,30,2026-02-05 06:55:00+00:00,4899.17,target_hit,30.0,down
2026-02-05 07:26:00+00:00,4931.01,4956.01,4901.01,2026-02-05 07:56:00+00:00,0,0,0.6009583473205566,0.23368169367313385,30.0,25.0,30,2026-02-05 07:41:00+00:00,4901.01,target_hit,30.0,down
2026-02-05 07:42:00+00:00,4901.02,4876.02,4931.02,2026-02-05 08:12:00+00:00,0,0,0.5046427249908447,0.6030665040016174,30.0,25.0,30,2026-02-05 08:11:00+00:00,4931.02,target_hit,30.0,up
2026-02-05 08:12:00+00:00,4936.54,4911.54,4966.54,2026-02-05 08:42:00+00:00,0,0,0.5055510997772217,0.66131192445755,30.0,25.0,30,2026-02-05 08:42:00+00:00,4920.47,timeout,-16.06999999999971,up
2026-02-05 09:06:00+00:00,4878.81,4903.81,4848.81,2026-02-05 09:36:00+00:00,0,0,0.5246555805206299,0.4275519549846649,30.0,25.0,30,2026-02-05 09:11:00+00:00,4865.86,reverse_signal,12.950000000000728,down
2026-02-05 09:12:00+00:00,4865.77,4840.77,4895.77,2026-02-05 09:42:00+00:00,0,0,0.644810676574707,0.5738507509231567,30.0,25.0,30,2026-02-05 09:16:00+00:00,4872.36,reverse_signal,6.589999999999236,up
2026-02-05 09:17:00+00:00,4872.52,4897.52,4842.52,2026-02-05 09:52:00+00:00,1,0,0.6713743209838867,0.18259969353675842,30.0,25.0,30,2026-02-05 09:52:00+00:00,4866.7,timeout,5.8200000000006185,down
2026-02-05 09:57:00+00:00,4853.06,4878.06,4823.06,2026-02-05 10:27:00+00:00,0,0,0.6055168509483337,0.4130776822566986,30.0,25.0,30,2026-02-05 10:15:00+00:00,4878.06,stop_loss,-25.0,down
2026-02-05 12:01:00+00:00,4871.2,4896.2,4808.72,2026-02-05 12:41:00+00:00,3,0,0.5026853680610657,0.027367297559976578,30.0,25.0,30,2026-02-05 12:19:00+00:00,4820.4,reverse_signal,50.80000000000018,down
2026-02-05 12:20:00+00:00,4820.38,4795.38,4856.29,2026-02-05 12:55:00+00:00,3,0,0.6712693572044373,0.6255785822868347,30.0,25.0,30,2026-02-05 12:30:00+00:00,4851.77,reverse_signal,31.390000000000327,up
2026-02-05 12:31:00+00:00,4851.71,4876.71,4821.71,2026-02-05 13:04:00+00:00,1,0,0.9218032956123352,0.3308013677597046,30.0,25.0,30,2026-02-05 12:36:00+00:00,4853.96,reverse_signal,-2.25,down
2026-02-05 12:37:00+00:00,4853.9,4828.9,4883.9,2026-02-05 13:07:00+00:00,0,0,0.8787032961845398,0.578376054763794,30.0,25.0,30,2026-02-05 12:42:00+00:00,4860.28,reverse_signal,6.380000000000109,up
2026-02-05 12:43:00+00:00,4860.48,4885.48,4830.48,2026-02-05 13:13:00+00:00,0,0,0.774232029914856,0.4060076177120209,30.0,25.0,30,2026-02-05 12:43:00+00:00,4853.44,reverse_signal,7.039999999999964,down
2026-02-05 12:44:00+00:00,4853.45,4828.45,4894.46,2026-02-05 13:18:00+00:00,3,0,0.8172810673713684,0.5678195357322693,30.0,25.0,30,2026-02-05 13:00:00+00:00,4844.29,reverse_signal,-9.159999999999854,up
2026-02-05 13:01:00+00:00,4843.54,4868.54,4813.54,2026-02-05 13:31:00+00:00,0,0,0.8206216096878052,0.40243425965309143,30.0,25.0,30,2026-02-05 13:01:00+00:00,4825.95,reverse_signal,17.590000000000146,down
2026-02-05 13:02:00+00:00,4827.6,4802.6,4857.6,2026-02-05 13:34:00+00:00,1,0,0.8674920201301575,0.580837607383728,30.0,25.0,30,2026-02-05 13:05:00+00:00,4813.26,reverse_signal,-14.340000000000146,up
2026-02-05 13:06:00+00:00,4814.87,4839.87,4784.87,2026-02-05 13:36:00+00:00,0,0,0.8665986061096191,0.4325925409793854,30.0,25.0,30,2026-02-05 13:11:00+00:00,4839.87,stop_loss,-25.0,down
2026-02-05 13:12:00+00:00,4833.29,4808.29,4863.29,2026-02-05 13:42:00+00:00,1,0,0.9012840986251831,0.6251060962677002,30.0,25.0,30,2026-02-05 13:15:00+00:00,4840.45,reverse_signal,7.1599999999998545,up
2026-02-05 13:16:00+00:00,4841.18,4866.18,4811.18,2026-02-05 13:51:00+00:00,1,0,0.9026711583137512,0.39759206771850586,30.0,25.0,30,2026-02-05 13:27:00+00:00,4856.59,reverse_signal,-15.409999999999854,down
2026-02-05 13:28:00+00:00,4856.45,4831.45,4894.24,2026-02-05 14:09:00+00:00,3,0,0.8978940844535828,0.6827338933944702,30.0,25.0,30,2026-02-05 13:40:00+00:00,4844.08,reverse_signal,-12.36999999999989,up
2026-02-05 13:41:00+00:00,4844.33,4869.33,4783.87,2026-02-05 15:20:00+00:00,33,0,0.9204344153404236,0.1767055094242096,30.0,25.0,30,2026-02-05 14:51:00+00:00,4869.33,stop_loss,-25.0,down
2026-02-05 14:52:00+00:00,4867.1,4892.1,4770.64,2026-02-05 17:19:00+00:00,51,0,0.6362046003341675,0.16606564819812775,30.0,25.0,30,2026-02-05 16:50:00+00:00,4892.1,stop_loss,-25.0,down
2026-02-05 18:25:00+00:00,4865.07,4890.07,4835.07,2026-02-05 18:57:00+00:00,1,0,0.5344841480255127,0.024499326944351196,30.0,25.0,30,2026-02-05 18:57:00+00:00,4853.61,timeout,11.460000000000036,down
2026-02-05 19:08:00+00:00,4864.81,4889.81,4834.81,2026-02-05 19:38:00+00:00,0,0,0.6058995723724365,0.09119399636983871,30.0,25.0,30,2026-02-05 19:33:00+00:00,4834.81,target_hit,30.0,down
2026-02-05 19:34:00+00:00,4832.0,4857.0,4802.0,2026-02-05 20:06:00+00:00,1,0,0.5789839029312134,0.26228195428848267,30.0,25.0,30,2026-02-05 20:06:00+00:00,4825.56,timeout,6.4399999999996,down
2026-02-05 21:35:00+00:00,4768.91,4743.91,4803.38,2026-02-05 22:12:00+00:00,2,0,0.7298252582550049,0.804050087928772,30.0,25.0,30,2026-02-05 23:01:00+00:00,4761.6,timeout,-7.309999999999491,up
2026-02-05 23:50:00+00:00,4715.46,4690.46,4747.28,2026-02-06 00:30:00+00:00,3,0,0.9024547934532166,0.839820384979248,30.0,25.0,30,2026-02-06 00:03:00+00:00,4690.46,stop_loss,-25.0,up
2026-02-06 01:01:00+00:00,4745.42,4720.42,4775.42,2026-02-06 01:31:00+00:00,0,0,0.7328181862831116,0.8517073392868042,30.0,25.0,30,2026-02-06 01:01:00+00:00,4720.42,stop_loss,-25.0,up
2026-02-06 01:02:00+00:00,4718.47,4693.47,4780.83,2026-02-06 01:53:00+00:00,9,0,0.8447320461273193,0.8883082866668701,30.0,25.0,30,2026-02-06 01:53:00+00:00,4761.41,timeout,42.9399999999996,up
2026-02-06 02:31:00+00:00,4825.47,4850.47,4792.69,2026-02-06 03:34:00+00:00,4,0,0.7607507109642029,0.21154241263866425,30.0,25.0,30,2026-02-06 03:34:00+00:00,4819.44,timeout,6.030000000000655,down
2026-02-06 06:00:00+00:00,4897.35,4922.35,4867.35,2026-02-06 06:30:00+00:00,0,0,0.5226065516471863,0.15093018114566803,30.0,25.0,30,2026-02-06 06:13:00+00:00,4867.35,target_hit,30.0,down
2026-02-06 08:01:00+00:00,4831.95,4856.95,4801.95,2026-02-06 08:31:00+00:00,0,0,0.5631561875343323,0.22978128492832184,30.0,25.0,30,2026-02-06 08:15:00+00:00,4856.95,stop_loss,-25.0,down
2026-02-06 14:21:00+00:00,4915.31,4940.31,4875.26,2026-02-06 15:02:00+00:00,2,0,0.5821280479431152,0.07265935838222504,30.0,25.0,30,2026-02-06 14:37:00+00:00,4940.31,stop_loss,-25.0,down
2026-02-06 14:38:00+00:00,4945.44,4970.44,4906.05,2026-02-06 16:15:00+00:00,16,0,0.6666150093078613,0.0444800890982151,30.0,25.0,30,2026-02-06 16:15:00+00:00,4937.56,timeout,7.8799999999992,down
2026-02-08 23:26:00+00:00,5009.0,4984.0,5072.25,2026-02-09 00:07:00+00:00,6,0,0.7426090836524963,0.8780952095985413,30.0,25.0,30,2026-02-09 00:07:00+00:00,5040.2,timeout,31.199999999999818,up
2026-02-09 01:09:00+00:00,5019.58,5044.58,4989.58,2026-02-09 01:39:00+00:00,0,0,0.5741704106330872,0.2266773283481598,30.0,25.0,30,2026-02-09 01:36:00+00:00,4989.58,target_hit,30.0,down
2026-02-09 01:37:00+00:00,4986.63,5011.63,4956.63,2026-02-09 02:07:00+00:00,0,0,0.8762128949165344,0.06670378893613815,30.0,25.0,30,2026-02-09 01:45:00+00:00,5011.63,stop_loss,-25.0,down
2026-02-09 23:24:00+00:00,5011.56,5036.56,4981.56,2026-02-10 00:00:00+00:00,1,0,0.6985631585121155,0.11754181981086731,30.0,25.0,30,2026-02-09 23:43:00+00:00,5036.56,stop_loss,-25.0,down
2026-02-12 18:01:00+00:00,4934.89,4909.89,4964.89,2026-02-12 18:31:00+00:00,0,0,0.6019840836524963,0.6829844117164612,30.0,25.0,30,2026-02-12 18:02:00+00:00,4939.37,reverse_signal,4.479999999999563,up
2026-02-12 18:03:00+00:00,4939.3,4964.3,4878.16,2026-02-12 19:15:00+00:00,19,0,0.7776725888252258,0.27997004985809326,30.0,25.0,30,2026-02-12 19:15:00+00:00,4935.2,timeout,4.100000000000364,down
2026-02-13 14:42:00+00:00,4966.35,4991.35,4936.35,2026-02-13 15:12:00+00:00,0,0,0.5494956970214844,0.20306766033172607,30.0,25.0,30,2026-02-13 14:44:00+00:00,4991.35,stop_loss,-25.0,down
2026-02-13 14:46:00+00:00,4998.13,5023.13,4968.13,2026-02-13 15:31:00+00:00,3,0,0.5316100716590881,0.06006745249032974,30.0,25.0,30,2026-02-13 15:31:00+00:00,5008.93,timeout,-10.800000000000182,down
2026-02-17 05:33:00+00:00,4872.4,4847.4,4908.98,2026-02-17 06:03:00+00:00,1,0,0.7144565582275391,0.704271674156189,30.0,25.0,30,2026-02-17 06:03:00+00:00,4891.58,timeout,19.18000000000029,up
2026-02-17 13:59:00+00:00,4876.5,4851.5,4906.5,2026-02-17 14:30:00+00:00,1,0,0.6000272035598755,0.72662752866745,30.0,25.0,30,2026-02-17 14:01:00+00:00,4851.5,stop_loss,-25.0,up
2026-02-17 15:01:00+00:00,4853.79,4878.79,4822.8,2026-02-17 15:46:00+00:00,6,0,0.8752046227455139,0.22882182896137238,30.0,25.0,30,2026-02-17 15:19:00+00:00,4874.7,reverse_signal,-20.909999999999854,down
2026-02-17 15:20:00+00:00,4874.54,4849.54,4904.54,2026-02-17 15:50:00+00:00,0,0,0.5873259902000427,0.5632138848304749,30.0,25.0,30,2026-02-17 15:27:00+00:00,4865.54,reverse_signal,-9.0,up
2026-02-17 15:28:00+00:00,4865.56,4890.56,4823.85,2026-02-17 16:20:00+00:00,5,0,0.6706491112709045,0.4362419545650482,30.0,25.0,30,2026-02-17 16:07:00+00:00,4890.56,stop_loss,-25.0,down
2026-02-18 19:29:00+00:00,4980.71,5005.71,4950.71,2026-02-18 19:59:00+00:00,0,0,0.5034228563308716,0.22506292164325714,30.0,25.0,30,2026-02-18 19:59:00+00:00,4981.06,timeout,-0.3500000000003638,down
2026-02-20 15:04:00+00:00,5019.08,5044.08,4989.08,2026-02-20 15:34:00+00:00,1,0,0.6014062166213989,0.3962637186050415,30.0,25.0,30,2026-02-20 15:05:00+00:00,5013.98,reverse_signal,5.100000000000364,down
2026-02-20 15:06:00+00:00,5013.56,4988.56,5043.56,2026-02-20 15:36:00+00:00,1,0,0.5636419653892517,0.5586084723472595,30.0,25.0,30,2026-02-20 15:07:00+00:00,5009.13,reverse_signal,-4.430000000000291,up
2026-02-20 15:08:00+00:00,5008.11,5033.11,4978.11,2026-02-20 15:40:00+00:00,1,0,0.6264011859893799,0.3430830240249634,30.0,25.0,30,2026-02-20 15:16:00+00:00,5033.11,stop_loss,-25.0,down
2026-02-20 15:25:00+00:00,5024.17,5049.17,4994.17,2026-02-20 15:55:00+00:00,0,0,0.5687704086303711,0.33154118061065674,30.0,25.0,30,2026-02-20 15:45:00+00:00,5049.17,stop_loss,-25.0,down
2026-02-24 01:04:00+00:00,5207.42,5232.42,5127.77,2026-02-24 01:45:00+00:00,8,0,0.6170163750648499,0.17183533310890198,30.0,25.0,30,2026-02-24 01:16:00+00:00,5148.53,reverse_signal,58.89000000000033,down
2026-02-24 01:17:00+00:00,5148.04,5123.04,5199.05,2026-02-24 02:10:00+00:00,12,0,0.6628872156143188,0.6697000861167908,30.0,25.0,30,2026-02-24 02:10:00+00:00,5168.24,timeout,20.199999999999818,up
2026-02-24 15:06:00+00:00,5131.17,5156.17,5101.17,2026-02-24 15:36:00+00:00,0,0,0.5121148228645325,0.06222487613558769,30.0,25.0,30,2026-02-24 15:36:00+00:00,5141.84,timeout,-10.670000000000073,down
2026-03-01 23:05:00+00:00,5358.2,5333.2,5398.42,2026-03-01 23:36:00+00:00,2,0,0.7886742949485779,0.8291985392570496,30.0,25.0,30,2026-03-01 23:07:00+00:00,5333.2,stop_loss,-25.0,up
2026-03-01 23:09:00+00:00,5345.78,5320.78,5386.51,2026-03-01 23:50:00+00:00,7,0,0.7465065121650696,0.7947813272476196,30.0,25.0,30,2026-03-01 23:41:00+00:00,5386.51,target_hit,40.73000000000047,up
2026-03-02 01:01:00+00:00,5342.79,5367.79,5277.06,2026-03-02 02:00:00+00:00,10,0,0.542088508605957,0.08394630998373032,30.0,25.0,30,2026-03-02 02:00:00+00:00,5330.83,timeout,11.960000000000036,down
2026-03-02 14:26:00+00:00,5329.73,5304.73,5368.44,2026-03-02 15:07:00+00:00,9,0,0.7460306286811829,0.7594772577285767,30.0,25.0,30,2026-03-02 14:38:00+00:00,5344.46,reverse_signal,14.730000000000473,up
2026-03-02 14:39:00+00:00,5344.4,5369.4,5300.81,2026-03-02 15:42:00+00:00,3,0,0.7204603552818298,0.33245137333869934,30.0,25.0,30,2026-03-02 15:42:00+00:00,5339.55,timeout,4.849999999999454,down
2026-03-03 01:57:00+00:00,5343.88,5318.88,5373.88,2026-03-03 02:27:00+00:00,0,0,0.5271157026290894,0.6315534710884094,30.0,25.0,30,2026-03-03 02:00:00+00:00,5334.4,reverse_signal,-9.480000000000473,up
2026-03-03 02:01:00+00:00,5334.46,5359.46,5304.46,2026-03-03 02:38:00+00:00,2,0,0.6206404566764832,0.4167698323726654,30.0,25.0,30,2026-03-03 02:29:00+00:00,5359.46,stop_loss,-25.0,down
2026-03-03 09:26:00+00:00,5248.27,5273.27,5210.48,2026-03-03 10:11:00+00:00,8,0,0.7886278629302979,0.25205931067466736,30.0,25.0,30,2026-03-03 09:52:00+00:00,5273.27,stop_loss,-25.0,down
2026-03-03 10:06:00+00:00,5278.69,5303.69,5206.66,2026-03-03 11:36:00+00:00,11,0,0.5735553503036499,0.05568412318825722,30.0,25.0,30,2026-03-03 11:07:00+00:00,5206.66,target_hit,72.02999999999975,down
2026-03-03 11:08:00+00:00,5213.05,5238.05,5158.67,2026-03-03 11:38:00+00:00,1,0,0.8253109455108643,0.1838475614786148,30.0,25.0,30,2026-03-03 11:09:00+00:00,5171.71,reverse_signal,41.340000000000146,down
2026-03-03 11:10:00+00:00,5171.67,5146.67,5201.67,2026-03-03 11:40:00+00:00,0,0,0.8273174166679382,0.5511952638626099,30.0,25.0,30,2026-03-03 11:10:00+00:00,5197.94,reverse_signal,26.269999999999527,up
2026-03-03 11:11:00+00:00,5197.97,5222.97,5149.7,2026-03-03 11:56:00+00:00,11,0,0.811019778251648,0.25188595056533813,30.0,25.0,30,2026-03-03 11:28:00+00:00,5152.42,reverse_signal,45.55000000000018,down
2026-03-03 11:29:00+00:00,5152.54,5127.54,5182.54,2026-03-03 11:59:00+00:00,0,0,0.7921075820922852,0.6674562096595764,30.0,25.0,30,2026-03-03 11:29:00+00:00,5127.54,stop_loss,-25.0,up
2026-03-03 11:30:00+00:00,5127.66,5102.66,5157.66,2026-03-03 12:00:00+00:00,0,0,0.8425827622413635,0.808209240436554,30.0,25.0,30,2026-03-03 11:31:00+00:00,5102.66,stop_loss,-25.0,up
2026-03-03 11:32:00+00:00,5102.86,5077.86,5132.86,2026-03-03 12:02:00+00:00,0,0,0.7997612953186035,0.591005265712738,30.0,25.0,30,2026-03-03 11:32:00+00:00,5077.86,stop_loss,-25.0,up
2026-03-03 11:33:00+00:00,5080.52,5055.52,5166.55,2026-03-03 12:07:00+00:00,3,0,0.6496280431747437,0.6181138753890991,30.0,25.0,30,2026-03-03 11:40:00+00:00,5130.77,reverse_signal,50.25,up
2026-03-03 11:41:00+00:00,5131.08,5156.08,5101.08,2026-03-03 12:11:00+00:00,0,0,0.6644670367240906,0.38706910610198975,30.0,25.0,30,2026-03-03 11:41:00+00:00,5109.54,reverse_signal,21.539999999999964,down
2026-03-03 11:42:00+00:00,5109.65,5084.65,5144.86,2026-03-03 12:13:00+00:00,1,0,0.5795177221298218,0.5713368058204651,30.0,25.0,30,2026-03-03 11:44:00+00:00,5124.91,reverse_signal,15.260000000000218,up
2026-03-03 11:45:00+00:00,5124.99,5149.99,5094.99,2026-03-03 12:17:00+00:00,2,0,0.8269079923629761,0.3820314407348633,30.0,25.0,30,2026-03-03 11:48:00+00:00,5149.99,stop_loss,-25.0,down
2026-03-03 11:49:00+00:00,5149.21,5174.21,5110.08,2026-03-03 12:36:00+00:00,11,0,0.6725590229034424,0.26024654507637024,30.0,25.0,30,2026-03-03 12:07:00+00:00,5174.21,stop_loss,-25.0,down
2026-03-03 12:08:00+00:00,5174.22,5199.22,5144.22,2026-03-03 12:50:00+00:00,8,0,0.6482118964195251,0.13422203063964844,30.0,25.0,30,2026-03-03 12:24:00+00:00,5199.22,stop_loss,-25.0,down
2026-03-03 12:27:00+00:00,5202.62,5227.62,5139.42,2026-03-03 13:36:00+00:00,13,0,0.5940735936164856,0.11648255586624146,30.0,25.0,30,2026-03-03 13:07:00+00:00,5160.29,reverse_signal,42.32999999999993,down
2026-03-03 13:08:00+00:00,5159.4,5134.4,5189.4,2026-03-03 13:40:00+00:00,1,0,0.8418543338775635,0.5798312425613403,30.0,25.0,30,2026-03-03 13:11:00+00:00,5167.5,reverse_signal,8.100000000000364,up
2026-03-03 13:12:00+00:00,5167.69,5192.69,5103.07,2026-03-03 14:47:00+00:00,34,0,0.7645798921585083,0.43826574087142944,30.0,25.0,30,2026-03-03 14:19:00+00:00,5141.65,reverse_signal,26.039999999999964,down
2026-03-03 15:01:00+00:00,5051.58,5026.58,5090.75,2026-03-03 15:34:00+00:00,3,0,0.6236333250999451,0.9009097814559937,30.0,25.0,30,2026-03-03 15:05:00+00:00,5026.58,stop_loss,-25.0,up
2026-03-03 15:06:00+00:00,5047.42,5022.42,5086.65,2026-03-03 15:45:00+00:00,8,0,0.6881814002990723,0.783330500125885,30.0,25.0,30,2026-03-03 15:16:00+00:00,5022.42,stop_loss,-25.0,up
2026-03-03 15:17:00+00:00,5008.64,4983.64,5145.61,2026-03-03 16:57:00+00:00,22,0,0.8008542060852051,0.8784013390541077,30.0,25.0,30,2026-03-03 16:36:00+00:00,5128.19,reverse_signal,119.54999999999927,up
2026-03-03 16:37:00+00:00,5128.22,5153.22,5079.7,2026-03-03 17:23:00+00:00,4,0,0.5624992251396179,0.3930104374885559,30.0,25.0,30,2026-03-03 16:55:00+00:00,5107.44,reverse_signal,20.780000000000655,down
2026-03-03 16:56:00+00:00,5107.83,5082.83,5137.83,2026-03-03 17:26:00+00:00,0,0,0.6344116926193237,0.6189106106758118,30.0,25.0,30,2026-03-03 17:00:00+00:00,5098.02,reverse_signal,-9.80999999999949,up
2026-03-03 19:17:00+00:00,5109.77,5134.77,5068.6,2026-03-03 21:25:00+00:00,28,0,0.5913609862327576,0.07651630789041519,30.0,25.0,30,2026-03-03 21:25:00+00:00,5097.27,timeout,12.5,down
2026-03-04 14:49:00+00:00,5144.58,5169.58,5104.94,2026-03-04 15:45:00+00:00,4,0,0.5515393018722534,0.3688125014305115,30.0,25.0,30,2026-03-04 15:45:00+00:00,5142.13,timeout,2.449999999999818,down
2026-03-05 14:40:00+00:00,5098.22,5123.22,5030.73,2026-03-05 15:58:00+00:00,13,0,0.5932796597480774,0.2774372398853302,30.0,25.0,30,2026-03-05 15:58:00+00:00,5097.72,timeout,0.5,down
2026-03-06 15:04:00+00:00,5145.35,5170.35,5115.26,2026-03-06 15:50:00+00:00,8,0,0.6887131333351135,0.3913739323616028,30.0,25.0,30,2026-03-06 15:26:00+00:00,5170.35,stop_loss,-25.0,down
2026-03-08 22:08:00+00:00,5143.75,5168.75,5107.16,2026-03-08 22:38:00+00:00,1,0,0.6234531998634338,0.41325169801712036,30.0,25.0,30,2026-03-08 22:10:00+00:00,5168.75,stop_loss,-25.0,down
2026-03-08 22:16:00+00:00,5144.16,5169.16,4989.54,2026-03-09 01:52:00+00:00,58,0,0.6330202221870422,0.3482559323310852,30.0,25.0,30,2026-03-09 01:52:00+00:00,5071.95,timeout,72.21000000000004,down
2026-03-12 20:34:00+00:00,5067.72,5092.72,5037.72,2026-03-12 21:04:00+00:00,0,0,0.5203384757041931,0.2250169813632965,30.0,25.0,30,2026-03-12 22:01:00+00:00,5075.06,timeout,-7.3400000000001455,down
2026-03-13 16:03:00+00:00,5027.18,5052.18,4997.18,2026-03-13 16:33:00+00:00,1,0,0.6679862141609192,0.3746848702430725,30.0,25.0,30,2026-03-13 16:33:00+00:00,5047.22,timeout,-20.039999999999964,down
2026-03-15 23:23:00+00:00,4977.09,5002.09,4947.09,2026-03-15 23:54:00+00:00,2,0,0.5914933681488037,0.13234943151474,30.0,25.0,30,2026-03-15 23:54:00+00:00,4986.15,timeout,-9.05999999999949,down
2026-03-16 01:14:00+00:00,4994.52,5019.52,4956.79,2026-03-16 01:53:00+00:00,3,0,0.6977816820144653,0.22832854092121124,30.0,25.0,30,2026-03-16 01:53:00+00:00,5005.95,timeout,-11.429999999999382,down
2026-03-17 06:03:00+00:00,5012.03,5037.03,4982.03,2026-03-17 06:33:00+00:00,0,0,0.5150863528251648,0.175296813249588,30.0,25.0,30,2026-03-17 06:33:00+00:00,5015.12,timeout,-3.0900000000001455,down
2026-03-18 12:13:00+00:00,4910.49,4935.49,4877.01,2026-03-18 12:43:00+00:00,1,0,0.6474940776824951,0.21240368485450745,30.0,25.0,30,2026-03-18 12:16:00+00:00,4903.19,reverse_signal,7.300000000000182,down
2026-03-18 12:17:00+00:00,4903.28,4878.28,4933.28,2026-03-18 12:47:00+00:00,0,0,0.5746878981590271,0.5645124912261963,30.0,25.0,30,2026-03-18 12:19:00+00:00,4905.19,reverse_signal,1.9099999999998545,up
2026-03-18 12:20:00+00:00,4905.25,4930.25,4865.69,2026-03-18 12:56:00+00:00,4,0,0.6325258016586304,0.22231397032737732,30.0,25.0,30,2026-03-18 12:32:00+00:00,4889.7,reverse_signal,15.550000000000182,down
2026-03-18 12:33:00+00:00,4889.67,4864.67,4919.67,2026-03-18 13:07:00+00:00,1,0,0.7335399985313416,0.6510530114173889,30.0,25.0,30,2026-03-18 12:40:00+00:00,4888.72,reverse_signal,-0.9499999999998181,up
2026-03-18 12:41:00+00:00,4888.71,4913.71,4858.71,2026-03-18 13:11:00+00:00,0,0,0.529369056224823,0.3033338189125061,30.0,25.0,30,2026-03-18 12:42:00+00:00,4880.26,reverse_signal,8.449999999999818,down
2026-03-18 12:43:00+00:00,4880.3,4855.3,4910.3,2026-03-18 13:13:00+00:00,0,0,0.5676186680793762,0.5799022316932678,30.0,25.0,30,2026-03-18 12:55:00+00:00,4884.18,reverse_signal,3.880000000000109,up
2026-03-18 12:56:00+00:00,4884.2,4909.2,4849.76,2026-03-18 13:27:00+00:00,1,0,0.5786610245704651,0.2147107869386673,30.0,25.0,30,2026-03-18 13:00:00+00:00,4861.71,reverse_signal,22.48999999999978,down
2026-03-18 22:22:00+00:00,4806.88,4831.88,4776.88,2026-03-18 22:52:00+00:00,0,0,0.5870296359062195,0.06386760622262955,30.0,25.0,30,2026-03-18 22:47:00+00:00,4831.88,stop_loss,-25.0,down
2026-03-19 06:38:00+00:00,4795.98,4820.98,4765.98,2026-03-19 07:08:00+00:00,0,0,0.5062956809997559,0.10240156948566437,30.0,25.0,30,2026-03-19 06:47:00+00:00,4765.98,target_hit,30.0,down
2026-03-19 06:51:00+00:00,4752.77,4727.77,4794.13,2026-03-19 07:27:00+00:00,1,0,0.6414306163787842,0.8295280337333679,30.0,25.0,30,2026-03-19 07:27:00+00:00,4761.32,timeout,8.549999999999272,up
2026-03-19 07:45:00+00:00,4739.46,4764.46,4701.43,2026-03-19 08:30:00+00:00,2,0,0.5390511751174927,0.21131908893585205,30.0,25.0,30,2026-03-19 08:14:00+00:00,4701.43,target_hit,38.029999999999745,down
2026-03-19 08:23:00+00:00,4733.51,4758.51,4674.86,2026-03-19 09:06:00+00:00,6,0,0.5159445405006409,0.07821398973464966,30.0,25.0,30,2026-03-19 08:38:00+00:00,4714.65,reverse_signal,18.860000000000582,down
2026-03-19 08:39:00+00:00,4714.62,4689.62,4744.62,2026-03-19 09:11:00+00:00,3,0,0.6552302837371826,0.5808002352714539,30.0,25.0,30,2026-03-19 08:42:00+00:00,4689.62,stop_loss,-25.0,up
2026-03-19 08:43:00+00:00,4691.85,4666.85,4727.44,2026-03-19 09:15:00+00:00,2,0,0.751232385635376,0.6833299994468689,30.0,25.0,30,2026-03-19 08:47:00+00:00,4711.52,reverse_signal,19.670000000000073,up
2026-03-19 08:48:00+00:00,4711.51,4736.51,4666.96,2026-03-19 09:40:00+00:00,7,0,0.7168911099433899,0.41041573882102966,30.0,25.0,30,2026-03-19 09:13:00+00:00,4689.12,reverse_signal,22.390000000000327,down
2026-03-19 09:14:00+00:00,4689.1,4664.1,4747.54,2026-03-19 09:54:00+00:00,4,0,0.6204234957695007,0.6513215899467468,30.0,25.0,30,2026-03-19 09:30:00+00:00,4712.33,reverse_signal,23.229999999999563,up
2026-03-19 09:31:00+00:00,4712.32,4737.32,4638.58,2026-03-19 11:23:00+00:00,26,0,0.7200581431388855,0.22484618425369263,30.0,25.0,30,2026-03-19 10:54:00+00:00,4678.79,reverse_signal,33.529999999999745,down
2026-03-19 11:02:00+00:00,4692.37,4667.37,4727.42,2026-03-19 12:11:00+00:00,16,0,0.6722803711891174,0.6936835646629333,30.0,25.0,30,2026-03-19 11:42:00+00:00,4667.37,stop_loss,-25.0,up
2026-03-19 11:43:00+00:00,4660.72,4635.72,4697.71,2026-03-19 12:18:00+00:00,2,0,0.7688974142074585,0.6165704727172852,30.0,25.0,30,2026-03-19 11:55:00+00:00,4655.94,reverse_signal,-4.780000000000655,up
2026-03-19 11:56:00+00:00,4655.52,4680.52,4609.8,2026-03-19 12:32:00+00:00,3,0,0.6492409110069275,0.40524205565452576,30.0,25.0,30,2026-03-19 12:03:00+00:00,4627.63,reverse_signal,27.890000000000327,down
2026-03-19 12:04:00+00:00,4627.76,4602.76,4657.76,2026-03-19 12:34:00+00:00,0,0,0.7314438223838806,0.5858747363090515,30.0,25.0,30,2026-03-19 12:04:00+00:00,4630.55,reverse_signal,2.7899999999999636,up
2026-03-19 12:05:00+00:00,4630.59,4655.59,4570.0,2026-03-19 13:10:00+00:00,18,0,0.6813174486160278,0.42143067717552185,30.0,25.0,30,2026-03-19 12:43:00+00:00,4576.32,reverse_signal,54.27000000000044,down
2026-03-19 12:44:00+00:00,4576.4,4551.4,4606.4,2026-03-19 13:14:00+00:00,1,0,0.8935306668281555,0.8301714658737183,30.0,25.0,30,2026-03-19 12:45:00+00:00,4551.4,stop_loss,-25.0,up
2026-03-19 12:46:00+00:00,4551.77,4526.77,4588.47,2026-03-19 13:19:00+00:00,3,0,0.7931759357452393,0.8327639102935791,30.0,25.0,30,2026-03-19 12:51:00+00:00,4564.9,reverse_signal,13.1299999999992,up
2026-03-19 12:52:00+00:00,4564.23,4589.23,4523.1,2026-03-19 13:30:00+00:00,4,0,0.8901936411857605,0.39703065156936646,30.0,25.0,30,2026-03-19 13:01:00+00:00,4524.98,reverse_signal,39.25,down
2026-03-19 13:02:00+00:00,4524.69,4499.69,4592.07,2026-03-19 13:44:00+00:00,12,0,0.8975557684898376,0.812343955039978,30.0,25.0,30,2026-03-19 13:15:00+00:00,4531.85,reverse_signal,7.160000000000764,up
2026-03-19 13:16:00+00:00,4531.87,4556.87,4501.87,2026-03-19 13:46:00+00:00,0,0,0.913682222366333,0.43269670009613037,30.0,25.0,30,2026-03-19 13:16:00+00:00,4549.13,reverse_signal,-17.26000000000022,down
2026-03-19 13:17:00+00:00,4549.21,4524.21,4606.48,2026-03-19 13:59:00+00:00,8,0,0.9050346612930298,0.6372663378715515,30.0,25.0,30,2026-03-19 13:30:00+00:00,4569.54,reverse_signal,20.329999999999927,up
2026-03-19 13:31:00+00:00,4569.47,4594.47,4533.35,2026-03-19 14:09:00+00:00,7,0,0.9072358012199402,0.3725932538509369,30.0,25.0,30,2026-03-19 13:41:00+00:00,4563.43,reverse_signal,6.039999999999964,down
2026-03-19 13:42:00+00:00,4563.37,4538.37,4667.03,2026-03-19 14:30:00+00:00,9,0,0.9079801440238953,0.5891163349151611,30.0,25.0,30,2026-03-19 14:04:00+00:00,4625.92,reverse_signal,62.55000000000018,up
2026-03-19 17:07:00+00:00,4591.15,4616.15,4553.2,2026-03-19 18:00:00+00:00,6,0,0.5008878707885742,0.21867424249649048,30.0,25.0,30,2026-03-19 17:31:00+00:00,4616.15,stop_loss,-25.0,down
2026-03-19 17:33:00+00:00,4613.07,4638.07,4578.06,2026-03-19 18:47:00+00:00,7,0,0.5124254822731018,0.18725360929965973,30.0,25.0,30,2026-03-19 18:47:00+00:00,4611.91,timeout,1.1599999999998545,down
2026-03-19 20:01:00+00:00,4646.94,4671.94,4616.94,2026-03-19 20:31:00+00:00,0,0,0.8115025162696838,0.2323053926229477,30.0,25.0,30,2026-03-19 20:05:00+00:00,4653.7,reverse_signal,-6.760000000000218,down
2026-03-19 20:06:00+00:00,4653.68,4628.68,4683.68,2026-03-19 20:36:00+00:00,0,0,0.6588311195373535,0.595360517501831,30.0,25.0,30,2026-03-19 20:36:00+00:00,4656.16,timeout,2.4799999999995634,up
2026-03-20 01:12:00+00:00,4658.55,4683.55,4621.0,2026-03-20 01:51:00+00:00,4,0,0.6614686846733093,0.3630202114582062,30.0,25.0,30,2026-03-20 01:40:00+00:00,4683.55,stop_loss,-25.0,down
2026-03-20 05:58:00+00:00,4689.4,4714.4,4659.4,2026-03-20 06:28:00+00:00,0,0,0.508736789226532,0.42841967940330505,30.0,25.0,30,2026-03-20 06:28:00+00:00,4681.56,timeout,7.839999999999236,down
2026-03-20 11:04:00+00:00,4656.73,4681.73,4626.73,2026-03-20 11:34:00+00:00,0,0,0.5084892511367798,0.3341074585914612,30.0,25.0,30,2026-03-20 11:34:00+00:00,4667.2,timeout,-10.470000000000255,down
2026-03-20 14:09:00+00:00,4601.23,4576.23,4631.23,2026-03-20 14:44:00+00:00,2,0,0.5133419632911682,0.6691551804542542,30.0,25.0,30,2026-03-20 14:15:00+00:00,4576.23,stop_loss,-25.0,up
2026-03-20 14:16:00+00:00,4579.36,4554.36,4609.36,2026-03-20 14:55:00+00:00,8,0,0.764266312122345,0.874294102191925,30.0,25.0,30,2026-03-20 14:27:00+00:00,4554.36,stop_loss,-25.0,up
2026-03-20 14:28:00+00:00,4555.46,4530.46,4610.79,2026-03-20 16:33:00+00:00,40,0,0.753147304058075,0.9480104446411133,30.0,25.0,30,2026-03-20 16:20:00+00:00,4610.79,target_hit,55.32999999999993,up
2026-03-20 18:56:00+00:00,4485.67,4460.67,4543.19,2026-03-20 19:37:00+00:00,7,0,0.5806326866149902,0.8627803325653076,30.0,25.0,30,2026-03-20 19:08:00+00:00,4501.67,reverse_signal,16.0,up
2026-03-20 19:09:00+00:00,4501.42,4526.42,4464.74,2026-03-20 19:50:00+00:00,5,0,0.7666328549385071,0.4161019027233124,30.0,25.0,30,2026-03-20 19:50:00+00:00,4509.92,timeout,-8.5,down
2026-03-20 20:06:00+00:00,4496.61,4471.61,4532.21,2026-03-20 20:39:00+00:00,1,0,0.5033056139945984,0.8216065764427185,30.0,25.0,30,2026-03-20 20:39:00+00:00,4502.71,timeout,6.100000000000364,up
2026-03-22 22:02:00+00:00,4477.15,4502.15,4426.92,2026-03-22 22:36:00+00:00,4,0,0.6244319677352905,0.2013050615787506,30.0,25.0,30,2026-03-22 22:07:00+00:00,4502.15,stop_loss,-25.0,down
2026-03-22 22:08:00+00:00,4505.62,4480.62,4535.62,2026-03-22 22:41:00+00:00,1,0,0.6505645513534546,0.5758745074272156,30.0,25.0,30,2026-03-22 22:18:00+00:00,4516.1,reverse_signal,10.480000000000473,up
2026-03-22 22:19:00+00:00,4516.48,4541.48,4486.48,2026-03-22 22:58:00+00:00,3,0,0.8234143853187561,0.3642253577709198,30.0,25.0,30,2026-03-22 22:29:00+00:00,4524.82,reverse_signal,-8.340000000000146,down
2026-03-22 22:30:00+00:00,4525.03,4500.03,4555.03,2026-03-22 23:02:00+00:00,1,0,0.8392883539199829,0.5839604139328003,30.0,25.0,30,2026-03-22 22:36:00+00:00,4506.79,reverse_signal,-18.23999999999978,up
2026-03-22 22:37:00+00:00,4507.1,4532.1,4461.6,2026-03-22 23:43:00+00:00,8,0,0.7749099135398865,0.3771602511405945,30.0,25.0,30,2026-03-22 23:43:00+00:00,4489.67,timeout,17.43000000000029,down
2026-03-22 23:49:00+00:00,4461.04,4486.04,4425.75,2026-03-23 00:30:00+00:00,4,0,0.6081139445304871,0.4363369643688202,30.0,25.0,30,2026-03-23 00:03:00+00:00,4436.18,reverse_signal,24.859999999999673,down
2026-03-23 01:01:00+00:00,4345.42,4320.42,4454.61,2026-03-23 01:45:00+00:00,10,0,0.8733031749725342,0.9759519100189209,30.0,25.0,30,2026-03-23 01:18:00+00:00,4430.52,reverse_signal,85.10000000000036,up
2026-03-23 01:19:00+00:00,4430.44,4455.44,4400.44,2026-03-23 01:49:00+00:00,0,0,0.7688114047050476,0.4457411766052246,30.0,25.0,30,2026-03-23 01:20:00+00:00,4422.69,reverse_signal,7.75,down
2026-03-23 01:21:00+00:00,4423.27,4398.27,4453.27,2026-03-23 01:51:00+00:00,0,0,0.8072623014450073,0.8747369050979614,30.0,25.0,30,2026-03-23 01:22:00+00:00,4442.52,reverse_signal,19.25,up
2026-03-23 01:23:00+00:00,4442.56,4467.56,4408.63,2026-03-23 01:53:00+00:00,1,0,0.7590005993843079,0.3357011079788208,30.0,25.0,30,2026-03-23 01:24:00+00:00,4432.37,reverse_signal,10.19000000000051,down
2026-03-23 01:25:00+00:00,4432.31,4407.31,4462.31,2026-03-23 01:55:00+00:00,1,0,0.7700724601745605,0.5731701850891113,30.0,25.0,30,2026-03-23 01:31:00+00:00,4445.08,reverse_signal,12.769999999999527,up
2026-03-23 01:32:00+00:00,4444.81,4469.81,4400.48,2026-03-23 02:15:00+00:00,8,0,0.7704839110374451,0.2611011266708374,30.0,25.0,30,2026-03-23 01:48:00+00:00,4418.16,reverse_signal,26.650000000000546,down
2026-03-23 01:49:00+00:00,4418.35,4393.35,4448.35,2026-03-23 02:24:00+00:00,5,0,0.6053360104560852,0.6420937180519104,30.0,25.0,30,2026-03-23 01:57:00+00:00,4393.35,stop_loss,-25.0,up
2026-03-23 04:01:00+00:00,4367.8,4392.8,4333.56,2026-03-23 04:36:00+00:00,2,0,0.5524932742118835,0.183049738407135,30.0,25.0,30,2026-03-23 04:36:00+00:00,4375.25,timeout,-7.449999999999818,down
2026-03-23 04:37:00+00:00,4374.73,4399.73,4272.93,2026-03-23 06:30:00+00:00,17,0,0.5365215539932251,0.15788346529006958,30.0,25.0,30,2026-03-23 06:02:00+00:00,4294.12,reverse_signal,80.60999999999967,down
2026-03-23 06:03:00+00:00,4293.99,4268.99,4323.99,2026-03-23 06:37:00+00:00,3,0,0.6715394854545593,0.5940327644348145,30.0,25.0,30,2026-03-23 06:14:00+00:00,4294.79,reverse_signal,0.8000000000001819,up
2026-03-23 06:15:00+00:00,4294.88,4319.88,4264.88,2026-03-23 06:45:00+00:00,0,0,0.7238916158676147,0.35752755403518677,30.0,25.0,30,2026-03-23 06:16:00+00:00,4291.02,reverse_signal,3.8599999999996726,down
2026-03-23 06:17:00+00:00,4291.18,4266.18,4321.18,2026-03-23 06:57:00+00:00,5,0,0.7428196668624878,0.7142094373703003,30.0,25.0,30,2026-03-23 06:28:00+00:00,4266.18,stop_loss,-25.0,up
2026-03-23 06:29:00+00:00,4251.92,4226.92,4281.92,2026-03-23 06:59:00+00:00,1,0,0.8047780394554138,0.8487343192100525,30.0,25.0,30,2026-03-23 06:32:00+00:00,4226.92,stop_loss,-25.0,up
2026-03-23 06:33:00+00:00,4226.87,4201.87,4267.46,2026-03-23 07:12:00+00:00,5,0,0.8048656582832336,0.884560763835907,30.0,25.0,30,2026-03-23 06:43:00+00:00,4201.87,stop_loss,-25.0,up
2026-03-23 06:44:00+00:00,4197.9,4172.9,4227.9,2026-03-23 07:16:00+00:00,3,0,0.8097906112670898,0.8337877988815308,30.0,25.0,30,2026-03-23 06:47:00+00:00,4172.9,stop_loss,-25.0,up
2026-03-23 06:48:00+00:00,4170.75,4145.75,4258.42,2026-03-23 07:37:00+00:00,16,0,0.6712985038757324,0.9467537999153137,30.0,25.0,30,2026-03-23 07:08:00+00:00,4145.75,stop_loss,-25.0,up
2026-03-23 07:09:00+00:00,4144.16,4119.16,4194.71,2026-03-23 07:47:00+00:00,8,0,0.6845109462738037,0.9316034317016602,30.0,25.0,30,2026-03-23 07:18:00+00:00,4119.16,stop_loss,-25.0,up
2026-03-23 07:19:00+00:00,4115.54,4090.54,4283.66,2026-03-23 08:57:00+00:00,49,0,0.5902234315872192,0.9688406586647034,30.0,25.0,30,2026-03-23 08:32:00+00:00,4259.96,reverse_signal,144.42000000000007,up
2026-03-23 08:33:00+00:00,4259.24,4284.24,4203.12,2026-03-23 09:45:00+00:00,22,0,0.7371297478675842,0.402966171503067,30.0,25.0,30,2026-03-23 09:16:00+00:00,4284.24,stop_loss,-25.0,down
2026-03-23 10:03:00+00:00,4257.42,4282.42,4227.42,2026-03-23 11:06:00+00:00,15,0,0.7919778227806091,0.24601368606090546,30.0,25.0,30,2026-03-23 10:37:00+00:00,4245.87,reverse_signal,11.550000000000182,down
2026-03-23 10:38:00+00:00,4245.85,4220.85,4282.18,2026-03-23 11:11:00+00:00,1,0,0.7834064960479736,0.556414783000946,30.0,25.0,30,2026-03-23 10:49:00+00:00,4261.05,reverse_signal,15.199999999999818,up
2026-03-23 10:50:00+00:00,4261.07,4286.07,4231.07,2026-03-23 11:29:00+00:00,3,0,0.84885573387146,0.3545570373535156,30.0,25.0,30,2026-03-23 11:00:00+00:00,4286.07,stop_loss,-25.0,down
2026-03-23 12:01:00+00:00,4365.96,4390.96,4330.44,2026-03-23 12:33:00+00:00,2,0,0.7493389844894409,0.3651019334793091,30.0,25.0,30,2026-03-23 12:05:00+00:00,4345.17,reverse_signal,20.789999999999964,down
2026-03-23 12:06:00+00:00,4345.16,4320.16,4385.04,2026-03-23 12:38:00+00:00,3,0,0.6903334856033325,0.7127580642700195,30.0,25.0,30,2026-03-23 12:09:00+00:00,4369.33,reverse_signal,24.170000000000073,up
2026-03-23 12:10:00+00:00,4369.76,4394.76,4323.69,2026-03-23 12:48:00+00:00,8,0,0.7100266218185425,0.2793255150318146,30.0,25.0,30,2026-03-23 12:19:00+00:00,4394.76,stop_loss,-25.0,down
2026-03-23 12:20:00+00:00,4399.63,4424.63,4352.65,2026-03-23 13:08:00+00:00,11,0,0.8367434144020081,0.14825478196144104,30.0,25.0,30,2026-03-23 12:41:00+00:00,4424.63,stop_loss,-25.0,down
2026-03-23 12:42:00+00:00,4423.52,4448.52,4393.52,2026-03-23 13:12:00+00:00,1,0,0.8217410445213318,0.057205647230148315,30.0,25.0,30,2026-03-23 12:46:00+00:00,4448.52,stop_loss,-25.0,down
2026-03-23 12:47:00+00:00,4448.65,4473.65,4418.65,2026-03-23 13:19:00+00:00,1,0,0.6704785823822021,0.2575758993625641,30.0,25.0,30,2026-03-23 12:50:00+00:00,4473.65,stop_loss,-25.0,down
2026-03-23 12:52:00+00:00,4474.44,4499.44,4377.04,2026-03-23 14:51:00+00:00,65,0,0.7512081265449524,0.20689773559570312,30.0,25.0,30,2026-03-23 14:23:00+00:00,4499.44,stop_loss,-25.0,down
2026-03-23 16:31:00+00:00,4363.96,4388.96,4333.96,2026-03-23 17:14:00+00:00,9,0,0.6814984679222107,0.17842240631580353,30.0,25.0,30,2026-03-23 16:46:00+00:00,4388.96,stop_loss,-25.0,down
2026-03-23 16:49:00+00:00,4375.11,4400.11,4345.11,2026-03-23 17:37:00+00:00,8,0,0.5049577951431274,0.10153909772634506,30.0,25.0,30,2026-03-23 17:08:00+00:00,4400.11,stop_loss,-25.0,down
2026-03-23 18:01:00+00:00,4420.92,4445.92,4377.42,2026-03-23 19:04:00+00:00,16,0,0.5581303238868713,0.04994678124785423,30.0,25.0,30,2026-03-23 18:35:00+00:00,4445.92,stop_loss,-25.0,down
2026-03-23 18:37:00+00:00,4448.14,4473.14,4417.61,2026-03-23 19:24:00+00:00,8,0,0.7039663195610046,0.11623454093933105,30.0,25.0,30,2026-03-23 19:13:00+00:00,4417.61,target_hit,30.530000000000655,down
2026-03-23 19:45:00+00:00,4416.46,4441.46,4370.31,2026-03-23 20:28:00+00:00,8,0,0.578450083732605,0.14213180541992188,30.0,25.0,30,2026-03-23 20:00:00+00:00,4385.41,reverse_signal,31.050000000000182,down
2026-03-23 20:01:00+00:00,4385.85,4360.85,4415.85,2026-03-23 20:31:00+00:00,0,0,0.6826359033584595,0.6787500977516174,30.0,25.0,30,2026-03-23 20:01:00+00:00,4390.65,reverse_signal,4.799999999999272,up
2026-03-23 20:02:00+00:00,4390.66,4415.66,4360.66,2026-03-23 20:39:00+00:00,1,0,0.5440046787261963,0.3870336711406708,30.0,25.0,30,2026-03-23 20:39:00+00:00,4405.62,timeout,-14.960000000000036,down
2026-03-23 22:04:00+00:00,4406.73,4431.73,4345.73,2026-03-23 23:01:00+00:00,11,0,0.5272647142410278,0.23644359409809113,30.0,25.0,30,2026-03-23 23:01:00+00:00,4427.6,timeout,-20.8700000000008,down
2026-03-24 01:02:00+00:00,4372.33,4397.33,4301.35,2026-03-24 02:11:00+00:00,23,0,0.8398428559303284,0.17904891073703766,30.0,25.0,30,2026-03-24 01:43:00+00:00,4326.62,reverse_signal,45.710000000000036,down
2026-03-24 01:44:00+00:00,4327.11,4302.11,4357.11,2026-03-24 02:20:00+00:00,5,0,0.680176854133606,0.591176450252533,30.0,25.0,30,2026-03-24 01:59:00+00:00,4322.34,reverse_signal,-4.769999999999527,up
2026-03-24 02:00:00+00:00,4322.44,4347.44,4283.93,2026-03-24 02:40:00+00:00,6,0,0.6440181136131287,0.2384330779314041,30.0,25.0,30,2026-03-24 02:22:00+00:00,4347.44,stop_loss,-25.0,down
2026-03-24 02:26:00+00:00,4341.53,4366.53,4307.64,2026-03-24 03:02:00+00:00,2,0,0.5006825923919678,0.20736151933670044,30.0,25.0,30,2026-03-24 02:33:00+00:00,4366.53,stop_loss,-25.0,down
2026-03-24 02:41:00+00:00,4356.1,4381.1,4326.1,2026-03-24 03:18:00+00:00,3,0,0.5998854041099548,0.3869619369506836,30.0,25.0,30,2026-03-24 03:18:00+00:00,4362.44,timeout,-6.339999999999236,down
2026-03-24 04:20:00+00:00,4330.58,4355.58,4300.58,2026-03-24 04:52:00+00:00,1,0,0.5205604434013367,0.36570900678634644,30.0,25.0,30,2026-03-24 04:52:00+00:00,4347.89,timeout,-17.3100000000004,down
2026-03-24 05:42:00+00:00,4371.18,4396.18,4322.21,2026-03-24 06:25:00+00:00,8,0,0.7108829021453857,0.3568862974643707,30.0,25.0,30,2026-03-24 05:56:00+00:00,4351.23,reverse_signal,19.950000000000728,down
2026-03-24 05:57:00+00:00,4351.06,4326.06,4381.06,2026-03-24 06:27:00+00:00,0,0,0.7293195724487305,0.5576967000961304,30.0,25.0,30,2026-03-24 05:57:00+00:00,4345.71,reverse_signal,-5.350000000000364,up
2026-03-24 05:58:00+00:00,4345.76,4370.76,4315.76,2026-03-24 06:38:00+00:00,3,0,0.7300888299942017,0.41920796036720276,30.0,25.0,30,2026-03-24 06:09:00+00:00,4370.76,stop_loss,-25.0,down
2026-03-24 06:11:00+00:00,4375.1,4400.1,4330.33,2026-03-24 07:07:00+00:00,4,0,0.5364433526992798,0.3057525157928467,30.0,25.0,30,2026-03-24 06:56:00+00:00,4400.1,stop_loss,-25.0,down
2026-03-24 08:21:00+00:00,4396.94,4421.94,4366.94,2026-03-24 08:51:00+00:00,0,0,0.5782632231712341,0.14784865081310272,30.0,25.0,30,2026-03-24 08:51:00+00:00,4402.71,timeout,-5.770000000000437,down
2026-03-24 11:02:00+00:00,4388.5,4413.5,4358.5,2026-03-24 11:32:00+00:00,0,0,0.6813517808914185,0.20162922143936157,30.0,25.0,30,2026-03-24 11:03:00+00:00,4413.5,stop_loss,-25.0,down
2026-03-24 11:04:00+00:00,4414.94,4439.94,4327.02,2026-03-24 15:25:00+00:00,46,0,0.5245605111122131,0.11476228386163712,30.0,25.0,30,2026-03-24 15:25:00+00:00,4418.91,timeout,-3.9700000000002547,down
2026-03-24 15:41:00+00:00,4427.56,4452.56,4397.56,2026-03-24 16:11:00+00:00,0,0,0.5711237192153931,0.12047351151704788,30.0,25.0,30,2026-03-24 16:11:00+00:00,4410.24,timeout,17.32000000000062,down
2026-03-24 20:23:00+00:00,4430.88,4405.88,4466.21,2026-03-24 20:53:00+00:00,1,0,0.5607928037643433,0.644559919834137,30.0,25.0,30,2026-03-24 20:24:00+00:00,4466.21,target_hit,35.32999999999993,up
2026-03-24 20:26:00+00:00,4475.29,4450.29,4505.29,2026-03-24 20:58:00+00:00,1,0,0.6369270086288452,0.6086549758911133,30.0,25.0,30,2026-03-24 20:29:00+00:00,4450.29,stop_loss,-25.0,up
2026-03-24 20:32:00+00:00,4452.76,4427.76,4511.02,2026-03-24 21:25:00+00:00,11,0,0.610211968421936,0.7177826762199402,30.0,25.0,30,2026-03-24 22:01:00+00:00,4474.73,timeout,21.969999999999345,up
2026-03-24 22:06:00+00:00,4485.43,4460.43,4515.43,2026-03-24 22:36:00+00:00,0,0,0.6200282573699951,0.6595121622085571,30.0,25.0,30,2026-03-24 22:30:00+00:00,4460.43,stop_loss,-25.0,up
2026-03-24 23:40:00+00:00,4546.32,4521.32,4579.5,2026-03-25 00:21:00+00:00,6,0,0.5804427862167358,0.7800667881965637,30.0,25.0,30,2026-03-24 23:55:00+00:00,4546.35,reverse_signal,0.030000000000654836,up
2026-03-24 23:56:00+00:00,4546.06,4571.06,4516.06,2026-03-25 00:26:00+00:00,0,0,0.653641939163208,0.3197585940361023,30.0,25.0,30,2026-03-24 23:57:00+00:00,4549.84,reverse_signal,-3.7799999999997453,down
2026-03-24 23:58:00+00:00,4549.83,4524.83,4579.83,2026-03-25 00:28:00+00:00,0,0,0.6149831414222717,0.5513439178466797,30.0,25.0,30,2026-03-24 23:58:00+00:00,4544.86,reverse_signal,-4.970000000000255,up
2026-03-24 23:59:00+00:00,4544.83,4569.83,4511.6,2026-03-25 00:35:00+00:00,3,0,0.6448141932487488,0.3580297529697418,30.0,25.0,30,2026-03-25 00:35:00+00:00,4560.48,timeout,-15.649999999999636,down
2026-03-25 01:06:00+00:00,4571.11,4596.11,4537.88,2026-03-25 01:38:00+00:00,2,0,0.5837645530700684,0.18854932487010956,30.0,25.0,30,2026-03-25 01:38:00+00:00,4588.99,timeout,-17.88000000000011,down
2026-03-25 12:29:00+00:00,4542.28,4567.28,4512.28,2026-03-25 12:59:00+00:00,0,0,0.5123340487480164,0.39142972230911255,30.0,25.0,30,2026-03-25 12:59:00+00:00,4544.43,timeout,-2.1500000000005457,down
2026-03-25 20:41:00+00:00,4498.38,4523.38,4468.38,2026-03-25 21:11:00+00:00,1,0,0.5134506225585938,0.27881184220314026,30.0,25.0,30,2026-03-25 22:01:00+00:00,4514.49,timeout,-16.109999999999673,down
2026-03-25 23:38:00+00:00,4491.89,4516.89,4461.89,2026-03-26 00:08:00+00:00,0,0,0.5539534687995911,0.10462158173322678,30.0,25.0,30,2026-03-26 00:06:00+00:00,4516.89,stop_loss,-25.0,down
2026-03-26 05:54:00+00:00,4463.92,4488.92,4433.92,2026-03-26 06:24:00+00:00,0,0,0.560438334941864,0.3485119640827179,30.0,25.0,30,2026-03-26 05:57:00+00:00,4449.91,reverse_signal,14.010000000000218,down
2026-03-26 05:58:00+00:00,4449.97,4424.97,4479.97,2026-03-26 06:33:00+00:00,3,0,0.5170484185218811,0.794150173664093,30.0,25.0,30,2026-03-26 06:06:00+00:00,4424.97,stop_loss,-25.0,up
2026-03-26 06:07:00+00:00,4426.08,4401.08,4466.33,2026-03-26 06:40:00+00:00,2,0,0.520148754119873,0.8931675553321838,30.0,25.0,30,2026-03-26 06:40:00+00:00,4444.15,timeout,18.06999999999971,up
2026-03-26 08:14:00+00:00,4445.05,4470.05,4389.91,2026-03-26 09:37:00+00:00,19,0,0.5607621669769287,0.13553310930728912,30.0,25.0,30,2026-03-26 09:37:00+00:00,4421.05,timeout,24.0,down
2026-03-26 11:51:00+00:00,4421.04,4446.04,4391.04,2026-03-26 12:39:00+00:00,2,0,0.5892115235328674,0.43627288937568665,30.0,25.0,30,2026-03-26 12:13:00+00:00,4446.04,stop_loss,-25.0,down
2026-03-26 12:57:00+00:00,4429.77,4454.77,4396.26,2026-03-26 14:09:00+00:00,8,0,0.6439974904060364,0.35036158561706543,30.0,25.0,30,2026-03-26 13:41:00+00:00,4433.73,reverse_signal,-3.959999999999127,down
2026-03-26 13:42:00+00:00,4433.75,4408.75,4463.75,2026-03-26 14:12:00+00:00,0,0,0.7354114055633545,0.5715049505233765,30.0,25.0,30,2026-03-26 13:43:00+00:00,4443.52,reverse_signal,9.770000000000437,up
2026-03-26 13:44:00+00:00,4443.7,4468.7,4413.63,2026-03-26 14:38:00+00:00,3,0,0.6765722036361694,0.3591012954711914,30.0,25.0,30,2026-03-26 14:11:00+00:00,4438.87,reverse_signal,4.829999999999927,down
2026-03-26 20:13:00+00:00,4398.07,4423.07,4362.82,2026-03-26 21:03:00+00:00,9,0,0.5140203237533569,0.24562311172485352,30.0,25.0,30,2026-03-26 20:39:00+00:00,4420.13,reverse_signal,-22.0600000000004,down
2026-03-26 20:40:00+00:00,4420.15,4395.15,4450.15,2026-03-26 21:10:00+00:00,0,0,0.5198980569839478,0.6354684233665466,30.0,25.0,30,2026-03-26 20:41:00+00:00,4412.85,reverse_signal,-7.299999999999272,up
2026-03-26 20:42:00+00:00,4412.56,4437.56,4364.66,2026-03-26 21:20:00+00:00,1,0,0.5245233774185181,0.38272297382354736,30.0,25.0,30,2026-03-26 20:53:00+00:00,4376.74,reverse_signal,35.82000000000062,down
2026-03-26 20:54:00+00:00,4376.79,4351.79,4406.79,2026-03-26 21:24:00+00:00,0,0,0.5553456544876099,0.5738465189933777,30.0,25.0,30,2026-03-26 22:01:00+00:00,4384.15,timeout,7.359999999999673,up
2026-03-26 22:03:00+00:00,4387.56,4412.56,4357.56,2026-03-26 22:33:00+00:00,0,0,0.5566108822822571,0.42688149213790894,30.0,25.0,30,2026-03-26 22:33:00+00:00,4407.33,timeout,-19.769999999999527,down
2026-03-27 05:36:00+00:00,4464.8,4489.8,4434.8,2026-03-27 06:06:00+00:00,0,0,0.5110913515090942,0.3098711371421814,30.0,25.0,30,2026-03-27 06:06:00+00:00,4457.36,timeout,7.440000000000509,down
2026-03-27 14:13:00+00:00,4456.58,4481.58,4422.54,2026-03-27 15:17:00+00:00,5,0,0.6284254193305969,0.2311679869890213,30.0,25.0,30,2026-03-27 14:50:00+00:00,4481.58,stop_loss,-25.0,down
2026-03-27 14:51:00+00:00,4484.05,4509.05,4454.05,2026-03-27 15:21:00+00:00,1,0,0.5136424899101257,0.26034626364707947,30.0,25.0,30,2026-03-27 14:56:00+00:00,4509.05,stop_loss,-25.0,down
2026-03-27 16:33:00+00:00,4518.49,4543.49,4488.49,2026-03-27 17:03:00+00:00,0,0,0.5526250004768372,0.4148640036582947,30.0,25.0,30,2026-03-27 17:03:00+00:00,4512.19,timeout,6.300000000000182,down
2026-03-29 22:09:00+00:00,4486.59,4461.59,4526.76,2026-03-29 23:14:00+00:00,6,0,0.5851167440414429,0.7782475352287292,30.0,25.0,30,2026-03-29 23:06:00+00:00,4470.02,reverse_signal,-16.56999999999971,up
2026-03-29 23:07:00+00:00,4469.74,4494.74,4394.65,2026-03-30 01:45:00+00:00,38,0,0.5288281440734863,0.35823705792427063,30.0,25.0,30,2026-03-30 01:45:00+00:00,4473.4,timeout,-3.6599999999998545,down
2026-03-30 11:43:00+00:00,4546.92,4571.92,4516.92,2026-03-30 12:13:00+00:00,0,0,0.5813888907432556,0.17143064737319946,30.0,25.0,30,2026-03-30 11:44:00+00:00,4566.67,reverse_signal,-19.75,down
2026-03-30 11:45:00+00:00,4566.66,4541.66,4596.66,2026-03-30 12:15:00+00:00,0,0,0.5704021453857422,0.5550126433372498,30.0,25.0,30,2026-03-30 12:15:00+00:00,4557.23,timeout,-9.430000000000291,up
2026-03-30 13:06:00+00:00,4567.21,4592.21,4532.14,2026-03-30 13:50:00+00:00,4,0,0.5884376168251038,0.3157530725002289,30.0,25.0,30,2026-03-30 13:35:00+00:00,4550.31,reverse_signal,16.899999999999636,down
2026-03-30 13:36:00+00:00,4549.94,4524.94,4579.94,2026-03-30 14:06:00+00:00,0,0,0.5313918590545654,0.6215740442276001,30.0,25.0,30,2026-03-30 13:58:00+00:00,4524.94,stop_loss,-25.0,up
2026-03-31 01:43:00+00:00,4602.71,4627.71,4572.71,2026-03-31 02:26:00+00:00,3,0,0.5248739123344421,0.41181081533432007,30.0,25.0,30,2026-03-31 02:26:00+00:00,4581.56,timeout,21.149999999999636,down
2026-03-31 14:01:00+00:00,4616.54,4591.54,4646.54,2026-03-31 14:31:00+00:00,0,0,0.5402351021766663,0.5695501565933228,30.0,25.0,30,2026-03-31 14:31:00+00:00,4616.47,timeout,-0.06999999999970896,up
2026-03-31 18:09:00+00:00,4662.38,4687.38,4632.38,2026-03-31 18:39:00+00:00,0,0,0.547934889793396,0.40567055344581604,30.0,25.0,30,2026-03-31 18:39:00+00:00,4670.62,timeout,-8.239999999999782,down
2026-04-01 01:05:00+00:00,4704.76,4729.76,4668.59,2026-04-01 01:35:00+00:00,1,0,0.5530586838722229,0.28018611669540405,30.0,25.0,30,2026-04-01 01:11:00+00:00,4704.66,reverse_signal,0.1000000000003638,down
2026-04-01 01:12:00+00:00,4704.67,4679.67,4736.64,2026-04-01 02:10:00+00:00,4,0,0.5234074592590332,0.5548064112663269,30.0,25.0,30,2026-04-01 02:10:00+00:00,4691.6,timeout,-13.069999999999709,up
2026-04-02 01:01:00+00:00,4772.38,4797.38,4682.73,2026-04-02 01:54:00+00:00,14,0,0.530487596988678,0.15848596394062042,30.0,25.0,30,2026-04-02 01:26:00+00:00,4689.56,reverse_signal,82.81999999999971,down
2026-04-02 01:27:00+00:00,4689.57,4664.57,4727.33,2026-04-02 02:01:00+00:00,2,0,0.7923224568367004,0.588670551776886,30.0,25.0,30,2026-04-02 01:32:00+00:00,4664.57,stop_loss,-25.0,up
2026-04-02 01:33:00+00:00,4664.0,4639.0,4732.65,2026-04-02 02:17:00+00:00,9,0,0.8438851833343506,0.7650654315948486,30.0,25.0,30,2026-04-02 01:49:00+00:00,4697.29,reverse_signal,33.289999999999964,up
2026-04-02 01:50:00+00:00,4696.32,4721.32,4649.28,2026-04-02 03:01:00+00:00,18,0,0.8791677355766296,0.3958265483379364,30.0,25.0,30,2026-04-02 02:36:00+00:00,4664.38,reverse_signal,31.9399999999996,down
2026-04-02 02:37:00+00:00,4664.66,4639.66,4706.24,2026-04-02 03:11:00+00:00,1,0,0.5661078691482544,0.5680006742477417,30.0,25.0,30,2026-04-02 03:11:00+00:00,4686.46,timeout,21.800000000000182,up
2026-04-02 05:31:00+00:00,4669.23,4694.23,4587.12,2026-04-02 06:16:00+00:00,7,0,0.6112958788871765,0.3100939393043518,30.0,25.0,30,2026-04-02 05:49:00+00:00,4591.84,reverse_signal,77.38999999999942,down
2026-04-02 05:50:00+00:00,4591.48,4566.48,4636.4,2026-04-02 06:37:00+00:00,7,0,0.6099938154220581,0.8017886877059937,30.0,25.0,30,2026-04-02 06:08:00+00:00,4566.48,stop_loss,-25.0,up
2026-04-02 06:09:00+00:00,4567.71,4542.71,4597.71,2026-04-02 06:40:00+00:00,1,0,0.6203441023826599,0.5632439255714417,30.0,25.0,30,2026-04-02 06:12:00+00:00,4566.62,reverse_signal,-1.0900000000001455,up
2026-04-02 06:13:00+00:00,4566.58,4591.58,4536.58,2026-04-02 06:43:00+00:00,0,0,0.6974190473556519,0.40897122025489807,30.0,25.0,30,2026-04-02 06:13:00+00:00,4576.48,reverse_signal,-9.899999999999636,down
2026-04-02 06:14:00+00:00,4577.02,4552.02,4624.77,2026-04-02 06:50:00+00:00,4,0,0.8128840923309326,0.6310949921607971,30.0,25.0,30,2026-04-02 06:24:00+00:00,4587.34,reverse_signal,10.319999999999709,up
2026-04-02 06:25:00+00:00,4587.3,4612.3,4553.33,2026-04-02 07:29:00+00:00,11,0,0.6157742142677307,0.18565696477890015,30.0,25.0,30,2026-04-02 07:09:00+00:00,4612.3,stop_loss,-25.0,down
2026-04-02 08:50:00+00:00,4627.42,4652.42,4589.18,2026-04-02 09:28:00+00:00,1,0,0.5630249381065369,0.1651618331670761,30.0,25.0,30,2026-04-02 09:28:00+00:00,4623.34,timeout,4.079999999999927,down
2026-04-02 10:07:00+00:00,4628.66,4653.66,4577.24,2026-04-02 11:25:00+00:00,7,0,0.5459603667259216,0.15250353515148163,30.0,25.0,30,2026-04-02 11:25:00+00:00,4629.54,timeout,-0.8800000000001091,down
2026-04-02 11:32:00+00:00,4611.51,4586.51,4641.51,2026-04-02 12:12:00+00:00,1,0,0.574093222618103,0.5963254570960999,30.0,25.0,30,2026-04-02 11:57:00+00:00,4599.48,reverse_signal,-12.030000000000655,up
2026-04-02 11:58:00+00:00,4599.43,4624.43,4569.43,2026-04-02 12:38:00+00:00,2,0,0.5872159004211426,0.39076682925224304,30.0,25.0,30,2026-04-02 12:21:00+00:00,4623.3,reverse_signal,-23.86999999999989,down
2026-04-02 12:22:00+00:00,4623.59,4598.59,4653.59,2026-04-02 12:52:00+00:00,0,0,0.5735346078872681,0.5529825687408447,30.0,25.0,30,2026-04-02 12:52:00+00:00,4625.54,timeout,1.949999999999818,up
2026-04-02 12:54:00+00:00,4622.67,4647.67,4586.53,2026-04-02 13:25:00+00:00,1,0,0.5330566763877869,0.3849012851715088,30.0,25.0,30,2026-04-02 12:58:00+00:00,4606.48,reverse_signal,16.19000000000051,down
2026-04-02 12:59:00+00:00,4606.5,4581.5,4636.5,2026-04-02 13:29:00+00:00,1,0,0.5725265145301819,0.6153279542922974,30.0,25.0,30,2026-04-02 13:00:00+00:00,4581.5,stop_loss,-25.0,up
2026-04-02 13:01:00+00:00,4585.3,4560.3,4659.22,2026-04-02 14:18:00+00:00,26,0,0.8422935009002686,0.7708736062049866,30.0,25.0,30,2026-04-02 13:56:00+00:00,4637.63,reverse_signal,52.32999999999993,up
2026-04-02 13:57:00+00:00,4637.76,4662.76,4606.03,2026-04-02 14:47:00+00:00,11,0,0.5523648262023926,0.4385298192501068,30.0,25.0,30,2026-04-02 14:18:00+00:00,4662.76,stop_loss,-25.0,down
2026-04-05 22:03:00+00:00,4647.18,4622.18,4677.18,2026-04-05 22:36:00+00:00,2,0,0.5976130962371826,0.6426894068717957,30.0,25.0,30,2026-04-05 22:10:00+00:00,4622.18,stop_loss,-25.0,up
2026-04-05 22:12:00+00:00,4623.27,4598.27,4660.29,2026-04-05 22:42:00+00:00,1,0,0.6789579391479492,0.584482729434967,30.0,25.0,30,2026-04-05 22:42:00+00:00,4641.36,timeout,18.089999999999236,up
2026-04-05 22:48:00+00:00,4621.05,4646.05,4591.05,2026-04-05 23:18:00+00:00,0,0,0.8027640581130981,0.1940261274576187,30.0,25.0,30,2026-04-05 22:48:00+00:00,4646.05,stop_loss,-25.0,down
2026-04-05 22:49:00+00:00,4639.5,4664.5,4599.69,2026-04-05 23:27:00+00:00,3,0,0.8515704274177551,0.33414986729621887,30.0,25.0,30,2026-04-05 23:01:00+00:00,4645.65,reverse_signal,-6.149999999999636,down
2026-04-05 23:02:00+00:00,4645.02,4620.02,4675.02,2026-04-05 23:32:00+00:00,0,0,0.7330273389816284,0.5945121645927429,30.0,25.0,30,2026-04-05 23:02:00+00:00,4640.23,reverse_signal,-4.790000000000873,up
2026-04-05 23:03:00+00:00,4641.58,4666.58,4611.58,2026-04-05 23:33:00+00:00,0,0,0.6145645976066589,0.43389564752578735,30.0,25.0,30,2026-04-05 23:25:00+00:00,4611.58,target_hit,30.0,down
2026-04-05 23:27:00+00:00,4615.56,4640.56,4580.08,2026-04-05 23:59:00+00:00,1,0,0.6180708408355713,0.14768366515636444,30.0,25.0,30,2026-04-05 23:59:00+00:00,4611.22,timeout,4.3400000000001455,down
2026-04-07 02:02:00+00:00,4626.2,4651.2,4596.2,2026-04-07 02:32:00+00:00,0,0,0.5012993216514587,0.3457230031490326,30.0,25.0,30,2026-04-07 02:32:00+00:00,4637.75,timeout,-11.550000000000182,down
2026-04-07 05:31:00+00:00,4626.67,4651.67,4596.67,2026-04-07 06:16:00+00:00,4,0,0.7272132039070129,0.1373153030872345,30.0,25.0,30,2026-04-07 06:16:00+00:00,4645.82,timeout,-19.149999999999636,down
2026-04-07 14:07:00+00:00,4610.09,4635.09,4579.96,2026-04-07 14:47:00+00:00,3,0,0.5641335844993591,0.11399877071380615,30.0,25.0,30,2026-04-07 14:23:00+00:00,4635.09,stop_loss,-25.0,down
2026-04-07 22:03:00+00:00,4737.38,4712.38,4851.77,2026-04-07 23:35:00+00:00,22,0,0.7464035749435425,0.7755460143089294,30.0,25.0,30,2026-04-07 23:35:00+00:00,4810.16,timeout,72.77999999999975,up
2026-04-07 23:59:00+00:00,4835.05,4860.05,4798.61,2026-04-08 00:50:00+00:00,6,0,0.5683106780052185,0.38195449113845825,30.0,25.0,30,2026-04-08 00:50:00+00:00,4819.48,timeout,15.570000000000618,down
2026-04-08 01:00:00+00:00,4817.34,4842.34,4761.87,2026-04-08 02:03:00+00:00,10,0,0.5721345543861389,0.17005985975265503,30.0,25.0,30,2026-04-08 02:03:00+00:00,4819.86,timeout,-2.519999999999527,down
2026-04-08 13:35:00+00:00,4783.03,4808.03,4748.0,2026-04-08 14:08:00+00:00,2,0,0.5787121653556824,0.167152538895607,30.0,25.0,30,2026-04-08 14:08:00+00:00,4780.74,timeout,2.2899999999999636,down
2026-04-08 15:01:00+00:00,4743.55,4768.55,4713.55,2026-04-08 15:31:00+00:00,0,0,0.5052792429924011,0.2596014440059662,30.0,25.0,30,2026-04-08 15:31:00+00:00,4752.83,timeout,-9.279999999999745,down
2026-04-12 22:08:00+00:00,4678.58,4653.58,4709.27,2026-04-12 22:54:00+00:00,7,0,0.5400393009185791,0.817474901676178,30.0,25.0,30,2026-04-12 22:25:00+00:00,4653.58,stop_loss,-25.0,up
2026-04-12 22:26:00+00:00,4650.73,4625.73,4685.58,2026-04-12 23:03:00+00:00,4,0,0.632858395576477,0.8624865412712097,30.0,25.0,30,2026-04-12 23:03:00+00:00,4659.95,timeout,9.220000000000255,up
2026-04-19 22:05:00+00:00,4775.44,4750.44,4817.8,2026-04-19 22:40:00+00:00,2,0,0.5280681848526001,0.8496844172477722,30.0,25.0,30,2026-04-19 22:40:00+00:00,4783.31,timeout,7.8700000000008,up
2026-04-19 23:44:00+00:00,4750.77,4775.77,4715.71,2026-04-20 00:24:00+00:00,3,0,0.6181455254554749,0.30816394090652466,30.0,25.0,30,2026-04-20 00:24:00+00:00,4763.11,timeout,-12.339999999999236,down
2026-04-28 11:37:00+00:00,4581.23,4606.23,4546.4,2026-04-28 12:07:00+00:00,1,0,0.5766330361366272,0.08491232246160507,30.0,25.0,30,2026-04-28 12:07:00+00:00,4570.39,timeout,10.839999999999236,down
2026-04-28 14:03:00+00:00,4569.56,4594.56,4536.08,2026-04-28 14:36:00+00:00,2,0,0.5569356083869934,0.11388254165649414,30.0,25.0,30,2026-04-28 14:36:00+00:00,4565.24,timeout,4.3200000000006185,down
2026-04-28 14:42:00+00:00,4564.15,4589.15,4534.15,2026-04-28 15:12:00+00:00,0,0,0.5314177870750427,0.1313536912202835,30.0,25.0,30,2026-04-28 15:12:00+00:00,4574.68,timeout,-10.530000000000655,down
2026-04-29 13:41:00+00:00,4518.8,4543.8,4488.8,2026-04-29 14:20:00+00:00,1,0,0.5433230400085449,0.04744258150458336,30.0,25.0,30,2026-04-29 14:20:00+00:00,4533.98,timeout,-15.179999999999382,down
2026-04-30 08:06:00+00:00,4622.79,4597.79,4652.79,2026-04-30 08:36:00+00:00,0,0,0.5187335014343262,0.7848914861679077,30.0,25.0,30,2026-04-30 08:36:00+00:00,4614.76,timeout,-8.029999999999745,up
2026-05-06 08:51:00+00:00,4695.53,4720.53,4665.53,2026-05-06 09:21:00+00:00,0,0,0.5251074433326721,0.3701545298099518,30.0,25.0,30,2026-05-06 09:21:00+00:00,4696.04,timeout,-0.5100000000002183,down
2026-05-06 10:55:00+00:00,4721.3,4746.3,4686.96,2026-05-06 11:27:00+00:00,2,0,0.5948825478553772,0.324820339679718,30.0,25.0,30,2026-05-06 11:27:00+00:00,4710.85,timeout,10.449999999999818,down
2026-05-06 13:16:00+00:00,4687.06,4712.06,4657.06,2026-05-06 14:04:00+00:00,2,0,0.5286606550216675,0.197098970413208,30.0,25.0,30,2026-05-06 14:04:00+00:00,4706.08,timeout,-19.019999999999527,down
2026-05-11 01:01:00+00:00,4677.96,4652.96,4707.96,2026-05-11 01:31:00+00:00,0,0,0.56732577085495,0.573838472366333,30.0,25.0,30,2026-05-11 01:31:00+00:00,4694.37,timeout,16.409999999999854,up
2026-05-15 01:10:00+00:00,4609.92,4584.92,4639.92,2026-05-15 01:40:00+00:00,0,0,0.6345077753067017,0.5672703385353088,30.0,25.0,30,2026-05-15 01:40:00+00:00,4618.84,timeout,8.920000000000073,up
2026-05-15 05:19:00+00:00,4584.39,4609.39,4528.81,2026-05-15 06:29:00+00:00,12,0,0.5184284448623657,0.10497404634952545,30.0,25.0,30,2026-05-15 06:29:00+00:00,4575.19,timeout,9.200000000000728,down
2026-05-15 13:13:00+00:00,4544.05,4569.05,4482.41,2026-05-15 14:30:00+00:00,8,0,0.5207083225250244,0.05811489000916481,30.0,25.0,30,2026-05-15 14:30:00+00:00,4558.64,timeout,-14.590000000000146,down
2026-05-18 01:01:00+00:00,4505.42,4530.42,4464.25,2026-05-18 01:32:00+00:00,2,0,0.6864672303199768,0.2772761285305023,30.0,25.0,30,2026-05-18 01:14:00+00:00,4496.31,reverse_signal,9.109999999999673,down
2026-05-18 01:15:00+00:00,4495.93,4470.93,4525.93,2026-05-18 01:50:00+00:00,1,0,0.6714023351669312,0.5700337290763855,30.0,25.0,30,2026-05-18 01:21:00+00:00,4498.95,reverse_signal,3.019999999999527,up
2026-05-18 01:22:00+00:00,4498.89,4523.89,4468.89,2026-05-18 01:54:00+00:00,1,0,0.6286880373954773,0.402130663394928,30.0,25.0,30,2026-05-18 01:28:00+00:00,4503.71,reverse_signal,-4.819999999999709,down
2026-05-18 01:29:00+00:00,4503.76,4478.76,4533.76,2026-05-18 01:59:00+00:00,0,0,0.5103433132171631,0.5744485855102539,30.0,25.0,30,2026-05-18 01:51:00+00:00,4533.76,target_hit,30.0,up
2026-05-19 14:01:00+00:00,4497.84,4522.84,4455.68,2026-05-19 14:51:00+00:00,3,0,0.5356917977333069,0.11308141052722931,30.0,25.0,30,2026-05-19 14:51:00+00:00,4492.16,timeout,5.680000000000291,down
2026-05-20 01:30:00+00:00,4473.8,4448.8,4503.8,2026-05-20 02:04:00+00:00,1,0,0.5233856439590454,0.5827562808990479,30.0,25.0,30,2026-05-20 01:36:00+00:00,4460.54,reverse_signal,-13.260000000000218,up
2026-05-20 01:37:00+00:00,4460.4,4485.4,4430.4,2026-05-20 02:08:00+00:00,1,0,0.7311708927154541,0.28295546770095825,30.0,25.0,30,2026-05-20 01:50:00+00:00,4485.4,stop_loss,-25.0,down
2026-05-26 11:37:00+00:00,4514.55,4539.55,4476.83,2026-05-26 12:12:00+00:00,2,0,0.5386768579483032,0.1431628167629242,30.0,25.0,30,2026-05-26 12:12:00+00:00,4511.5,timeout,3.050000000000182,down
2026-05-27 13:01:00+00:00,4430.35,4455.35,4375.96,2026-05-27 14:01:00+00:00,14,0,0.502271831035614,0.06306363642215729,30.0,25.0,30,2026-05-27 14:01:00+00:00,4432.81,timeout,-2.4600000000000364,down
2026-06-03 13:43:00+00:00,4435.51,4460.51,4401.78,2026-06-03 14:15:00+00:00,1,0,0.6030176281929016,0.2696232795715332,30.0,25.0,30,2026-06-03 14:15:00+00:00,4453.22,timeout,-17.710000000000036,down
2026-06-05 13:02:00+00:00,4416.87,4391.87,4446.87,2026-06-05 13:32:00+00:00,1,0,0.6856437921524048,0.5765920877456665,30.0,25.0,30,2026-06-05 13:06:00+00:00,4410.08,reverse_signal,-6.789999999999964,up
2026-06-05 13:07:00+00:00,4410.36,4435.36,4349.51,2026-06-05 14:26:00+00:00,13,0,0.7546707987785339,0.2932068109512329,30.0,25.0,30,2026-06-05 13:59:00+00:00,4365.77,reverse_signal,44.589999999999236,down
2026-06-05 14:00:00+00:00,4365.74,4340.74,4408.09,2026-06-05 14:32:00+00:00,2,0,0.7315003871917725,0.5604590773582458,30.0,25.0,30,2026-06-05 14:04:00+00:00,4372.17,reverse_signal,6.430000000000291,up
2026-06-05 14:05:00+00:00,4372.18,4397.18,4324.24,2026-06-05 14:55:00+00:00,6,0,0.609330952167511,0.2768692672252655,30.0,25.0,30,2026-06-05 14:55:00+00:00,4365.01,timeout,7.170000000000073,down
